{
  "type": "FeatureCollection",
  "generator": "overpass-turbo",
  "copyright": "The data included in this document is from www.openstreetmap.org. The data is made available under ODbL.",
  "timestamp": "2026-09-04T12:47:43Z",
  "features": [
    {
      "type": "Feature",
      "properties": {
        "@id": "relation/1268663",
        "name": "Réservoir du Barrage Al Hassan Addakhil",
        "name:fr": "Réservoir du Barrage Al Hassan Addakhil",
        "natural": "water",
        "tourism": "attraction",
        "type": "multipolygon",
        "water": "reservoir"
      },
      "geometry": {
        "type": "Polygon",
        "coordinates": [
          [
            [
              -4.4162497,
              32.0236418
            ],
            [
              -4.4148883,
              32.0196717
            ],
            [
              -4.4149717,
              32.0163035
            ],
            [
              -4.4190598,
              32.012165
            ],
            [
              -4.4223898,
              32.0115161
            ],
            [
              -4.4247365,
              32.0117738
            ],
            [
              -4.4265347,
              32.0126053
            ],
            [
              -4.4258051,
              32.020798
            ],
            [
              -4.4273071,
              32.0225136
            ],
            [
              -4.4368343,
              32.0232322
            ],
            [
              -4.4450549,
              32.0230048
            ],
            [
              -4.449194,
              32.0217149
            ],
            [
              -4.4510822,
              32.0217731
            ],
            [
              -4.4518547,
              32.022368
            ],
            [
              -4.4524555,
              32.0243401
            ],
            [
              -4.4527559,
              32.0235214
            ],
            [
              -4.4527988,
              32.0224499
            ],
            [
              -4.452656,
              32.020484
            ],
            [
              -4.453084,
              32.0198785
            ],
            [
              -4.4554852,
              32.0178988
            ],
            [
              -4.4564309,
              32.0174804
            ],
            [
              -4.4587212,
              32.0170629
            ],
            [
              -4.4605665,
              32.0164334
            ],
            [
              -4.458422,
              32.014114
            ],
            [
              -4.4559746,
              32.0118757
            ],
            [
              -4.4553462,
              32.0118161
            ],
            [
              -4.4548837,
              32.0119619
            ],
            [
              -4.45457,
              32.012218
            ],
            [
              -4.4544591,
              32.0126777
            ],
            [
              -4.4543009,
              32.0134168
            ],
            [
              -4.4539555,
              32.0136644
            ],
            [
              -4.4532144,
              32.0137084
            ],
            [
              -4.4524908,
              32.0137525
            ],
            [
              -4.4523147,
              32.0134491
            ],
            [
              -4.4527163,
              32.0131921
            ],
            [
              -4.4524853,
              32.0128655
            ],
            [
              -4.4520292,
              32.0123005
            ],
            [
              -4.4520566,
              32.0118885
            ],
            [
              -4.452478,
              32.0116284
            ],
            [
              -4.4524933,
              32.0114251
            ],
            [
              -4.451828,
              32.0110368
            ],
            [
              -4.4518365,
              32.0103996
            ],
            [
              -4.4520448,
              32.0097555
            ],
            [
              -4.454311,
              32.0097093
            ],
            [
              -4.4542951,
              32.0094822
            ],
            [
              -4.4545103,
              32.0094157
            ],
            [
              -4.4544692,
              32.0092334
            ],
            [
              -4.4543096,
              32.0090954
            ],
            [
              -4.4533092,
              32.0090798
            ],
            [
              -4.4529634,
              32.0087442
            ],
            [
              -4.4520995,
              32.0087216
            ],
            [
              -4.4519742,
              32.0080106
            ],
            [
              -4.45282,
              32.0080232
            ],
            [
              -4.4535278,
              32.0081309
            ],
            [
              -4.4546162,
              32.0084428
            ],
            [
              -4.4551821,
              32.0089859
            ],
            [
              -4.4557121,
              32.0097336
            ],
            [
              -4.4560604,
              32.0099889
            ],
            [
              -4.457044,
              32.0104028
            ],
            [
              -4.4583122,
              32.0113699
            ],
            [
              -4.4596211,
              32.0121429
            ],
            [
              -4.4610837,
              32.0128953
            ],
            [
              -4.4611663,
              32.012521
            ],
            [
              -4.4613588,
              32.0121577
            ],
            [
              -4.4620651,
              32.0118872
            ],
            [
              -4.4635874,
              32.0125775
            ],
            [
              -4.4660168,
              32.0133549
            ],
            [
              -4.4660073,
              32.01217
            ],
            [
              -4.4657431,
              32.0115072
            ],
            [
              -4.4659788,
              32.0114225
            ],
            [
              -4.4663535,
              32.0119687
            ],
            [
              -4.4666361,
              32.0115897
            ],
            [
              -4.4669039,
              32.0114972
            ],
            [
              -4.4673805,
              32.0116512
            ],
            [
              -4.4672947,
              32.0110679
            ],
            [
              -4.4676354,
              32.0113297
            ],
            [
              -4.4688984,
              32.0123073
            ],
            [
              -4.4695176,
              32.0129144
            ],
            [
              -4.4698511,
              32.0138237
            ],
            [
              -4.4698977,
              32.0151041
            ],
            [
              -4.4707175,
              32.0150946
            ],
            [
              -4.4709917,
              32.0152213
            ],
            [
              -4.4710886,
              32.0149842
            ],
            [
              -4.4713061,
              32.0149332
            ],
            [
              -4.4707275,
              32.0127846
            ],
            [
              -4.4709025,
              32.0122539
            ],
            [
              -4.4705893,
              32.0120933
            ],
            [
              -4.4704922,
              32.0119107
            ],
            [
              -4.4706343,
              32.011885
            ],
            [
              -4.4711795,
              32.0119537
            ],
            [
              -4.4712374,
              32.0116938
            ],
            [
              -4.4715205,
              32.0116374
            ],
            [
              -4.4719522,
              32.0117386
            ],
            [
              -4.4716482,
              32.0114125
            ],
            [
              -4.4715958,
              32.0111828
            ],
            [
              -4.4709254,
              32.0111697
            ],
            [
              -4.4701585,
              32.0109822
            ],
            [
              -4.4711666,
              32.0073687
            ],
            [
              -4.4711666,
              32.0060513
            ],
            [
              -4.4722116,
              32.0061587
            ],
            [
              -4.473012,
              32.0055664
            ],
            [
              -4.4735055,
              32.0040798
            ],
            [
              -4.4749861,
              32.0040698
            ],
            [
              -4.4742565,
              32.0032082
            ],
            [
              -4.4745795,
              32.0029107
            ],
            [
              -4.4755869,
              32.0033055
            ],
            [
              -4.4763272,
              32.0030208
            ],
            [
              -4.4759517,
              32.0025094
            ],
            [
              -4.4747715,
              32.0024503
            ],
            [
              -4.474514,
              32.0010855
            ],
            [
              -4.4761019,
              31.9984697
            ],
            [
              -4.4755011,
              31.9977418
            ],
            [
              -4.4771533,
              31.9980266
            ],
            [
              -4.477282,
              31.9991903
            ],
            [
              -4.4778829,
              31.9991748
            ],
            [
              -4.4777541,
              31.9979583
            ],
            [
              -4.4784622,
              31.9977509
            ],
            [
              -4.479857,
              31.9983587
            ],
            [
              -4.4806938,
              31.9982914
            ],
            [
              -4.4798355,
              31.9979529
            ],
            [
              -4.4801649,
              31.9966026
            ],
            [
              -4.4812367,
              31.9964852
            ],
            [
              -4.4802647,
              31.9956045
            ],
            [
              -4.4809084,
              31.9953979
            ],
            [
              -4.4815092,
              31.9957191
            ],
            [
              -4.481123,
              31.9950713
            ],
            [
              -4.4815629,
              31.9944189
            ],
            [
              -4.4802432,
              31.9942687
            ],
            [
              -4.4813483,
              31.9935644
            ],
            [
              -4.4834518,
              31.9947195
            ],
            [
              -4.483956,
              31.994462
            ],
            [
              -4.483779,
              31.9935293
            ],
            [
              -4.4844167,
              31.993256
            ],
            [
              -4.4827752,
              31.9933142
            ],
            [
              -4.4825712,
              31.9928662
            ],
            [
              -4.4831202,
              31.9925705
            ],
            [
              -4.4837683,
              31.9924356
            ],
            [
              -4.4840048,
              31.992249
            ],
            [
              -4.4843154,
              31.9923557
            ],
            [
              -4.4847607,
              31.9922993
            ],
            [
              -4.4840848,
              31.9917329
            ],
            [
              -4.4848846,
              31.9904146
            ],
            [
              -4.4838922,
              31.9900033
            ],
            [
              -4.4829909,
              31.9912019
            ],
            [
              -4.482625,
              31.9920358
            ],
            [
              -4.4823942,
              31.9922791
            ],
            [
              -4.4809728,
              31.9922905
            ],
            [
              -4.4805327,
              31.991469
            ],
            [
              -4.4814347,
              31.9913164
            ],
            [
              -4.4822072,
              31.9914139
            ],
            [
              -4.4826047,
              31.9907046
            ],
            [
              -4.4829361,
              31.9904179
            ],
            [
              -4.4825499,
              31.989416
            ],
            [
              -4.4814829,
              31.9889397
            ],
            [
              -4.4803076,
              31.9884151
            ],
            [
              -4.4784622,
              31.9898856
            ],
            [
              -4.4765096,
              31.990104
            ],
            [
              -4.4749217,
              31.9884069
            ],
            [
              -4.4735913,
              31.9878436
            ],
            [
              -4.4731622,
              31.9888291
            ],
            [
              -4.4715607,
              31.9899895
            ],
            [
              -4.4702972,
              31.990905
            ],
            [
              -4.4691925,
              31.9917055
            ],
            [
              -4.4684844,
              31.9914115
            ],
            [
              -4.468154,
              31.9922387
            ],
            [
              -4.4671626,
              31.9928119
            ],
            [
              -4.4668536,
              31.9924571
            ],
            [
              -4.4660983,
              31.993428
            ],
            [
              -4.4646349,
              31.9937337
            ],
            [
              -4.4616866,
              31.9941513
            ],
            [
              -4.4592909,
              31.9947939
            ],
            [
              -4.459645,
              31.9951078
            ],
            [
              -4.4569038,
              31.9974781
            ],
            [
              -4.4562299,
              31.9974606
            ],
            [
              -4.4501128,
              32.0009797
            ],
            [
              -4.447296,
              32.0026614
            ],
            [
              -4.4461357,
              32.0027597
            ],
            [
              -4.4452307,
              32.0036003
            ],
            [
              -4.443675,
              32.0039206
            ],
            [
              -4.4434218,
              32.004169
            ],
            [
              -4.4429498,
              32.0040466
            ],
            [
              -4.4430678,
              32.0044478
            ],
            [
              -4.4436412,
              32.0049
            ],
            [
              -4.4434111,
              32.0049964
            ],
            [
              -4.4426172,
              32.0048154
            ],
            [
              -4.4422631,
              32.0048732
            ],
            [
              -4.4421135,
              32.0047126
            ],
            [
              -4.4423602,
              32.0045606
            ],
            [
              -4.4421129,
              32.004275
            ],
            [
              -4.4409547,
              32.004612
            ],
            [
              -4.4406758,
              32.0049318
            ],
            [
              -4.4401174,
              32.005132
            ],
            [
              -4.4406323,
              32.0052853
            ],
            [
              -4.4410508,
              32.0051729
            ],
            [
              -4.4411581,
              32.0054108
            ],
            [
              -4.4420593,
              32.0055314
            ],
            [
              -4.4408898,
              32.0059262
            ],
            [
              -4.4409869,
              32.0060905
            ],
            [
              -4.4416623,
              32.0061469
            ],
            [
              -4.4423168,
              32.0062388
            ],
            [
              -4.4418769,
              32.0064931
            ],
            [
              -4.4416945,
              32.006372
            ],
            [
              -4.4407933,
              32.0063948
            ],
            [
              -4.4409542,
              32.0068247
            ],
            [
              -4.4415336,
              32.0073951
            ],
            [
              -4.4401388,
              32.0087843
            ],
            [
              -4.4392591,
              32.0079574
            ],
            [
              -4.4378428,
              32.0082831
            ],
            [
              -4.4368343,
              32.0090282
            ],
            [
              -4.4361691,
              32.0096131
            ],
            [
              -4.4370704,
              32.0104583
            ],
            [
              -4.4367485,
              32.0115682
            ],
            [
              -4.4360404,
              32.0112234
            ],
            [
              -4.4344622,
              32.0106766
            ],
            [
              -4.4340234,
              32.0101481
            ],
            [
              -4.4324141,
              32.0100662
            ],
            [
              -4.4306974,
              32.0099616
            ],
            [
              -4.4301395,
              32.0106612
            ],
            [
              -4.4282084,
              32.0085351
            ],
            [
              -4.4242601,
              32.0088899
            ],
            [
              -4.4189601,
              32.0098706
            ],
            [
              -4.4150763,
              32.0114636
            ],
            [
              -4.4142394,
              32.0109159
            ],
            [
              -4.4143038,
              32.0120804
            ],
            [
              -4.4126902,
              32.0145949
            ],
            [
              -4.4119183,
              32.0178558
            ],
            [
              -4.4122331,
              32.0192788
            ],
            [
              -4.4121018,
              32.0200384
            ],
            [
              -4.4109083,
              32.0198231
            ],
            [
              -4.4098672,
              32.0192848
            ],
            [
              -4.4085721,
              32.0189834
            ],
            [
              -4.4077849,
              32.0186389
            ],
            [
              -4.4080389,
              32.019737
            ],
            [
              -4.4090292,
              32.01978
            ],
            [
              -4.410629,
              32.0209857
            ],
            [
              -4.4122287,
              32.0211364
            ],
            [
              -4.4128128,
              32.0214594
            ],
            [
              -4.413402,
              32.0219437
            ],
            [
              -4.4142321,
              32.0238088
            ],
            [
              -4.4146023,
              32.0248549
            ],
            [
              -4.4154167,
              32.0255768
            ],
            [
              -4.4157375,
              32.0266961
            ],
            [
              -4.4153673,
              32.0275435
            ],
            [
              -4.4159103,
              32.0275644
            ],
            [
              -4.4163761,
              32.0281244
            ],
            [
              -4.4165412,
              32.0301803
            ],
            [
              -4.4161095,
              32.0328927
            ],
            [
              -4.4142431,
              32.0346148
            ],
            [
              -4.4117311,
              32.0362246
            ],
            [
              -4.410582,
              32.0373205
            ],
            [
              -4.4095764,
              32.0388426
            ],
            [
              -4.4082403,
              32.0395922
            ],
            [
              -4.4069549,
              32.0389644
            ],
            [
              -4.4064235,
              32.0389519
            ],
            [
              -4.4056621,
              32.0389339
            ],
            [
              -4.4064163,
              32.0400603
            ],
            [
              -4.40893,
              32.0400603
            ],
            [
              -4.414209,
              32.037351
            ],
            [
              -4.4169742,
              32.0353722
            ],
            [
              -4.4188057,
              32.033089
            ],
            [
              -4.4193802,
              32.0289485
            ],
            [
              -4.4181233,
              32.0266956
            ],
            [
              -4.4162497,
              32.0236418
            ]
          ],
          [
            [
              -4.479184,
              31.9929941
            ],
            [
              -4.4790648,
              31.9931386
            ],
            [
              -4.4784516,
              31.9928353
            ],
            [
              -4.4781451,
              31.9922719
            ],
            [
              -4.4783154,
              31.991983
            ],
            [
              -4.4779577,
              31.991853
            ],
            [
              -4.4776342,
              31.9912608
            ],
            [
              -4.4781281,
              31.9915497
            ],
            [
              -4.4784006,
              31.9914486
            ],
            [
              -4.4788093,
              31.9915786
            ],
            [
              -4.4787923,
              31.9925608
            ],
            [
              -4.479184,
              31.9929941
            ]
          ],
          [
            [
              -4.4640963,
              32.0104774
            ],
            [
              -4.4640641,
              32.0109327
            ],
            [
              -4.4636672,
              32.0109273
            ],
            [
              -4.4635277,
              32.0110924
            ],
            [
              -4.4632809,
              32.011112
            ],
            [
              -4.4628947,
              32.0108531
            ],
            [
              -4.4627016,
              32.0109591
            ],
            [
              -4.4624655,
              32.0109741
            ],
            [
              -4.4624226,
              32.0106475
            ],
            [
              -4.4622509,
              32.0103441
            ],
            [
              -4.4623046,
              32.0101667
            ],
            [
              -4.4624333,
              32.0100389
            ],
            [
              -4.4625304,
              32.0098697
            ],
            [
              -4.4625841,
              32.0096905
            ],
            [
              -4.4628196,
              32.0096059
            ],
            [
              -4.4629912,
              32.0094794
            ],
            [
              -4.4634848,
              32.0094598
            ],
            [
              -4.4641178,
              32.0097755
            ],
            [
              -4.4640963,
              32.0104774
            ]
          ],
          [
            [
              -4.4747007,
              31.9955007
            ],
            [
              -4.473925,
              31.9955308
            ],
            [
              -4.4729905,
              31.9950249
            ],
            [
              -4.4713168,
              31.9948956
            ],
            [
              -4.4718007,
              31.9943251
            ],
            [
              -4.4733832,
              31.9935599
            ],
            [
              -4.4741492,
              31.9933088
            ],
            [
              -4.4756942,
              31.993387
            ],
            [
              -4.4759152,
              31.9937783
            ],
            [
              -4.4758916,
              31.9941386
            ],
            [
              -4.4761201,
              31.9944907
            ],
            [
              -4.4757371,
              31.9950976
            ],
            [
              -4.4747007,
              31.9955007
            ]
          ]
        ]
      },
      "id": "relation/1268663"
    },
    {
      "type": "Feature",
      "properties": {
        "@id": "relation/1770461",
        "building": "school",
        "fee": "yes",
        "name": "Medersa Ben Youssef",
        "name:en": "Ben Youssef Madrasa",
        "name:ko": "메데르사 벤 유세프",
        "note": "One of the largest Madrassas in North Africa.",
        "opening_hours": "09:00-18:00; PH closed \"religous holidays\"",
        "price": "Dh 20",
        "toilets": "yes",
        "tourism": "attraction",
        "type": "multipolygon",
        "website": "https://www.medersabenyoussef.ma/",
        "wikidata": "Q1560540",
        "wikimedia_commons": "Category:Ben Youssef Madrasa",
        "wikipedia": "en:Ben Youssef Madrasa",
        "year": "1570"
      },
      "geometry": {
        "type": "Polygon",
        "coordinates": [
          [
            [
              -7.9865771,
              31.632031
            ],
            [
              -7.986543,
              31.6319816
            ],
            [
              -7.9865268,
              31.6319897
            ],
            [
              -7.9865081,
              31.631999
            ],
            [
              -7.9863925,
              31.6318412
            ],
            [
              -7.9863177,
              31.6317342
            ],
            [
              -7.9861814,
              31.6318067
            ],
            [
              -7.9860989,
              31.6318547
            ],
            [
              -7.9860833,
              31.6318502
            ],
            [
              -7.9860686,
              31.6318573
            ],
            [
              -7.9860689,
              31.6318713
            ],
            [
              -7.9859255,
              31.6319444
            ],
            [
              -7.9861553,
              31.6322328
            ],
            [
              -7.9865519,
              31.6320627
            ],
            [
              -7.9865421,
              31.6320484
            ],
            [
              -7.9865608,
              31.6320391
            ],
            [
              -7.9865771,
              31.632031
            ]
          ],
          [
            [
              -7.9864251,
              31.6320736
            ],
            [
              -7.986403,
              31.6320839
            ],
            [
              -7.9863909,
              31.6320662
            ],
            [
              -7.9864131,
              31.6320553
            ],
            [
              -7.9864251,
              31.6320736
            ]
          ],
          [
            [
              -7.9864902,
              31.6320194
            ],
            [
              -7.9865016,
              31.6320393
            ],
            [
              -7.9864761,
              31.6320502
            ],
            [
              -7.9864654,
              31.6320302
            ],
            [
              -7.9864902,
              31.6320194
            ]
          ],
          [
            [
              -7.9863274,
              31.6318395
            ],
            [
              -7.9863058,
              31.6318511
            ],
            [
              -7.9862924,
              31.6318329
            ],
            [
              -7.9863139,
              31.6318214
            ],
            [
              -7.9863274,
              31.6318395
            ]
          ],
          [
            [
              -7.9863818,
              31.6319125
            ],
            [
              -7.9863583,
              31.6319254
            ],
            [
              -7.9863445,
              31.6319072
            ],
            [
              -7.9863679,
              31.6318943
            ],
            [
              -7.9863818,
              31.6319125
            ]
          ],
          [
            [
              -7.9864374,
              31.6319866
            ],
            [
              -7.9864167,
              31.631998
            ],
            [
              -7.986403,
              31.6319799
            ],
            [
              -7.9864236,
              31.6319685
            ],
            [
              -7.9864374,
              31.6319866
            ]
          ],
          [
            [
              -7.9860306,
              31.6319645
            ],
            [
              -7.9860031,
              31.6319796
            ],
            [
              -7.9859854,
              31.6319553
            ],
            [
              -7.9860139,
              31.6319408
            ],
            [
              -7.9860306,
              31.6319645
            ]
          ],
          [
            [
              -7.9860849,
              31.6320347
            ],
            [
              -7.9860595,
              31.6320495
            ],
            [
              -7.9860444,
              31.6320273
            ],
            [
              -7.9860695,
              31.6320133
            ],
            [
              -7.9860849,
              31.6320347
            ]
          ],
          [
            [
              -7.9861124,
              31.6321158
            ],
            [
              -7.986099,
              31.6320963
            ],
            [
              -7.9861191,
              31.6320855
            ],
            [
              -7.9861332,
              31.6321043
            ],
            [
              -7.9861124,
              31.6321158
            ]
          ],
          [
            [
              -7.9862121,
              31.6321259
            ],
            [
              -7.9861007,
              31.631963
            ],
            [
              -7.9862473,
              31.631882
            ],
            [
              -7.9863627,
              31.6320495
            ],
            [
              -7.9862121,
              31.6321259
            ]
          ]
        ]
      },
      "id": "relation/1770461"
    },
    {
      "type": "Feature",
      "properties": {
        "@id": "relation/3241554",
        "alt_name": "Palais des Trois Rois Sadiens",
        "building": "yes",
        "fee": "yes",
        "layer": "1",
        "name": "Palais El Badi قصر البديع",
        "name:ar": "قصر البديع",
        "name:en": "El Badi Palace",
        "name:fr": "Palais El Badi",
        "name:ko": "엘 바디 궁전",
        "note": "The Palace was built by Sultan Ahmed al Mansour to celebrate the victory of the Portuguese army in 1578 in the Battle of the three kings. It it now a ruin. Houses the original minbar (preaching chair) from the Koutoubia Mosque",
        "opening_hours": "09:00-17:00",
        "price": "Dh 10 plus Dh 10 to see the minbar.",
        "ruins": "yes",
        "tourism": "attraction",
        "type": "multipolygon",
        "website": "https://badipalace.com",
        "wikidata": "Q1277747",
        "wikipedia": "en:El Badi Palace"
      },
      "geometry": {
        "type": "Polygon",
        "coordinates": [
          [
            [
              -7.9867621,
              31.6187102
            ],
            [
              -7.9867308,
              31.618611
            ],
            [
              -7.9867833,
              31.6185755
            ],
            [
              -7.9866732,
              31.6181436
            ],
            [
              -7.9866243,
              31.6179707
            ],
            [
              -7.9864958,
              31.6175249
            ],
            [
              -7.9863621,
              31.6175491
            ],
            [
              -7.9863491,
              31.6175521
            ],
            [
              -7.9862846,
              31.6175672
            ],
            [
              -7.9855491,
              31.6177357
            ],
            [
              -7.9853665,
              31.6172025
            ],
            [
              -7.9851454,
              31.6172432
            ],
            [
              -7.9851023,
              31.6171856
            ],
            [
              -7.9850165,
              31.6172033
            ],
            [
              -7.9851491,
              31.6176173
            ],
            [
              -7.9848786,
              31.6176804
            ],
            [
              -7.9849557,
              31.6179197
            ],
            [
              -7.9839541,
              31.6181424
            ],
            [
              -7.9840042,
              31.6183012
            ],
            [
              -7.9842789,
              31.6191716
            ],
            [
              -7.9852329,
              31.6189533
            ],
            [
              -7.9852643,
              31.619053
            ],
            [
              -7.9855069,
              31.6189891
            ],
            [
              -7.9856977,
              31.6189489
            ],
            [
              -7.9867621,
              31.6187102
            ]
          ],
          [
            [
              -7.9850626,
              31.6186214
            ],
            [
              -7.9848736,
              31.6186637
            ],
            [
              -7.9847569,
              31.618286
            ],
            [
              -7.984946,
              31.6182436
            ],
            [
              -7.9850626,
              31.6186214
            ]
          ],
          [
            [
              -7.9863112,
              31.618249
            ],
            [
              -7.9854017,
              31.6184516
            ],
            [
              -7.9853476,
              31.6182755
            ],
            [
              -7.9862571,
              31.6180727
            ],
            [
              -7.9863112,
              31.618249
            ]
          ],
          [
            [
              -7.9853341,
              31.618519
            ],
            [
              -7.985159,
              31.6185579
            ],
            [
              -7.985077,
              31.61829
            ],
            [
              -7.985256,
              31.6182503
            ],
            [
              -7.9852648,
              31.6182791
            ],
            [
              -7.9852968,
              31.618272
            ],
            [
              -7.9853594,
              31.6184763
            ],
            [
              -7.9853235,
              31.6184843
            ],
            [
              -7.9853341,
              31.618519
            ]
          ],
          [
            [
              -7.985193,
              31.6189305
            ],
            [
              -7.9842999,
              31.619137
            ],
            [
              -7.9840062,
              31.6182161
            ],
            [
              -7.9843894,
              31.6181275
            ],
            [
              -7.9843728,
              31.6180756
            ],
            [
              -7.9848347,
              31.6179688
            ],
            [
              -7.98492,
              31.6182361
            ],
            [
              -7.9847159,
              31.6182833
            ],
            [
              -7.9848452,
              31.6186889
            ],
            [
              -7.9850523,
              31.618641
            ],
            [
              -7.9851015,
              31.6187954
            ],
            [
              -7.9851466,
              31.618785
            ],
            [
              -7.985193,
              31.6189305
            ]
          ],
          [
            [
              -7.9857472,
              31.6181123
            ],
            [
              -7.9853029,
              31.6182139
            ],
            [
              -7.985217,
              31.6179415
            ],
            [
              -7.9856613,
              31.6178399
            ],
            [
              -7.9857472,
              31.6181123
            ]
          ],
          [
            [
              -7.9862899,
              31.6179919
            ],
            [
              -7.9858501,
              31.6180924
            ],
            [
              -7.9857655,
              31.6178241
            ],
            [
              -7.9862053,
              31.6177236
            ],
            [
              -7.9862899,
              31.6179919
            ]
          ],
          [
            [
              -7.985926,
              31.6187053
            ],
            [
              -7.9854941,
              31.6188005
            ],
            [
              -7.9854108,
              31.6185264
            ],
            [
              -7.9858427,
              31.6184313
            ],
            [
              -7.985926,
              31.6187053
            ]
          ],
          [
            [
              -7.9863784,
              31.6183126
            ],
            [
              -7.986462,
              31.6185834
            ],
            [
              -7.9860231,
              31.6186817
            ],
            [
              -7.9859395,
              31.6184109
            ],
            [
              -7.9863784,
              31.6183126
            ]
          ]
        ]
      },
      "id": "relation/3241554"
    },
    {
      "type": "Feature",
      "properties": {
        "@id": "relation/6923027",
        "building": "yes",
        "name": "Plaza Toro بلاصة تورو",
        "name:ar": "بلاصة تورو",
        "name:es": "Plaza Toro",
        "tourism": "attraction",
        "type": "multipolygon"
      },
      "geometry": {
        "type": "Polygon",
        "coordinates": [
          [
            [
              -5.7964656,
              35.7641548
            ],
            [
              -5.7962781,
              35.7642109
            ],
            [
              -5.7961557,
              35.7643019
            ],
            [
              -5.7960833,
              35.7644117
            ],
            [
              -5.7960587,
              35.7645577
            ],
            [
              -5.7961287,
              35.7647381
            ],
            [
              -5.7962597,
              35.7648509
            ],
            [
              -5.7964154,
              35.764909
            ],
            [
              -5.7966144,
              35.7649151
            ],
            [
              -5.796815,
              35.7648452
            ],
            [
              -5.7969149,
              35.7647638
            ],
            [
              -5.7970001,
              35.7646009
            ],
            [
              -5.7969862,
              35.7644234
            ],
            [
              -5.7969049,
              35.7642974
            ],
            [
              -5.7968083,
              35.7642227
            ],
            [
              -5.7966596,
              35.764165
            ],
            [
              -5.7964656,
              35.7641548
            ]
          ],
          [
            [
              -5.7964464,
              35.7643242
            ],
            [
              -5.7965637,
              35.7643148
            ],
            [
              -5.7966902,
              35.7643517
            ],
            [
              -5.7967626,
              35.7644071
            ],
            [
              -5.7968132,
              35.7644979
            ],
            [
              -5.7968166,
              35.7645787
            ],
            [
              -5.7968036,
              35.7646226
            ],
            [
              -5.796755,
              35.7646932
            ],
            [
              -5.7966976,
              35.7647366
            ],
            [
              -5.7966074,
              35.7647709
            ],
            [
              -5.7965475,
              35.7647787
            ],
            [
              -5.7964486,
              35.7647688
            ],
            [
              -5.7963334,
              35.7647137
            ],
            [
              -5.7962687,
              35.7646375
            ],
            [
              -5.7962461,
              35.7645587
            ],
            [
              -5.7962763,
              35.7644416
            ],
            [
              -5.796358,
              35.7643615
            ],
            [
              -5.7964464,
              35.7643242
            ]
          ]
        ]
      },
      "id": "relation/6923027"
    },
    {
      "type": "Feature",
      "properties": {
        "@id": "relation/7117612",
        "addr:city": "Marrakech",
        "addr:housenumber": "5",
        "addr:street": "Rue Riad Zitoun El Jedid",
        "building": "yes",
        "castle_type": "palace",
        "charge": "Dh 100",
        "fee": "yes",
        "historic": "castle",
        "name": "Palais Bahia قصر الباهية",
        "name:ar": "قصر الباهية",
        "name:en": "Bahia Palace",
        "name:es": "Palacio Bahía",
        "name:fr": "Le palais de la Bahia",
        "name:ja": "バイア宮殿",
        "name:ko": "바히아 궁전",
        "name:zh": "巴伊亚王宫",
        "note": "An ornate and beautiful palace, build at the end of the 19. century for grand viziers of the sultan.",
        "opening_hours": "Mo-Su 09:00-17:00",
        "tourism": "attraction",
        "type": "multipolygon",
        "website": "https://e-services.minculture.gov.ma/fr/tickets/palais-bahia",
        "wheelchair": "yes",
        "wikipedia": "en:Bahia Palace"
      },
      "geometry": {
        "type": "Polygon",
        "coordinates": [
          [
            [
              -7.98267,
              31.6214983
            ],
            [
              -7.9827104,
              31.6214891
            ],
            [
              -7.9826886,
              31.6214195
            ],
            [
              -7.9826811,
              31.6213954
            ],
            [
              -7.9826592,
              31.6213282
            ],
            [
              -7.9827948,
              31.6212991
            ],
            [
              -7.982905,
              31.6212689
            ],
            [
              -7.9828539,
              31.6211175
            ],
            [
              -7.9828253,
              31.6210313
            ],
            [
              -7.9819708,
              31.6212367
            ],
            [
              -7.9819303,
              31.6211147
            ],
            [
              -7.9816916,
              31.6211721
            ],
            [
              -7.9817687,
              31.6214049
            ],
            [
              -7.981154,
              31.6215525
            ],
            [
              -7.9812032,
              31.6217009
            ],
            [
              -7.9812782,
              31.6219383
            ],
            [
              -7.9814441,
              31.6218963
            ],
            [
              -7.9815614,
              31.6222423
            ],
            [
              -7.9821821,
              31.6220628
            ],
            [
              -7.9820805,
              31.6217628
            ],
            [
              -7.9821303,
              31.6217496
            ],
            [
              -7.9820935,
              31.6216269
            ],
            [
              -7.9823624,
              31.6215666
            ],
            [
              -7.98267,
              31.6214983
            ]
          ],
          [
            [
              -7.9826308,
              31.6214564
            ],
            [
              -7.9825805,
              31.6214672
            ],
            [
              -7.9825429,
              31.6213593
            ],
            [
              -7.9825959,
              31.6213496
            ],
            [
              -7.9826308,
              31.6214564
            ]
          ],
          [
            [
              -7.9820776,
              31.6217105
            ],
            [
              -7.981977,
              31.6217356
            ],
            [
              -7.9819535,
              31.6216711
            ],
            [
              -7.9820588,
              31.6216459
            ],
            [
              -7.9820776,
              31.6217105
            ]
          ],
          [
            [
              -7.9823523,
              31.6215164
            ],
            [
              -7.9823165,
              31.6213967
            ],
            [
              -7.9824475,
              31.6213683
            ],
            [
              -7.9824824,
              31.6214855
            ],
            [
              -7.9823523,
              31.6215164
            ]
          ],
          [
            [
              -7.9818148,
              31.6217344
            ],
            [
              -7.9813729,
              31.6218441
            ],
            [
              -7.9813026,
              31.6216385
            ],
            [
              -7.9817445,
              31.6215288
            ],
            [
              -7.9818148,
              31.6217344
            ]
          ],
          [
            [
              -7.9820185,
              31.6220762
            ],
            [
              -7.9816537,
              31.6221843
            ],
            [
              -7.981553,
              31.6218753
            ],
            [
              -7.9819145,
              31.6217913
            ],
            [
              -7.9820185,
              31.6220762
            ]
          ],
          [
            [
              -7.9821195,
              31.6214759
            ],
            [
              -7.9819535,
              31.621513
            ],
            [
              -7.9819313,
              31.6214408
            ],
            [
              -7.9820973,
              31.6214037
            ],
            [
              -7.9821195,
              31.6214759
            ]
          ]
        ]
      },
      "id": "relation/7117612"
    },
    {
      "type": "Feature",
      "properties": {
        "@id": "relation/20734004",
        "landform": "dune_system",
        "natural": "sand",
        "tourism": "attraction",
        "type": "multipolygon"
      },
      "geometry": {
        "type": "Polygon",
        "coordinates": [
          [
            [
              -4.2622984,
              30.7487929
            ],
            [
              -4.2614953,
              30.7486824
            ],
            [
              -4.2607987,
              30.7491804
            ],
            [
              -4.261014,
              30.7497245
            ],
            [
              -4.2614925,
              30.7502688
            ],
            [
              -4.2617614,
              30.7507811
            ],
            [
              -4.2618269,
              30.7510556
            ],
            [
              -4.2617399,
              30.7512358
            ],
            [
              -4.261743,
              30.7515201
            ],
            [
              -4.2618438,
              30.751808
            ],
            [
              -4.2618577,
              30.7521056
            ],
            [
              -4.2617802,
              30.7522321
            ],
            [
              -4.2616554,
              30.7523851
            ],
            [
              -4.2615837,
              30.7524825
            ],
            [
              -4.2614812,
              30.7525737
            ],
            [
              -4.2612776,
              30.7526472
            ],
            [
              -4.2611492,
              30.7526661
            ],
            [
              -4.2609555,
              30.7526535
            ],
            [
              -4.2608502,
              30.7526906
            ],
            [
              -4.2605878,
              30.7529494
            ],
            [
              -4.2600031,
              30.7531298
            ],
            [
              -4.2596089,
              30.7533196
            ],
            [
              -4.2589188,
              30.7534907
            ],
            [
              -4.2582908,
              30.7537488
            ],
            [
              -4.2573963,
              30.7539704
            ],
            [
              -4.256557,
              30.7543278
            ],
            [
              -4.2562736,
              30.7545968
            ],
            [
              -4.2559122,
              30.7548498
            ],
            [
              -4.2547131,
              30.7556297
            ],
            [
              -4.2545415,
              30.7567361
            ],
            [
              -4.254799,
              30.7579162
            ],
            [
              -4.2553998,
              30.7589488
            ],
            [
              -4.2559148,
              30.7599814
            ],
            [
              -4.2564298,
              30.7610878
            ],
            [
              -4.2570306,
              30.7620466
            ],
            [
              -4.2577172,
              30.7629316
            ],
            [
              -4.2589188,
              30.7635954
            ],
            [
              -4.2601205,
              30.7640379
            ],
            [
              -4.2614079,
              30.7644804
            ],
            [
              -4.2626954,
              30.7646279
            ],
            [
              -4.2640687,
              30.7645542
            ],
            [
              -4.269476,
              30.7645542
            ],
            [
              -4.2709351,
              30.7647754
            ],
            [
              -4.2721368,
              30.7652179
            ],
            [
              -4.2732526,
              30.7656605
            ],
            [
              -4.2742825,
              30.7663242
            ],
            [
              -4.27557,
              30.7666192
            ],
            [
              -4.2770291,
              30.766988
            ],
            [
              -4.2782308,
              30.7674305
            ],
            [
              -4.2820931,
              30.7685367
            ],
            [
              -4.2833806,
              30.7689792
            ],
            [
              -4.2846681,
              30.7692742
            ],
            [
              -4.2860413,
              30.769643
            ],
            [
              -4.287243,
              30.7698642
            ],
            [
              -4.2885304,
              30.7700854
            ],
            [
              -4.2898179,
              30.7702329
            ],
            [
              -4.2923928,
              30.7706754
            ],
            [
              -4.2936803,
              30.7709704
            ],
            [
              -4.2948819,
              30.7711179
            ],
            [
              -4.2976285,
              30.7714129
            ],
            [
              -4.2990018,
              30.7714129
            ],
            [
              -4.3002892,
              30.7712654
            ],
            [
              -4.3016625,
              30.7710442
            ],
            [
              -4.302435,
              30.7700117
            ],
            [
              -4.3023492,
              30.7688317
            ],
            [
              -4.3015767,
              30.7677255
            ],
            [
              -4.3005467,
              30.7669142
            ],
            [
              -4.2993451,
              30.7663242
            ],
            [
              -4.2982293,
              30.7655867
            ],
            [
              -4.2970277,
              30.7648492
            ],
            [
              -4.2960835,
              30.7640379
            ],
            [
              -4.2954827,
              30.7629316
            ],
            [
              -4.2954827,
              30.7617516
            ],
            [
              -4.2959977,
              30.7606452
            ],
            [
              -4.2970277,
              30.7599814
            ],
            [
              -4.2981435,
              30.7593176
            ],
            [
              -4.2994309,
              30.7588751
            ],
            [
              -4.3008042,
              30.7576212
            ],
            [
              -4.3020059,
              30.7569574
            ],
            [
              -4.3031217,
              30.7564411
            ],
            [
              -4.3055249,
              30.7552609
            ],
            [
              -4.306984,
              30.7545233
            ],
            [
              -4.3081857,
              30.7540808
            ],
            [
              -4.3094731,
              30.7536382
            ],
            [
              -4.3108464,
              30.7531219
            ],
            [
              -4.3119622,
              30.7526793
            ],
            [
              -4.313593,
              30.7523105
            ],
            [
              -4.3150521,
              30.7517942
            ],
            [
              -4.3163396,
              30.7514991
            ],
            [
              -4.3175412,
              30.7510566
            ],
            [
              -4.3189145,
              30.7507615
            ],
            [
              -4.3204595,
              30.7503189
            ],
            [
              -4.3217469,
              30.7501714
            ],
            [
              -4.3232919,
              30.7498026
            ],
            [
              -4.3262101,
              30.749065
            ],
            [
              -4.3274177,
              30.7487627
            ],
            [
              -4.3288709,
              30.7483273
            ],
            [
              -4.3300725,
              30.7478847
            ],
            [
              -4.3314458,
              30.7472208
            ],
            [
              -4.3327332,
              30.7466307
            ],
            [
              -4.333849,
              30.7461143
            ],
            [
              -4.3346215,
              30.7451554
            ],
            [
              -4.3351365,
              30.7440489
            ],
            [
              -4.336424,
              30.7418358
            ],
            [
              -4.3369389,
              30.740803
            ],
            [
              -4.3377114,
              30.7396964
            ],
            [
              -4.3383122,
              30.7385899
            ],
            [
              -4.3390847,
              30.7374095
            ],
            [
              -4.3397714,
              30.7363767
            ],
            [
              -4.3403722,
              30.7351963
            ],
            [
              -4.3410588,
              30.7339421
            ],
            [
              -4.3415738,
              30.7327617
            ],
            [
              -4.3422604,
              30.7313599
            ],
            [
              -4.3429471,
              30.730327
            ],
            [
              -4.3436337,
              30.7293679
            ],
            [
              -4.344492,
              30.7284826
            ],
            [
              -4.3454362,
              30.7273758
            ],
            [
              -4.3462945,
              30.7264167
            ],
            [
              -4.3469811,
              30.7252362
            ],
            [
              -4.3475819,
              30.7241294
            ],
            [
              -4.3478394,
              30.7227275
            ],
            [
              -4.3477536,
              30.7213256
            ],
            [
              -4.3474103,
              30.7200713
            ],
            [
              -4.346552,
              30.7189645
            ],
            [
              -4.3451787,
              30.7183004
            ],
            [
              -4.3438912,
              30.718079
            ],
            [
              -4.3425179,
              30.718079
            ],
            [
              -4.3411446,
              30.7181528
            ],
            [
              -4.3397714,
              30.7183742
            ],
            [
              -4.3383981,
              30.7185217
            ],
            [
              -4.3354798,
              30.7192596
            ],
            [
              -4.3339349,
              30.7197761
            ],
            [
              -4.3326474,
              30.7201451
            ],
            [
              -4.32827,
              30.7216946
            ],
            [
              -4.3268968,
              30.7222111
            ],
            [
              -4.325266,
              30.7226538
            ],
            [
              -4.3240643,
              30.7231703
            ],
            [
              -4.3226052,
              30.7236867
            ],
            [
              -4.3214036,
              30.7242032
            ],
            [
              -4.320202,
              30.7245721
            ],
            [
              -4.3185712,
              30.7250148
            ],
            [
              -4.3171121,
              30.7254575
            ],
            [
              -4.3145371,
              30.7264905
            ],
            [
              -4.3132497,
              30.7273021
            ],
            [
              -4.3122197,
              30.7281874
            ],
            [
              -4.3109322,
              30.7289252
            ],
            [
              -4.3094731,
              30.7294417
            ],
            [
              -4.308014,
              30.7297368
            ],
            [
              -4.306469,
              30.7301795
            ],
            [
              -4.3050958,
              30.7306221
            ],
            [
              -4.303465,
              30.730991
            ],
            [
              -4.3020917,
              30.731655
            ],
            [
              -4.3009759,
              30.732319
            ],
            [
              -4.2997743,
              30.7330568
            ],
            [
              -4.2986585,
              30.7337946
            ],
            [
              -4.297371,
              30.7347536
            ],
            [
              -4.2960835,
              30.7354914
            ],
            [
              -4.2949677,
              30.7361554
            ],
            [
              -4.2937661,
              30.7368193
            ],
            [
              -4.2923928,
              30.7375571
            ],
            [
              -4.2911912,
              30.7382948
            ],
            [
              -4.2899037,
              30.7387374
            ],
            [
              -4.2885304,
              30.7392538
            ],
            [
              -4.2868997,
              30.7397702
            ],
            [
              -4.2853547,
              30.7402866
            ],
            [
              -4.2836381,
              30.7406555
            ],
            [
              -4.282179,
              30.7410981
            ],
            [
              -4.2807198,
              30.7416145
            ],
            [
              -4.2794324,
              30.7419096
            ],
            [
              -4.2778874,
              30.7422046
            ],
            [
              -4.2748834,
              30.7422046
            ],
            [
              -4.2734242,
              30.7422784
            ],
            [
              -4.2720509,
              30.7423522
            ],
            [
              -4.2703343,
              30.7426473
            ],
            [
              -4.268961,
              30.7429423
            ],
            [
              -4.2673303,
              30.7433849
            ],
            [
              -4.2660428,
              30.7439013
            ],
            [
              -4.2651845,
              30.7447865
            ],
            [
              -4.264412,
              30.7457455
            ],
            [
              -4.263897,
              30.746852
            ],
            [
              -4.2628456,
              30.7476819
            ],
            [
              -4.2626632,
              30.7484633
            ],
            [
              -4.2622984,
              30.7487929
            ]
          ],
          [
            [
              -4.2630816,
              30.7543135
            ],
            [
              -4.2627892,
              30.7543158
            ],
            [
              -4.2626363,
              30.7542916
            ],
            [
              -4.2625451,
              30.7542351
            ],
            [
              -4.262466,
              30.7541107
            ],
            [
              -4.2624472,
              30.7540473
            ],
            [
              -4.2625894,
              30.7539286
            ],
            [
              -4.2627624,
              30.753788
            ],
            [
              -4.2628147,
              30.7537292
            ],
            [
              -4.2628871,
              30.7537546
            ],
            [
              -4.2629032,
              30.7539309
            ],
            [
              -4.2629394,
              30.7540381
            ],
            [
              -4.2630306,
              30.754121
            ],
            [
              -4.2631178,
              30.7541752
            ],
            [
              -4.2630816,
              30.7543135
            ]
          ]
        ]
      },
      "id": "relation/20734004"
    },
    {
      "type": "Feature",
      "properties": {
        "@id": "way/15164098",
        "area": "yes",
        "highway": "pedestrian",
        "landuse": "retail",
        "name": "Rahba Kedima Square",
        "name:fr": "Place des épices",
        "surface": "sett",
        "tourism": "attraction"
      },
      "geometry": {
        "type": "Polygon",
        "coordinates": [
          [
            [
              -7.986618,
              31.6290185
            ],
            [
              -7.9867885,
              31.6289875
            ],
            [
              -7.9869158,
              31.6289415
            ],
            [
              -7.9870485,
              31.6289773
            ],
            [
              -7.9870614,
              31.6289795
            ],
            [
              -7.9872458,
              31.6289986
            ],
            [
              -7.9873777,
              31.6290058
            ],
            [
              -7.9873946,
              31.62901
            ],
            [
              -7.9874721,
              31.6290208
            ],
            [
              -7.9874765,
              31.6288883
            ],
            [
              -7.987463,
              31.6287457
            ],
            [
              -7.9874212,
              31.6287549
            ],
            [
              -7.9872369,
              31.6287955
            ],
            [
              -7.9870101,
              31.6288476
            ],
            [
              -7.9866149,
              31.6289584
            ],
            [
              -7.9866141,
              31.6289873
            ],
            [
              -7.986618,
              31.6290185
            ]
          ]
        ]
      },
      "id": "way/15164098"
    },
    {
      "type": "Feature",
      "properties": {
        "@id": "way/37081239",
        "desert": "erg",
        "name": "Erg Chebbi ⵉⴷⵀⴰⵏ ⵛⴱⴱⵉ عرق الشبي",
        "name:ar": "عرق الشبي",
        "name:ber": "ⵉⴷⵀⴰⵏ ⵛⴱⴱⵉ",
        "name:en": "Erg Chebbi",
        "name:fr": "Erg Chebbi",
        "natural": "sand",
        "surface": "sand",
        "tourism": "attraction",
        "wikidata": "Q146219",
        "wikimedia_commons": "Category:Erg Chebbi",
        "wikipedia": "ar:عرق الشبي",
        "wikipedia:ar": "عرق الشبي",
        "wikipedia:en": "Erg Chebbi"
      },
      "geometry": {
        "type": "Polygon",
        "coordinates": [
          [
            [
              -3.9969071,
              31.2126114
            ],
            [
              -3.9996627,
              31.2147076
            ],
            [
              -4.0047082,
              31.2129843
            ],
            [
              -4.0076646,
              31.2128731
            ],
            [
              -4.0116886,
              31.2148134
            ],
            [
              -4.0176012,
              31.2177149
            ],
            [
              -4.0213803,
              31.2158067
            ],
            [
              -4.024957,
              31.2075542
            ],
            [
              -4.0279087,
              31.2022844
            ],
            [
              -4.0305158,
              31.1949146
            ],
            [
              -4.0312545,
              31.1896594
            ],
            [
              -4.0310751,
              31.1865318
            ],
            [
              -4.0305162,
              31.183162
            ],
            [
              -4.0302653,
              31.1814775
            ],
            [
              -4.0305839,
              31.1793367
            ],
            [
              -4.0309728,
              31.1789987
            ],
            [
              -4.0319317,
              31.1773536
            ],
            [
              -4.0334623,
              31.1721011
            ],
            [
              -4.0313287,
              31.1638845
            ],
            [
              -4.026042,
              31.1585232
            ],
            [
              -4.025022,
              31.1535626
            ],
            [
              -4.0248023,
              31.1499544
            ],
            [
              -4.0225508,
              31.1447467
            ],
            [
              -4.0224292,
              31.1445152
            ],
            [
              -4.022268,
              31.1441561
            ],
            [
              -4.0215812,
              31.1435976
            ],
            [
              -4.0209793,
              31.1429009
            ],
            [
              -4.0208432,
              31.1428669
            ],
            [
              -4.0204529,
              31.1425939
            ],
            [
              -4.0198584,
              31.1415785
            ],
            [
              -4.0194022,
              31.140225
            ],
            [
              -4.0190487,
              31.1396691
            ],
            [
              -4.01894,
              31.1396686
            ],
            [
              -4.0185331,
              31.1387443
            ],
            [
              -4.0180941,
              31.1377278
            ],
            [
              -4.0175298,
              31.136915
            ],
            [
              -4.0150442,
              31.135388
            ],
            [
              -4.0145896,
              31.1344481
            ],
            [
              -4.0156225,
              31.1341332
            ],
            [
              -4.0147395,
              31.132515
            ],
            [
              -4.013775,
              31.1308784
            ],
            [
              -4.0129912,
              31.1301944
            ],
            [
              -4.012362,
              31.1288451
            ],
            [
              -4.0118006,
              31.1277828
            ],
            [
              -4.0108951,
              31.1265509
            ],
            [
              -4.0114539,
              31.1254053
            ],
            [
              -4.0110841,
              31.1247441
            ],
            [
              -4.0105768,
              31.1238453
            ],
            [
              -4.0056982,
              31.1161756
            ],
            [
              -4.0046014,
              31.114426
            ],
            [
              -4.003023,
              31.1117755
            ],
            [
              -4.003551,
              31.1107481
            ],
            [
              -4.0044666,
              31.1096943
            ],
            [
              -4.0038442,
              31.1091427
            ],
            [
              -4.0037356,
              31.1073455
            ],
            [
              -4.0035608,
              31.1050526
            ],
            [
              -4.0035357,
              31.1047226
            ],
            [
              -4.0052126,
              31.1015897
            ],
            [
              -4.00498,
              31.1002294
            ],
            [
              -4.004276,
              31.0998909
            ],
            [
              -4.003492,
              31.0995316
            ],
            [
              -4.0038246,
              31.0989758
            ],
            [
              -4.0040875,
              31.0987094
            ],
            [
              -4.0045735,
              31.0983545
            ],
            [
              -4.0047205,
              31.0980296
            ],
            [
              -4.0047108,
              31.0977295
            ],
            [
              -4.0043969,
              31.097045
            ],
            [
              -4.0043573,
              31.096669
            ],
            [
              -4.0042229,
              31.0959344
            ],
            [
              -4.0039316,
              31.0954271
            ],
            [
              -4.0035494,
              31.0946697
            ],
            [
              -4.0034007,
              31.094436
            ],
            [
              -4.0029623,
              31.0937467
            ],
            [
              -4.0037671,
              31.0919822
            ],
            [
              -4.0035493,
              31.0909784
            ],
            [
              -4.0037318,
              31.0900478
            ],
            [
              -4.0043627,
              31.08913
            ],
            [
              -4.0055223,
              31.088743
            ],
            [
              -4.006383,
              31.0887528
            ],
            [
              -4.0071253,
              31.0879946
            ],
            [
              -4.007315,
              31.0874099
            ],
            [
              -4.0059175,
              31.0864931
            ],
            [
              -4.0070181,
              31.085882
            ],
            [
              -4.0070244,
              31.084678
            ],
            [
              -4.0070838,
              31.0837667
            ],
            [
              -4.0075904,
              31.0819617
            ],
            [
              -4.0085164,
              31.0803355
            ],
            [
              -4.0091408,
              31.0783853
            ],
            [
              -4.0095936,
              31.0751441
            ],
            [
              -4.0103044,
              31.0698731
            ],
            [
              -4.0102386,
              31.0650296
            ],
            [
              -4.0099198,
              31.0633659
            ],
            [
              -4.0099676,
              31.0602995
            ],
            [
              -4.0093111,
              31.0564164
            ],
            [
              -4.0072221,
              31.0536182
            ],
            [
              -4.0046216,
              31.0505863
            ],
            [
              -3.9995226,
              31.050683
            ],
            [
              -3.9988039,
              31.0503898
            ],
            [
              -3.9979203,
              31.0500825
            ],
            [
              -3.9975027,
              31.0496023
            ],
            [
              -3.996424,
              31.0485433
            ],
            [
              -3.9959066,
              31.0471717
            ],
            [
              -3.9952763,
              31.0460101
            ],
            [
              -4.0045557,
              31.0375437
            ],
            [
              -4.0045606,
              31.0372381
            ],
            [
              -4.0047597,
              31.0363877
            ],
            [
              -4.0047008,
              31.0345795
            ],
            [
              -4.0044643,
              31.0326686
            ],
            [
              -4.0041737,
              31.0311442
            ],
            [
              -4.0028527,
              31.0286397
            ],
            [
              -4.0014202,
              31.0271197
            ],
            [
              -3.998716,
              31.0234195
            ],
            [
              -3.9982207,
              31.0206492
            ],
            [
              -3.9979129,
              31.0175354
            ],
            [
              -3.9985325,
              31.0150613
            ],
            [
              -3.9985783,
              31.0122711
            ],
            [
              -3.9979916,
              31.0098906
            ],
            [
              -3.9958261,
              31.0076739
            ],
            [
              -3.9940834,
              31.0068656
            ],
            [
              -3.9934581,
              31.0057136
            ],
            [
              -3.993057,
              31.0049748
            ],
            [
              -3.9931053,
              31.0043035
            ],
            [
              -3.9930015,
              31.0025943
            ],
            [
              -3.9919662,
              31.0008231
            ],
            [
              -3.99054,
              30.9983673
            ],
            [
              -3.9915704,
              30.9956697
            ],
            [
              -3.9900711,
              30.9951106
            ],
            [
              -3.9879042,
              30.9952137
            ],
            [
              -3.9872126,
              30.9933091
            ],
            [
              -3.986342,
              30.9914635
            ],
            [
              -3.9852032,
              30.9892606
            ],
            [
              -3.9838361,
              30.9862203
            ],
            [
              -3.9823498,
              30.9860054
            ],
            [
              -3.9818366,
              30.9888615
            ],
            [
              -3.9841832,
              30.9960906
            ],
            [
              -3.9845382,
              30.9979617
            ],
            [
              -3.9845389,
              30.9986722
            ],
            [
              -3.9843765,
              31.0000321
            ],
            [
              -3.9844803,
              31.00083
            ],
            [
              -3.983822,
              31.0014086
            ],
            [
              -3.9837205,
              31.0018936
            ],
            [
              -3.9832449,
              31.0027744
            ],
            [
              -3.9831737,
              31.0049583
            ],
            [
              -3.9831974,
              31.0061035
            ],
            [
              -3.9831088,
              31.0073337
            ],
            [
              -3.9836631,
              31.0091029
            ],
            [
              -3.9852956,
              31.0177124
            ],
            [
              -3.997295,
              31.0369625
            ],
            [
              -3.9923757,
              31.0382922
            ],
            [
              -3.9891747,
              31.0399494
            ],
            [
              -3.9891656,
              31.0414101
            ],
            [
              -3.9892184,
              31.0415072
            ],
            [
              -3.9895655,
              31.0421464
            ],
            [
              -3.9897185,
              31.0424283
            ],
            [
              -3.9899798,
              31.0429095
            ],
            [
              -3.9903634,
              31.0448366
            ],
            [
              -3.9912708,
              31.0471766
            ],
            [
              -3.992151,
              31.0498845
            ],
            [
              -3.991253,
              31.0523515
            ],
            [
              -3.9885764,
              31.0556816
            ],
            [
              -3.9864487,
              31.0571378
            ],
            [
              -3.9818513,
              31.058522
            ],
            [
              -3.9784282,
              31.0590579
            ],
            [
              -3.975796,
              31.0594895
            ],
            [
              -3.9736988,
              31.0606229
            ],
            [
              -3.9704658,
              31.0627155
            ],
            [
              -3.9695269,
              31.0644622
            ],
            [
              -3.9681357,
              31.0667675
            ],
            [
              -3.9697904,
              31.0710157
            ],
            [
              -3.9697411,
              31.0739001
            ],
            [
              -3.9698683,
              31.0753773
            ],
            [
              -3.9675019,
              31.0788638
            ],
            [
              -3.9653725,
              31.0818419
            ],
            [
              -3.9630563,
              31.0843424
            ],
            [
              -3.9639402,
              31.0878453
            ],
            [
              -3.9656606,
              31.0889152
            ],
            [
              -3.9617917,
              31.0934259
            ],
            [
              -3.9582431,
              31.0955169
            ],
            [
              -3.9575136,
              31.0958569
            ],
            [
              -3.9566666,
              31.0958274
            ],
            [
              -3.9559686,
              31.0953608
            ],
            [
              -3.9555172,
              31.0946802
            ],
            [
              -3.9543489,
              31.0910358
            ],
            [
              -3.954134,
              31.0902801
            ],
            [
              -3.9540482,
              31.0896186
            ],
            [
              -3.9539624,
              31.0890306
            ],
            [
              -3.9537907,
              31.0884426
            ],
            [
              -3.9534474,
              31.0870093
            ],
            [
              -3.9534045,
              31.0863845
            ],
            [
              -3.9534045,
              31.0812758
            ],
            [
              -3.9534903,
              31.0806509
            ],
            [
              -3.9534903,
              31.0799526
            ],
            [
              -3.9535332,
              31.0793278
            ],
            [
              -3.953619,
              31.0787029
            ],
            [
              -3.9538765,
              31.0781148
            ],
            [
              -3.9541769,
              31.0775268
            ],
            [
              -3.9546061,
              31.0767916
            ],
            [
              -3.9547778,
              31.0761668
            ],
            [
              -3.9550353,
              31.0755787
            ],
            [
              -3.9559794,
              31.0745495
            ],
            [
              -3.9563227,
              31.0739981
            ],
            [
              -3.956709,
              31.0734468
            ],
            [
              -3.957181,
              31.0729689
            ],
            [
              -3.957696,
              31.0725646
            ],
            [
              -3.9581252,
              31.07205
            ],
            [
              -3.9586831,
              31.0716089
            ],
            [
              -3.959198,
              31.0711678
            ],
            [
              -3.9594984,
              31.0709473
            ],
            [
              -3.9599705,
              31.0704326
            ],
            [
              -3.9604855,
              31.0700283
            ],
            [
              -3.9610434,
              31.069624
            ],
            [
              -3.9616442,
              31.0692931
            ],
            [
              -3.962245,
              31.0688888
            ],
            [
              -3.9628888,
              31.0684844
            ],
            [
              -3.9634467,
              31.0680433
            ],
            [
              -3.9638329,
              31.0674552
            ],
            [
              -3.9643479,
              31.0662789
            ],
            [
              -3.9646054,
              31.0657274
            ],
            [
              -3.9650774,
              31.065176
            ],
            [
              -3.9654637,
              31.0646246
            ],
            [
              -3.9657641,
              31.0640365
            ],
            [
              -3.9659787,
              31.0634115
            ],
            [
              -3.9660216,
              31.0627131
            ],
            [
              -3.9660645,
              31.0620881
            ],
            [
              -3.9662791,
              31.0614632
            ],
            [
              -3.9669657,
              31.060103
            ],
            [
              -3.9673949,
              31.0595515
            ],
            [
              -3.9679957,
              31.0588898
            ],
            [
              -3.9687252,
              31.0583384
            ],
            [
              -3.9694977,
              31.0580075
            ],
            [
              -3.9702273,
              31.0577134
            ],
            [
              -3.9709998,
              31.057456
            ],
            [
              -3.9716864,
              31.0571987
            ],
            [
              -3.9723731,
              31.0569046
            ],
            [
              -3.9730168,
              31.0565737
            ],
            [
              -3.9735318,
              31.0561693
            ],
            [
              -3.9738322,
              31.0555443
            ],
            [
              -3.9735318,
              31.0549561
            ],
            [
              -3.9730597,
              31.0545149
            ],
            [
              -3.9723731,
              31.0542576
            ],
            [
              -3.9717293,
              31.0540737
            ],
            [
              -3.9709998,
              31.0540002
            ],
            [
              -3.9702273,
              31.0540002
            ],
            [
              -3.9694977,
              31.054037
            ],
            [
              -3.9688111,
              31.0542208
            ],
            [
              -3.9674378,
              31.0545149
            ],
            [
              -3.9667082,
              31.0546987
            ],
            [
              -3.9659358,
              31.0549193
            ],
            [
              -3.9652491,
              31.0551399
            ],
            [
              -3.964777,
              31.0556914
            ],
            [
              -3.9645195,
              31.0562428
            ],
            [
              -3.964305,
              31.0568311
            ],
            [
              -3.9641333,
              31.057456
            ],
            [
              -3.9641333,
              31.0581178
            ],
            [
              -3.9640904,
              31.0587795
            ],
            [
              -3.9638758,
              31.0595148
            ],
            [
              -3.9635325,
              31.060103
            ],
            [
              -3.9626313,
              31.060875
            ],
            [
              -3.9613867,
              31.0616837
            ],
            [
              -3.9606142,
              31.0622352
            ],
            [
              -3.9597559,
              31.0630072
            ],
            [
              -3.9594555,
              31.0635586
            ],
            [
              -3.9591122,
              31.0641835
            ],
            [
              -3.9588118,
              31.0648084
            ],
            [
              -3.9578677,
              31.0657642
            ],
            [
              -3.9573527,
              31.0662053
            ],
            [
              -3.9567519,
              31.0666832
            ],
            [
              -3.9562369,
              31.0671243
            ],
            [
              -3.9552069,
              31.0679698
            ],
            [
              -3.9547348,
              31.0684844
            ],
            [
              -3.9543057,
              31.0689991
            ],
            [
              -3.9538765,
              31.0695872
            ],
            [
              -3.9535332,
              31.0701386
            ],
            [
              -3.9531899,
              31.0706532
            ],
            [
              -3.952632,
              31.0710943
            ],
            [
              -3.9519883,
              31.0713884
            ],
            [
              -3.9513016,
              31.0716089
            ],
            [
              -3.9505291,
              31.0717192
            ],
            [
              -3.9488554,
              31.0717192
            ],
            [
              -3.9476538,
              31.0719765
            ],
            [
              -3.947053,
              31.0723073
            ],
            [
              -3.9463664,
              31.0728954
            ],
            [
              -3.9456797,
              31.07341
            ],
            [
              -3.9451647,
              31.0738511
            ],
            [
              -3.9440489,
              31.075689
            ],
            [
              -3.9441348,
              31.0763138
            ],
            [
              -3.9442635,
              31.0769754
            ],
            [
              -3.9443922,
              31.0776738
            ],
            [
              -3.944521,
              31.0783354
            ],
            [
              -3.9446497,
              31.0790337
            ],
            [
              -3.9448643,
              31.0797321
            ],
            [
              -3.9451647,
              31.0804304
            ],
            [
              -3.9454651,
              31.0810185
            ],
            [
              -3.9458514,
              31.0815698
            ],
            [
              -3.9463234,
              31.0820476
            ],
            [
              -3.9476538,
              31.083187
            ],
            [
              -3.9481688,
              31.0837383
            ],
            [
              -3.9486409,
              31.0842896
            ],
            [
              -3.9489842,
              31.0848409
            ],
            [
              -3.9492846,
              31.0854289
            ],
            [
              -3.9494992,
              31.0860904
            ],
            [
              -3.9495421,
              31.086752
            ],
            [
              -3.9495421,
              31.0880751
            ],
            [
              -3.9494563,
              31.0886998
            ],
            [
              -3.9494563,
              31.0893246
            ],
            [
              -3.9494133,
              31.0899494
            ],
            [
              -3.9492417,
              31.0906476
            ],
            [
              -3.94907,
              31.0913091
            ],
            [
              -3.9489413,
              31.0919706
            ],
            [
              -3.9488125,
              31.0925954
            ],
            [
              -3.9487267,
              31.0932201
            ],
            [
              -3.9484692,
              31.0940654
            ],
            [
              -3.9478255,
              31.0950576
            ],
            [
              -3.9466024,
              31.096307
            ],
            [
              -3.9461572,
              31.0965896
            ],
            [
              -3.9437012,
              31.0984694
            ],
            [
              -3.941347,
              31.0997683
            ],
            [
              -3.9400604,
              31.1022939
            ],
            [
              -3.938152,
              31.1045176
            ],
            [
              -3.9375888,
              31.1055851
            ],
            [
              -3.9370223,
              31.1069991
            ],
            [
              -3.9366613,
              31.1083812
            ],
            [
              -3.9357788,
              31.1108638
            ],
            [
              -3.9319035,
              31.1149167
            ],
            [
              -3.9304447,
              31.1194006
            ],
            [
              -3.9297589,
              31.1235829
            ],
            [
              -3.9260888,
              31.1325708
            ],
            [
              -3.9239216,
              31.1367584
            ],
            [
              -3.922043,
              31.1408112
            ],
            [
              -3.9219521,
              31.142969
            ],
            [
              -3.9210758,
              31.146578
            ],
            [
              -3.9208869,
              31.1497172
            ],
            [
              -3.9187593,
              31.1598525
            ],
            [
              -3.9201546,
              31.1694372
            ],
            [
              -3.9210498,
              31.1725252
            ],
            [
              -3.9211088,
              31.1745469
            ],
            [
              -3.9204467,
              31.1780906
            ],
            [
              -3.9195626,
              31.1834131
            ],
            [
              -3.9216744,
              31.1872049
            ],
            [
              -3.9244604,
              31.1934455
            ],
            [
              -3.9308835,
              31.1978785
            ],
            [
              -3.9331179,
              31.2019818
            ],
            [
              -3.9375005,
              31.2066077
            ],
            [
              -3.9367906,
              31.2109788
            ],
            [
              -3.9362573,
              31.2165378
            ],
            [
              -3.9421051,
              31.2219904
            ],
            [
              -3.9479264,
              31.2259489
            ],
            [
              -3.9553459,
              31.2341334
            ],
            [
              -3.9523271,
              31.2365323
            ],
            [
              -3.953179,
              31.2389396
            ],
            [
              -3.9580611,
              31.2404739
            ],
            [
              -3.9634772,
              31.2428864
            ],
            [
              -3.9727165,
              31.2516634
            ],
            [
              -3.9772793,
              31.2556342
            ],
            [
              -3.9796373,
              31.2582618
            ],
            [
              -3.9826557,
              31.2623573
            ],
            [
              -3.9843923,
              31.2669584
            ],
            [
              -3.9852866,
              31.2726762
            ],
            [
              -3.9852048,
              31.2776698
            ],
            [
              -3.9854199,
              31.2802442
            ],
            [
              -3.9851755,
              31.2812147
            ],
            [
              -3.9844139,
              31.2822116
            ],
            [
              -3.9838033,
              31.2830316
            ],
            [
              -3.9831275,
              31.2840986
            ],
            [
              -3.9824776,
              31.2849521
            ],
            [
              -3.9816053,
              31.285768
            ],
            [
              -3.9812891,
              31.2867582
            ],
            [
              -3.9810513,
              31.2875685
            ],
            [
              -3.9806556,
              31.2885972
            ],
            [
              -3.9802812,
              31.2891856
            ],
            [
              -3.9804498,
              31.2895771
            ],
            [
              -3.9810991,
              31.2899581
            ],
            [
              -3.9818407,
              31.2901811
            ],
            [
              -3.9823863,
              31.2899072
            ],
            [
              -3.9825779,
              31.289343
            ],
            [
              -3.9828751,
              31.2886042
            ],
            [
              -3.9833166,
              31.2874529
            ],
            [
              -3.9836069,
              31.2869662
            ],
            [
              -3.9842821,
              31.2857858
            ],
            [
              -3.9843681,
              31.2846721
            ],
            [
              -3.9851791,
              31.2837289
            ],
            [
              -3.9859385,
              31.2830614
            ],
            [
              -3.9862945,
              31.2824525
            ],
            [
              -3.9866598,
              31.2818995
            ],
            [
              -3.9871541,
              31.2810517
            ],
            [
              -3.9881407,
              31.2787102
            ],
            [
              -3.9923867,
              31.2762349
            ],
            [
              -3.9919189,
              31.2692781
            ],
            [
              -3.9918122,
              31.266563
            ],
            [
              -3.9904913,
              31.2619064
            ],
            [
              -3.9902851,
              31.2586786
            ],
            [
              -3.9904404,
              31.2451316
            ],
            [
              -3.9833489,
              31.2421542
            ],
            [
              -3.9801289,
              31.2407654
            ],
            [
              -3.9785676,
              31.2393481
            ],
            [
              -3.9781285,
              31.236665
            ],
            [
              -3.9763966,
              31.2360882
            ],
            [
              -3.9783399,
              31.2314513
            ],
            [
              -3.977267,
              31.228722
            ],
            [
              -3.9775586,
              31.2278791
            ],
            [
              -3.9772812,
              31.2256369
            ],
            [
              -3.9767117,
              31.2243838
            ],
            [
              -3.9764128,
              31.223043
            ],
            [
              -3.9767588,
              31.2224453
            ],
            [
              -3.9777277,
              31.2220533
            ],
            [
              -3.9788924,
              31.2217748
            ],
            [
              -3.9794464,
              31.2201344
            ],
            [
              -3.9787891,
              31.2195805
            ],
            [
              -3.977339,
              31.2195109
            ],
            [
              -3.9761517,
              31.2173285
            ],
            [
              -3.9742999,
              31.2139246
            ],
            [
              -3.9746649,
              31.2128113
            ],
            [
              -3.9768704,
              31.2127151
            ],
            [
              -3.979186,
              31.2121352
            ],
            [
              -3.9838739,
              31.2104185
            ],
            [
              -3.9881836,
              31.2124859
            ],
            [
              -3.9913813,
              31.2130499
            ],
            [
              -3.9969071,
              31.2126114
            ]
          ]
        ]
      },
      "id": "way/37081239"
    },
    {
      "type": "Feature",
      "properties": {
        "@id": "way/40435234",
        "addr:city": "Tanger",
        "addr:postcode": "90000",
        "addr:street": "route de K’sar Séghir",
        "name": "M'Nar Park",
        "tourism": "attraction"
      },
      "geometry": {
        "type": "Polygon",
        "coordinates": [
          [
            [
              -5.7414891,
              35.809385
            ],
            [
              -5.7422509,
              35.8089902
            ],
            [
              -5.7429005,
              35.8088355
            ],
            [
              -5.7428997,
              35.809008
            ],
            [
              -5.7429575,
              35.8091085
            ],
            [
              -5.743633,
              35.809141
            ],
            [
              -5.7444814,
              35.808991
            ],
            [
              -5.7446015,
              35.8077702
            ],
            [
              -5.7446115,
              35.8075378
            ],
            [
              -5.7444958,
              35.8067739
            ],
            [
              -5.7444613,
              35.8067276
            ],
            [
              -5.74416,
              35.8065606
            ],
            [
              -5.743924,
              35.8064818
            ],
            [
              -5.7433974,
              35.8064839
            ],
            [
              -5.743144,
              35.8064755
            ],
            [
              -5.7428534,
              35.8065108
            ],
            [
              -5.7426491,
              35.8067979
            ],
            [
              -5.7423803,
              35.8071439
            ],
            [
              -5.741896,
              35.8076337
            ],
            [
              -5.7414725,
              35.8079128
            ],
            [
              -5.7410555,
              35.808128
            ],
            [
              -5.7407362,
              35.8082506
            ],
            [
              -5.7405339,
              35.8083326
            ],
            [
              -5.740369,
              35.8084344
            ],
            [
              -5.7402306,
              35.8085786
            ],
            [
              -5.7401083,
              35.8087453
            ],
            [
              -5.7398633,
              35.8094574
            ],
            [
              -5.7398144,
              35.8096171
            ],
            [
              -5.7397863,
              35.8097866
            ],
            [
              -5.7400092,
              35.8098597
            ],
            [
              -5.7402955,
              35.8098925
            ],
            [
              -5.7405552,
              35.8098838
            ],
            [
              -5.7414891,
              35.809385
            ]
          ]
        ]
      },
      "id": "way/40435234"
    },
    {
      "type": "Feature",
      "properties": {
        "@id": "way/41922120",
        "contact:instagram": "jardinmajorellemarrakech",
        "description": "Ramadan: 09:00-17:00",
        "fee": "yes",
        "leisure": "park",
        "name": "Jardin Majorelle حديقة ماجوريل",
        "name:ar": "حديقة ماجوريل",
        "name:en": "Majorelle Garden",
        "name:es": "Jardines Majorelle",
        "name:fr": "Jardin Majorelle",
        "name:it": "Giardini majorelle",
        "name:ko": "마조렐 정원",
        "name:zh": "马若雷勒花园",
        "opening_hours": "Oct-Apr: 08:00-17:30; May-Sep: 08:00-18:00",
        "tourism": "attraction",
        "website": "https://www.jardinmajorelle.com/",
        "wikidata": "Q1395431",
        "wikimedia_commons": "Category:Majorelle Garden",
        "wikipedia": "en:Majorelle Garden"
      },
      "geometry": {
        "type": "Polygon",
        "coordinates": [
          [
            [
              -8.003616,
              31.6417199
            ],
            [
              -8.0033804,
              31.641309
            ],
            [
              -8.0031868,
              31.6409863
            ],
            [
              -8.0032013,
              31.6409241
            ],
            [
              -8.0031869,
              31.6408929
            ],
            [
              -8.0029681,
              31.6406433
            ],
            [
              -8.0027396,
              31.6407317
            ],
            [
              -8.0026837,
              31.6407703
            ],
            [
              -8.0026161,
              31.6408118
            ],
            [
              -8.002405,
              31.640913
            ],
            [
              -8.0022157,
              31.6410036
            ],
            [
              -8.0023541,
              31.6412013
            ],
            [
              -8.0022871,
              31.641231
            ],
            [
              -8.0022392,
              31.6412553
            ],
            [
              -8.0022213,
              31.6412667
            ],
            [
              -8.0024347,
              31.6416402
            ],
            [
              -8.0027125,
              31.642092
            ],
            [
              -8.0028051,
              31.642056
            ],
            [
              -8.0034235,
              31.6418156
            ],
            [
              -8.0034081,
              31.6417793
            ],
            [
              -8.003616,
              31.6417199
            ]
          ]
        ]
      },
      "id": "way/41922120"
    },
    {
      "type": "Feature",
      "properties": {
        "@id": "way/43873752",
        "intermittent": "yes",
        "name": "Lac Iriki ⴰⴳⵍⵎⴰⵎ ⵉⵕⵉⵇⵉ بحيرة إيريكي",
        "name:ar": "بحيرة إيريكي",
        "name:ber": "ⴰⴳⵍⵎⴰⵎ ⵉⵕⵉⵇⵉ",
        "name:de": "Iriki See",
        "name:en": "Lake Iriki",
        "name:es": "Lago Iriki",
        "name:fr": "Lac Iriki",
        "natural": "water",
        "tourism": "attraction",
        "wikidata": "Q27522344"
      },
      "geometry": {
        "type": "Polygon",
        "coordinates": [
          [
            [
              -6.5532048,
              29.7720485
            ],
            [
              -6.5446217,
              29.7693665
            ],
            [
              -6.5336354,
              29.7686214
            ],
            [
              -6.5253957,
              29.7708565
            ],
            [
              -6.5108044,
              29.7714525
            ],
            [
              -6.5049679,
              29.7628099
            ],
            [
              -6.4996464,
              29.7592334
            ],
            [
              -6.4946683,
              29.7601276
            ],
            [
              -6.49278,
              29.7660882
            ],
            [
              -6.4908917,
              29.7698135
            ],
            [
              -6.4879735,
              29.7733896
            ],
            [
              -6.4884885,
              29.7794984
            ],
            [
              -6.4829953,
              29.7784555
            ],
            [
              -6.4771588,
              29.7802434
            ],
            [
              -6.4766438,
              29.7841171
            ],
            [
              -6.4785321,
              29.7881396
            ],
            [
              -6.4788754,
              29.7926089
            ],
            [
              -6.4732106,
              29.7985676
            ],
            [
              -6.4747555,
              29.8030365
            ],
            [
              -6.472009,
              29.8070582
            ],
            [
              -6.4653142,
              29.8101862
            ],
            [
              -6.4618809,
              29.8094414
            ],
            [
              -6.4622243,
              29.8148034
            ],
            [
              -6.4610741,
              29.8160067
            ],
            [
              -6.4591344,
              29.8177821
            ],
            [
              -6.4584477,
              29.8237394
            ],
            [
              -6.4589627,
              29.8323767
            ],
            [
              -6.4651425,
              29.8332702
            ],
            [
              -6.4701207,
              29.8360995
            ],
            [
              -6.4783604,
              29.8423535
            ],
            [
              -6.4855627,
              29.8479654
            ],
            [
              -6.4867718,
              29.8489048
            ],
            [
              -6.4977582,
              29.8520314
            ],
            [
              -6.5047963,
              29.8541158
            ],
            [
              -6.5080579,
              29.8518825
            ],
            [
              -6.5120394,
              29.8531203
            ],
            [
              -6.5147526,
              29.8541158
            ],
            [
              -6.5200741,
              29.8605174
            ],
            [
              -6.5233357,
              29.8624528
            ],
            [
              -6.5205891,
              29.8672164
            ],
            [
              -6.5180142,
              29.8715333
            ],
            [
              -6.5209325,
              29.8754035
            ],
            [
              -6.524194,
              29.8748081
            ],
            [
              -6.5283139,
              29.8755523
            ],
            [
              -6.5315755,
              29.8719799
            ],
            [
              -6.5344937,
              29.8704913
            ],
            [
              -6.536382,
              29.8715333
            ],
            [
              -6.536897,
              29.8736173
            ],
            [
              -6.536382,
              29.8755523
            ],
            [
              -6.5394719,
              29.8759989
            ],
            [
              -6.5427335,
              29.8713845
            ],
            [
              -6.54651,
              29.8663233
            ],
            [
              -6.5482266,
              29.8636437
            ],
            [
              -6.5473683,
              29.8603686
            ],
            [
              -6.5499432,
              29.85754
            ],
            [
              -6.5518315,
              29.8545624
            ],
            [
              -6.5518315,
              29.8509892
            ],
            [
              -6.5444501,
              29.847267
            ],
            [
              -6.5411885,
              29.844438
            ],
            [
              -6.5430768,
              29.8417579
            ],
            [
              -6.5386136,
              29.8383331
            ],
            [
              -6.5382703,
              29.8356528
            ],
            [
              -6.5384424,
              29.8340362
            ],
            [
              -6.5384419,
              29.8331213
            ],
            [
              -6.5439351,
              29.8344615
            ],
            [
              -6.5432484,
              29.8322278
            ],
            [
              -6.5409234,
              29.8300446
            ],
            [
              -6.5398152,
              29.8289517
            ],
            [
              -6.5425618,
              29.8250797
            ],
            [
              -6.5458234,
              29.8232926
            ],
            [
              -6.54651,
              29.8204629
            ],
            [
              -6.5396435,
              29.8201651
            ],
            [
              -6.5362103,
              29.8145055
            ],
            [
              -6.5365536,
              29.8079519
            ],
            [
              -6.538539,
              29.8057577
            ],
            [
              -6.5421868,
              29.8035234
            ],
            [
              -6.5451909,
              29.8025552
            ],
            [
              -6.5467358,
              29.8018849
            ],
            [
              -6.5487957,
              29.800358
            ],
            [
              -6.5492249,
              29.8000601
            ],
            [
              -6.549697,
              29.7996877
            ],
            [
              -6.5505124,
              29.7992408
            ],
            [
              -6.5511561,
              29.7992781
            ],
            [
              -6.5518315,
              29.7994614
            ],
            [
              -6.5545781,
              29.7994614
            ],
            [
              -6.5547127,
              29.7992547
            ],
            [
              -6.556638,
              29.7966311
            ],
            [
              -6.5569813,
              29.7929069
            ],
            [
              -6.5552647,
              29.7884376
            ],
            [
              -6.553798,
              29.7871671
            ],
            [
              -6.5523465,
              29.7859049
            ],
            [
              -6.5518561,
              29.78471
            ],
            [
              -6.5510703,
              29.7829653
            ],
            [
              -6.552229,
              29.7811774
            ],
            [
              -6.5534306,
              29.7796503
            ],
            [
              -6.55368,
              29.7790357
            ],
            [
              -6.5542889,
              29.7777506
            ],
            [
              -6.5577221,
              29.7765959
            ],
            [
              -6.5593529,
              29.7758509
            ],
            [
              -6.5600825,
              29.7745844
            ],
            [
              -6.5601254,
              29.7740629
            ],
            [
              -6.5586663,
              29.7735787
            ],
            [
              -6.5541525,
              29.7723764
            ],
            [
              -6.5532048,
              29.7720485
            ]
          ]
        ]
      },
      "id": "way/43873752"
    },
    {
      "type": "Feature",
      "properties": {
        "@id": "way/46584518",
        "email": "juifdumarrakech@gmail.com",
        "fee": "10 DH (2017)",
        "landuse": "cemetery",
        "name": "Cimetière Juif Miaara",
        "name:de": "Jüdischer Friedhof Miaara",
        "name:en": "Jewish Cemetery Miaara",
        "name:fr": "Cimetière Juif Miaara",
        "name:he": "בית הקברות",
        "religion": "jewish",
        "tourism": "attraction",
        "website": "http://www.cimetierejuifmarrakech.com/",
        "wikimedia_commons": "Category:Jewish cemetery, Marrakech"
      },
      "geometry": {
        "type": "Polygon",
        "coordinates": [
          [
            [
              -7.9806364,
              31.6209066
            ],
            [
              -7.9806028,
              31.6208347
            ],
            [
              -7.980522,
              31.6206728
            ],
            [
              -7.9804362,
              31.6204775
            ],
            [
              -7.9803812,
              31.6203713
            ],
            [
              -7.9803201,
              31.6201693
            ],
            [
              -7.9802776,
              31.6200288
            ],
            [
              -7.9802436,
              31.6199368
            ],
            [
              -7.9801995,
              31.6198815
            ],
            [
              -7.9801331,
              31.6197946
            ],
            [
              -7.9799681,
              31.6195822
            ],
            [
              -7.979889,
              31.6193367
            ],
            [
              -7.9796883,
              31.6193577
            ],
            [
              -7.9796282,
              31.6191146
            ],
            [
              -7.9791123,
              31.6191235
            ],
            [
              -7.9790905,
              31.6189258
            ],
            [
              -7.9783259,
              31.6191028
            ],
            [
              -7.9777927,
              31.6192194
            ],
            [
              -7.977502,
              31.619275
            ],
            [
              -7.9775005,
              31.6193412
            ],
            [
              -7.9776541,
              31.619601
            ],
            [
              -7.9779913,
              31.6202599
            ],
            [
              -7.9784984,
              31.6212699
            ],
            [
              -7.9786089,
              31.6212276
            ],
            [
              -7.9788318,
              31.6216611
            ],
            [
              -7.9789413,
              31.6216153
            ],
            [
              -7.9790129,
              31.6217497
            ],
            [
              -7.9806364,
              31.6209066
            ]
          ]
        ]
      },
      "id": "way/46584518"
    },
    {
      "type": "Feature",
      "properties": {
        "@id": "way/97560218",
        "barrier": "city_wall",
        "historic": "yes",
        "name": "Ksar M'Aadid ⵇⵚⵕ ⵎⵄⴰⴹⵉⴹ قصر المعاديد",
        "name:ar": "قصر المعاديد",
        "name:ber": "ⵇⵚⵕ ⵎⵄⴰⴹⵉⴹ",
        "name:fr": "Ksar M'Aadid",
        "tourism": "attraction"
      },
      "geometry": {
        "type": "Polygon",
        "coordinates": [
          [
            [
              -4.2160921,
              31.4674975
            ],
            [
              -4.2163639,
              31.4671611
            ],
            [
              -4.2165022,
              31.4669899
            ],
            [
              -4.2166606,
              31.4667938
            ],
            [
              -4.2165859,
              31.4667439
            ],
            [
              -4.2167678,
              31.4665278
            ],
            [
              -4.2168262,
              31.4665583
            ],
            [
              -4.2168945,
              31.4664669
            ],
            [
              -4.2168833,
              31.4664546
            ],
            [
              -4.2169046,
              31.4664319
            ],
            [
              -4.21687,
              31.4664012
            ],
            [
              -4.2171658,
              31.4660566
            ],
            [
              -4.2165759,
              31.4656443
            ],
            [
              -4.2160614,
              31.4652586
            ],
            [
              -4.2160822,
              31.4652364
            ],
            [
              -4.2160328,
              31.4652032
            ],
            [
              -4.2160198,
              31.4652253
            ],
            [
              -4.2155157,
              31.464853
            ],
            [
              -4.2155442,
              31.4648264
            ],
            [
              -4.2154949,
              31.4647865
            ],
            [
              -4.2154611,
              31.4648197
            ],
            [
              -4.2155089,
              31.4648807
            ],
            [
              -4.2154632,
              31.4649179
            ],
            [
              -4.2154258,
              31.464886
            ],
            [
              -4.2153842,
              31.4649197
            ],
            [
              -4.2154175,
              31.4649552
            ],
            [
              -4.2153426,
              31.465019
            ],
            [
              -4.2153198,
              31.4650066
            ],
            [
              -4.215274,
              31.4650421
            ],
            [
              -4.2152865,
              31.465058
            ],
            [
              -4.2151846,
              31.4651236
            ],
            [
              -4.2151472,
              31.4651023
            ],
            [
              -4.2151305,
              31.4651156
            ],
            [
              -4.214748,
              31.4654198
            ],
            [
              -4.2147252,
              31.465402
            ],
            [
              -4.2146961,
              31.4654375
            ],
            [
              -4.2147148,
              31.4654535
            ],
            [
              -4.2144903,
              31.4657336
            ],
            [
              -4.2144591,
              31.4657159
            ],
            [
              -4.2144341,
              31.465746
            ],
            [
              -4.2144674,
              31.4657691
            ],
            [
              -4.2144528,
              31.4657856
            ],
            [
              -4.2141098,
              31.4661734
            ],
            [
              -4.2140869,
              31.4661592
            ],
            [
              -4.2140599,
              31.4661947
            ],
            [
              -4.2140807,
              31.4662071
            ],
            [
              -4.2139042,
              31.4664093
            ],
            [
              -4.2134092,
              31.4669767
            ],
            [
              -4.2133739,
              31.4669678
            ],
            [
              -4.2133219,
              31.4670245
            ],
            [
              -4.2133655,
              31.4670582
            ],
            [
              -4.2133863,
              31.4670423
            ],
            [
              -4.2140121,
              31.4674483
            ],
            [
              -4.2139851,
              31.4674767
            ],
            [
              -4.2140225,
              31.467498
            ],
            [
              -4.2140474,
              31.4674696
            ],
            [
              -4.2143343,
              31.4676735
            ],
            [
              -4.2151015,
              31.4681541
            ],
            [
              -4.2150724,
              31.4681753
            ],
            [
              -4.215143,
              31.4682268
            ],
            [
              -4.2151846,
              31.468186
            ],
            [
              -4.215168,
              31.46817
            ],
            [
              -4.2155803,
              31.4678201
            ],
            [
              -4.2155921,
              31.4678101
            ],
            [
              -4.2156669,
              31.4678668
            ],
            [
              -4.2160921,
              31.4674975
            ]
          ]
        ]
      },
      "id": "way/97560218"
    },
    {
      "type": "Feature",
      "properties": {
        "@id": "way/116504652",
        "addr:city": "السمارة",
        "name": "Zaouia de Cheikh Ma El Aïnin زاوية الشيخ مع العينين",
        "name:ar": "زاوية الشيخ مع العينين",
        "name:fr": "Zaouia de Cheikh Ma El Aïnin",
        "tourism": "attraction"
      },
      "geometry": {
        "type": "Polygon",
        "coordinates": [
          [
            [
              -11.6801615,
              26.7427425
            ],
            [
              -11.6805495,
              26.7423082
            ],
            [
              -11.6800853,
              26.7419882
            ],
            [
              -11.6796973,
              26.7424562
            ],
            [
              -11.6801615,
              26.7427425
            ]
          ]
        ]
      },
      "id": "way/116504652"
    },
    {
      "type": "Feature",
      "properties": {
        "@id": "way/168411677",
        "designation": "Centre Culturel",
        "name": "Anciens Abattoirs de Casablanca",
        "name:en": "Ancient Slaughterhouses of Casablanca",
        "tourism": "attraction"
      },
      "geometry": {
        "type": "Polygon",
        "coordinates": [
          [
            [
              -7.5843646,
              33.5946479
            ],
            [
              -7.5827392,
              33.5937274
            ],
            [
              -7.5800742,
              33.5947297
            ],
            [
              -7.5806142,
              33.5957843
            ],
            [
              -7.5812606,
              33.595772
            ],
            [
              -7.5813153,
              33.5958377
            ],
            [
              -7.5815839,
              33.5958083
            ],
            [
              -7.5841104,
              33.5948391
            ],
            [
              -7.5843646,
              33.5946479
            ]
          ]
        ]
      },
      "id": "way/168411677"
    },
    {
      "type": "Feature",
      "properties": {
        "@id": "way/175612028",
        "archaeological_site": "city",
        "barrier": "fence",
        "fee": "yes",
        "fence_type": "chain_link",
        "heritage": "1",
        "heritage:operator": "whc",
        "historic": "archaeological_site",
        "leisure": "park",
        "name": "Volubilis وليلي ⵡⴰⵍⵉⵍⵉ",
        "name:ar": "وليلي",
        "name:en": "Volubilis",
        "name:fr": "Volubilis",
        "name:zgh": "ⵡⴰⵍⵉⵍⵉ",
        "ref:whc": "836",
        "tourism": "attraction",
        "website": "https://sitedevolubilis.org/",
        "whc:criteria": "2;3;4;6",
        "whc:inscription_date": "1997",
        "wikidata": "Q391215",
        "wikimedia_commons": "Category:Volubilis",
        "wikipedia": "en:Volubilis"
      },
      "geometry": {
        "type": "Polygon",
        "coordinates": [
          [
            [
              -5.5533938,
              34.0773618
            ],
            [
              -5.5540587,
              34.0769624
            ],
            [
              -5.554818,
              34.0764164
            ],
            [
              -5.5552143,
              34.0761709
            ],
            [
              -5.5558099,
              34.0757555
            ],
            [
              -5.5567171,
              34.0754958
            ],
            [
              -5.5571289,
              34.0752639
            ],
            [
              -5.5577572,
              34.074744
            ],
            [
              -5.5586715,
              34.0740425
            ],
            [
              -5.5592874,
              34.0735354
            ],
            [
              -5.5592679,
              34.0734138
            ],
            [
              -5.5591036,
              34.0729127
            ],
            [
              -5.5588932,
              34.0724873
            ],
            [
              -5.5586291,
              34.0719674
            ],
            [
              -5.5584725,
              34.0719649
            ],
            [
              -5.55837,
              34.071931
            ],
            [
              -5.5582752,
              34.0718488
            ],
            [
              -5.5582163,
              34.071789
            ],
            [
              -5.5581901,
              34.0717069
            ],
            [
              -5.5582581,
              34.0714936
            ],
            [
              -5.5584793,
              34.0708899
            ],
            [
              -5.558509,
              34.0707549
            ],
            [
              -5.5584756,
              34.0706751
            ],
            [
              -5.5582491,
              34.0704117
            ],
            [
              -5.5581793,
              34.0703376
            ],
            [
              -5.5576645,
              34.0701014
            ],
            [
              -5.5572756,
              34.0699725
            ],
            [
              -5.5571015,
              34.0698744
            ],
            [
              -5.5570089,
              34.0698744
            ],
            [
              -5.5569015,
              34.069902
            ],
            [
              -5.5567422,
              34.0699603
            ],
            [
              -5.5565496,
              34.0699879
            ],
            [
              -5.5563052,
              34.0700063
            ],
            [
              -5.5560941,
              34.0699971
            ],
            [
              -5.5536546,
              34.0695786
            ],
            [
              -5.5531984,
              34.0695464
            ],
            [
              -5.5531434,
              34.0695659
            ],
            [
              -5.5531251,
              34.0696071
            ],
            [
              -5.5531041,
              34.0696678
            ],
            [
              -5.5530892,
              34.0697321
            ],
            [
              -5.5528045,
              34.0699256
            ],
            [
              -5.5527112,
              34.0706544
            ],
            [
              -5.5527599,
              34.070712
            ],
            [
              -5.5528108,
              34.0707721
            ],
            [
              -5.5528044,
              34.070804
            ],
            [
              -5.5527453,
              34.0711127
            ],
            [
              -5.5526895,
              34.0713962
            ],
            [
              -5.5521804,
              34.0722933
            ],
            [
              -5.5514183,
              34.073532
            ],
            [
              -5.5514414,
              34.0751019
            ],
            [
              -5.5512836,
              34.0758411
            ],
            [
              -5.5511999,
              34.0762599
            ],
            [
              -5.5516453,
              34.0767398
            ],
            [
              -5.5517068,
              34.076806
            ],
            [
              -5.5520957,
              34.0771434
            ],
            [
              -5.5521957,
              34.0772017
            ],
            [
              -5.5523994,
              34.0772489
            ],
            [
              -5.5527957,
              34.077306
            ],
            [
              -5.5533938,
              34.0773618
            ]
          ]
        ]
      },
      "id": "way/175612028"
    },
    {
      "type": "Feature",
      "properties": {
        "@id": "way/178118101",
        "alt_name": "Ait Mansour Palm Grove",
        "landuse": "orchard",
        "leaf_cycle": "evergreen",
        "leaf_type": "needleleaved",
        "name": "Palmeraie d'Ait Mansour",
        "produce": "date",
        "tourism": "attraction",
        "trees": "date_palms"
      },
      "geometry": {
        "type": "Polygon",
        "coordinates": [
          [
            [
              -8.8805319,
              29.5491885
            ],
            [
              -8.8799783,
              29.5484233
            ],
            [
              -8.8798079,
              29.5481945
            ],
            [
              -8.8796431,
              29.5479885
            ],
            [
              -8.879539,
              29.5478741
            ],
            [
              -8.8793914,
              29.5477367
            ],
            [
              -8.8793088,
              29.5476688
            ],
            [
              -8.8792087,
              29.5476024
            ],
            [
              -8.8791245,
              29.5475598
            ],
            [
              -8.8788862,
              29.5474643
            ],
            [
              -8.8785355,
              29.5473358
            ],
            [
              -8.8783615,
              29.5472881
            ],
            [
              -8.8781803,
              29.5472705
            ],
            [
              -8.8781221,
              29.5472716
            ],
            [
              -8.8780605,
              29.5472828
            ],
            [
              -8.8780162,
              29.5473002
            ],
            [
              -8.877907,
              29.5473657
            ],
            [
              -8.8777452,
              29.5475079
            ],
            [
              -8.8776975,
              29.547534
            ],
            [
              -8.8775632,
              29.547574
            ],
            [
              -8.8773915,
              29.5475889
            ],
            [
              -8.8770483,
              29.5475806
            ],
            [
              -8.8768384,
              29.5475609
            ],
            [
              -8.8767822,
              29.5475463
            ],
            [
              -8.8766755,
              29.5474946
            ],
            [
              -8.8765214,
              29.5473717
            ],
            [
              -8.8764855,
              29.5473264
            ],
            [
              -8.8764471,
              29.5472516
            ],
            [
              -8.8764192,
              29.5471723
            ],
            [
              -8.8763739,
              29.5470094
            ],
            [
              -8.8763541,
              29.5469077
            ],
            [
              -8.8763403,
              29.5467658
            ],
            [
              -8.876337,
              29.5466308
            ],
            [
              -8.8763408,
              29.5463679
            ],
            [
              -8.8763378,
              29.5462412
            ],
            [
              -8.876325,
              29.5461238
            ],
            [
              -8.8763065,
              29.546055
            ],
            [
              -8.8762396,
              29.5459219
            ],
            [
              -8.8761825,
              29.5458513
            ],
            [
              -8.8759965,
              29.5457054
            ],
            [
              -8.8759217,
              29.5456603
            ],
            [
              -8.8757977,
              29.5456039
            ],
            [
              -8.8757442,
              29.5455897
            ],
            [
              -8.875666,
              29.5455833
            ],
            [
              -8.8754365,
              29.5456036
            ],
            [
              -8.8753492,
              29.5456263
            ],
            [
              -8.8752397,
              29.5456779
            ],
            [
              -8.8751447,
              29.545741
            ],
            [
              -8.8749689,
              29.5458787
            ],
            [
              -8.8748728,
              29.5459672
            ],
            [
              -8.8747601,
              29.5460949
            ],
            [
              -8.8746685,
              29.5462192
            ],
            [
              -8.8744313,
              29.5465814
            ],
            [
              -8.8743392,
              29.5467457
            ],
            [
              -8.8742872,
              29.5468789
            ],
            [
              -8.8742743,
              29.546907
            ],
            [
              -8.8742524,
              29.5469497
            ],
            [
              -8.8742097,
              29.5470282
            ],
            [
              -8.8741876,
              29.5470715
            ],
            [
              -8.8741642,
              29.5471229
            ],
            [
              -8.8741471,
              29.5471654
            ],
            [
              -8.8741195,
              29.5472412
            ],
            [
              -8.8740955,
              29.547283
            ],
            [
              -8.874051,
              29.5473323
            ],
            [
              -8.874001,
              29.5473727
            ],
            [
              -8.8738954,
              29.5474446
            ],
            [
              -8.8738348,
              29.5474806
            ],
            [
              -8.8737585,
              29.5475164
            ],
            [
              -8.8736921,
              29.5475402
            ],
            [
              -8.873569,
              29.5475758
            ],
            [
              -8.8735055,
              29.5475847
            ],
            [
              -8.8734379,
              29.5475757
            ],
            [
              -8.8733888,
              29.5475519
            ],
            [
              -8.8733091,
              29.5474894
            ],
            [
              -8.8732667,
              29.5474504
            ],
            [
              -8.8732191,
              29.5473956
            ],
            [
              -8.8731823,
              29.5473435
            ],
            [
              -8.8731192,
              29.5472418
            ],
            [
              -8.8730876,
              29.5471802
            ],
            [
              -8.8730557,
              29.547097
            ],
            [
              -8.8730342,
              29.54702
            ],
            [
              -8.8730017,
              29.5468723
            ],
            [
              -8.8729873,
              29.5467929
            ],
            [
              -8.872977,
              29.5467024
            ],
            [
              -8.872974,
              29.5466311
            ],
            [
              -8.8729754,
              29.5465075
            ],
            [
              -8.8729741,
              29.5464411
            ],
            [
              -8.872971,
              29.546398
            ],
            [
              -8.872943,
              29.5462027
            ],
            [
              -8.8729257,
              29.5461583
            ],
            [
              -8.8728918,
              29.5461283
            ],
            [
              -8.8728524,
              29.5461228
            ],
            [
              -8.8727685,
              29.5461363
            ],
            [
              -8.8727283,
              29.5461247
            ],
            [
              -8.872692,
              29.5460765
            ],
            [
              -8.8726715,
              29.5460078
            ],
            [
              -8.8726463,
              29.5458499
            ],
            [
              -8.872624,
              29.5457674
            ],
            [
              -8.8725822,
              29.5456778
            ],
            [
              -8.8725348,
              29.5456109
            ],
            [
              -8.8724343,
              29.5455001
            ],
            [
              -8.8723771,
              29.5454468
            ],
            [
              -8.8723056,
              29.5453978
            ],
            [
              -8.8722438,
              29.5453694
            ],
            [
              -8.8720646,
              29.5453201
            ],
            [
              -8.8719119,
              29.5453243
            ],
            [
              -8.8717074,
              29.5453679
            ],
            [
              -8.8716192,
              29.5453945
            ],
            [
              -8.871239,
              29.5455403
            ],
            [
              -8.8709982,
              29.5456228
            ],
            [
              -8.8709143,
              29.5456421
            ],
            [
              -8.870819,
              29.5456472
            ],
            [
              -8.8707442,
              29.5456364
            ],
            [
              -8.8706148,
              29.5455988
            ],
            [
              -8.8705478,
              29.5455248
            ],
            [
              -8.870476,
              29.5453402
            ],
            [
              -8.8704235,
              29.5451067
            ],
            [
              -8.8703374,
              29.5445908
            ],
            [
              -8.8702897,
              29.5443345
            ],
            [
              -8.8702324,
              29.5440815
            ],
            [
              -8.8701846,
              29.5439163
            ],
            [
              -8.8700987,
              29.5436735
            ],
            [
              -8.8700528,
              29.5435551
            ],
            [
              -8.870001,
              29.5434425
            ],
            [
              -8.8699605,
              29.5433733
            ],
            [
              -8.869891,
              29.5432784
            ],
            [
              -8.8698559,
              29.5432114
            ],
            [
              -8.86982,
              29.5431054
            ],
            [
              -8.8697953,
              29.5429957
            ],
            [
              -8.8697571,
              29.5427727
            ],
            [
              -8.8697228,
              29.5426391
            ],
            [
              -8.8696581,
              29.5424616
            ],
            [
              -8.8695846,
              29.5422993
            ],
            [
              -8.8694287,
              29.5419897
            ],
            [
              -8.8693414,
              29.5418314
            ],
            [
              -8.8692353,
              29.5416657
            ],
            [
              -8.8691459,
              29.5415481
            ],
            [
              -8.8689836,
              29.5413607
            ],
            [
              -8.8688913,
              29.5412696
            ],
            [
              -8.8687768,
              29.5411837
            ],
            [
              -8.8686781,
              29.5411315
            ],
            [
              -8.8684025,
              29.5410287
            ],
            [
              -8.8683017,
              29.5410027
            ],
            [
              -8.8681072,
              29.5409839
            ],
            [
              -8.8680416,
              29.5409873
            ],
            [
              -8.8679657,
              29.5410049
            ],
            [
              -8.8679046,
              29.541031
            ],
            [
              -8.867741,
              29.5411201
            ],
            [
              -8.8676789,
              29.5411456
            ],
            [
              -8.8675098,
              29.5411915
            ],
            [
              -8.8674605,
              29.5412237
            ],
            [
              -8.8674213,
              29.5412613
            ],
            [
              -8.867314,
              29.5413926
            ],
            [
              -8.8672664,
              29.541464
            ],
            [
              -8.8671514,
              29.5416659
            ],
            [
              -8.8671117,
              29.5417547
            ],
            [
              -8.8670671,
              29.5418875
            ],
            [
              -8.8670323,
              29.54202
            ],
            [
              -8.8669728,
              29.5422848
            ],
            [
              -8.8669407,
              29.5424071
            ],
            [
              -8.866904,
              29.542509
            ],
            [
              -8.8668749,
              29.5425567
            ],
            [
              -8.8667884,
              29.5426198
            ],
            [
              -8.8667306,
              29.5426449
            ],
            [
              -8.8666703,
              29.5426647
            ],
            [
              -8.8665473,
              29.542699
            ],
            [
              -8.8664803,
              29.5426856
            ],
            [
              -8.8664021,
              29.5426112
            ],
            [
              -8.8663389,
              29.5425006
            ],
            [
              -8.8662275,
              29.542243
            ],
            [
              -8.8661593,
              29.5420854
            ],
            [
              -8.8661284,
              29.5420141
            ],
            [
              -8.8658108,
              29.5412802
            ],
            [
              -8.8656995,
              29.5410938
            ],
            [
              -8.8655338,
              29.5409231
            ],
            [
              -8.865369,
              29.5408249
            ],
            [
              -8.864886,
              29.5406447
            ],
            [
              -8.8647524,
              29.5405988
            ],
            [
              -8.8646839,
              29.5405789
            ],
            [
              -8.8646119,
              29.5405649
            ],
            [
              -8.8645722,
              29.5405529
            ],
            [
              -8.864525,
              29.5405309
            ],
            [
              -8.8644861,
              29.5405062
            ],
            [
              -8.8644166,
              29.5404541
            ],
            [
              -8.864379,
              29.540432
            ],
            [
              -8.8643359,
              29.5404177
            ],
            [
              -8.8643016,
              29.540416
            ],
            [
              -8.8642417,
              29.5404253
            ],
            [
              -8.8642025,
              29.5404234
            ],
            [
              -8.8641448,
              29.5404086
            ],
            [
              -8.8640878,
              29.5403858
            ],
            [
              -8.8639744,
              29.5403322
            ],
            [
              -8.8638996,
              29.540276
            ],
            [
              -8.8637885,
              29.5401611
            ],
            [
              -8.8636781,
              29.5400257
            ],
            [
              -8.8634581,
              29.5397346
            ],
            [
              -8.863351,
              29.5395857
            ],
            [
              -8.8632499,
              29.5394301
            ],
            [
              -8.8631885,
              29.5393197
            ],
            [
              -8.8631051,
              29.539144
            ],
            [
              -8.8630794,
              29.5390651
            ],
            [
              -8.8630855,
              29.5390039
            ],
            [
              -8.8631215,
              29.538981
            ],
            [
              -8.8632231,
              29.5389731
            ],
            [
              -8.8632712,
              29.5389582
            ],
            [
              -8.8633136,
              29.5389212
            ],
            [
              -8.8633363,
              29.5388745
            ],
            [
              -8.863362,
              29.5387714
            ],
            [
              -8.8633478,
              29.538705
            ],
            [
              -8.8632797,
              29.5386089
            ],
            [
              -8.8631802,
              29.5385151
            ],
            [
              -8.8629501,
              29.53833
            ],
            [
              -8.862777,
              29.5382557
            ],
            [
              -8.8624879,
              29.5382179
            ],
            [
              -8.8621791,
              29.5382292
            ],
            [
              -8.861542,
              29.5383011
            ],
            [
              -8.8612198,
              29.5383332
            ],
            [
              -8.8608906,
              29.5383576
            ],
            [
              -8.860664,
              29.5383663
            ],
            [
              -8.8603133,
              29.5383679
            ],
            [
              -8.8601104,
              29.5383644
            ],
            [
              -8.8598523,
              29.5383522
            ],
            [
              -8.8596249,
              29.5383354
            ],
            [
              -8.859201,
              29.5382972
            ],
            [
              -8.8589887,
              29.5382712
            ],
            [
              -8.8587758,
              29.5382312
            ],
            [
              -8.8586332,
              29.5381907
            ],
            [
              -8.8584182,
              29.538109
            ],
            [
              -8.858319,
              29.538049
            ],
            [
              -8.8582364,
              29.5379506
            ],
            [
              -8.8581978,
              29.5378467
            ],
            [
              -8.8581648,
              29.5376333
            ],
            [
              -8.8581692,
              29.5375234
            ],
            [
              -8.8582157,
              29.5374073
            ],
            [
              -8.8582886,
              29.5373236
            ],
            [
              -8.8584609,
              29.5371885
            ],
            [
              -8.8585581,
              29.5371265
            ],
            [
              -8.8586773,
              29.5370753
            ],
            [
              -8.8587787,
              29.537052
            ],
            [
              -8.858964,
              29.5370335
            ],
            [
              -8.8591003,
              29.537006
            ],
            [
              -8.8593241,
              29.5369423
            ],
            [
              -8.8595607,
              29.5368634
            ],
            [
              -8.8600469,
              29.5366906
            ],
            [
              -8.8602833,
              29.5365934
            ],
            [
              -8.8605065,
              29.5364746
            ],
            [
              -8.860642,
              29.5363739
            ],
            [
              -8.8609134,
              29.5361009
            ],
            [
              -8.8610413,
              29.5359635
            ],
            [
              -8.8611314,
              29.5358509
            ],
            [
              -8.8611635,
              29.5358004
            ],
            [
              -8.8612231,
              29.5356773
            ],
            [
              -8.8612776,
              29.5355371
            ],
            [
              -8.8613659,
              29.535274
            ],
            [
              -8.8613869,
              29.5351804
            ],
            [
              -8.8613915,
              29.5350753
            ],
            [
              -8.8613782,
              29.534994
            ],
            [
              -8.8613071,
              29.5347859
            ],
            [
              -8.8612724,
              29.5347183
            ],
            [
              -8.8611814,
              29.5346106
            ],
            [
              -8.8610148,
              29.5344671
            ],
            [
              -8.8606175,
              29.5341547
            ],
            [
              -8.8603705,
              29.5339743
            ],
            [
              -8.8603038,
              29.5339349
            ],
            [
              -8.8601749,
              29.5338803
            ],
            [
              -8.8599345,
              29.5338095
            ],
            [
              -8.8597328,
              29.5337705
            ],
            [
              -8.8595352,
              29.5337581
            ],
            [
              -8.8591145,
              29.5337563
            ],
            [
              -8.858966,
              29.5337615
            ],
            [
              -8.8588046,
              29.533777
            ],
            [
              -8.8586841,
              29.5337976
            ],
            [
              -8.8584842,
              29.5338441
            ],
            [
              -8.8583506,
              29.5338903
            ],
            [
              -8.8581501,
              29.5339825
            ],
            [
              -8.8579493,
              29.53409
            ],
            [
              -8.8575477,
              29.5343202
            ],
            [
              -8.8573446,
              29.5344285
            ],
            [
              -8.857137,
              29.5345234
            ],
            [
              -8.8569942,
              29.5345732
            ],
            [
              -8.8567731,
              29.5346277
            ],
            [
              -8.8566576,
              29.5346486
            ],
            [
              -8.8565321,
              29.534657
            ],
            [
              -8.8564384,
              29.5346501
            ],
            [
              -8.8562829,
              29.5346208
            ],
            [
              -8.8561984,
              29.5345965
            ],
            [
              -8.8561003,
              29.5345529
            ],
            [
              -8.8560215,
              29.5345045
            ],
            [
              -8.8558831,
              29.5344028
            ],
            [
              -8.8557675,
              29.534329
            ],
            [
              -8.8552413,
              29.5348244
            ],
            [
              -8.8553587,
              29.5349519
            ],
            [
              -8.8556017,
              29.535142
            ],
            [
              -8.8557071,
              29.5352177
            ],
            [
              -8.8559562,
              29.5353812
            ],
            [
              -8.8560387,
              29.5354278
            ],
            [
              -8.8561258,
              29.5354637
            ],
            [
              -8.8561884,
              29.535477
            ],
            [
              -8.8564125,
              29.5354841
            ],
            [
              -8.8565694,
              29.5354845
            ],
            [
              -8.8566434,
              29.5354776
            ],
            [
              -8.8568928,
              29.5354291
            ],
            [
              -8.8574307,
              29.5352996
            ],
            [
              -8.857689,
              29.5352319
            ],
            [
              -8.8578045,
              29.5351795
            ],
            [
              -8.8579925,
              29.5350643
            ],
            [
              -8.8581903,
              29.5349246
            ],
            [
              -8.8585958,
              29.534621
            ],
            [
              -8.8588013,
              29.53448
            ],
            [
              -8.8590123,
              29.5343609
            ],
            [
              -8.8591585,
              29.5343034
            ],
            [
              -8.8593861,
              29.5342498
            ],
            [
              -8.8595056,
              29.534233
            ],
            [
              -8.8596363,
              29.5342361
            ],
            [
              -8.8597348,
              29.534258
            ],
            [
              -8.8599804,
              29.5343554
            ],
            [
              -8.8601071,
              29.5344299
            ],
            [
              -8.8602134,
              29.534529
            ],
            [
              -8.8602574,
              29.5345874
            ],
            [
              -8.860356,
              29.5347607
            ],
            [
              -8.860402,
              29.5348844
            ],
            [
              -8.860406,
              29.5349311
            ],
            [
              -8.8603938,
              29.5350483
            ],
            [
              -8.8603743,
              29.5351293
            ],
            [
              -8.8603239,
              29.5352615
            ],
            [
              -8.8602964,
              29.5353033
            ],
            [
              -8.8602728,
              29.535325
            ],
            [
              -8.8601327,
              29.5354997
            ],
            [
              -8.86007,
              29.5355475
            ],
            [
              -8.8599134,
              29.5356403
            ],
            [
              -8.8597325,
              29.5357187
            ],
            [
              -8.859507,
              29.5357881
            ],
            [
              -8.8593168,
              29.5358415
            ],
            [
              -8.8591587,
              29.5358793
            ],
            [
              -8.8588779,
              29.5359634
            ],
            [
              -8.858745,
              29.5359927
            ],
            [
              -8.8585804,
              29.5360197
            ],
            [
              -8.8584137,
              29.5360332
            ],
            [
              -8.8583478,
              29.5360458
            ],
            [
              -8.8581176,
              29.5361192
            ],
            [
              -8.8579331,
              29.53616
            ],
            [
              -8.8578745,
              29.5361782
            ],
            [
              -8.8578425,
              29.5361972
            ],
            [
              -8.8578315,
              29.5362073
            ],
            [
              -8.8578125,
              29.5362353
            ],
            [
              -8.8577526,
              29.5363865
            ],
            [
              -8.8577326,
              29.5364212
            ],
            [
              -8.8576103,
              29.5365792
            ],
            [
              -8.8574944,
              29.5368249
            ],
            [
              -8.8574378,
              29.5369038
            ],
            [
              -8.8573749,
              29.5369663
            ],
            [
              -8.8571597,
              29.537125
            ],
            [
              -8.8570842,
              29.537187
            ],
            [
              -8.8570048,
              29.5372699
            ],
            [
              -8.8569593,
              29.5373354
            ],
            [
              -8.8569097,
              29.537466
            ],
            [
              -8.8569123,
              29.5376801
            ],
            [
              -8.8569237,
              29.5377454
            ],
            [
              -8.8569606,
              29.5378342
            ],
            [
              -8.8570198,
              29.5379405
            ],
            [
              -8.8571104,
              29.538066
            ],
            [
              -8.8572157,
              29.5382383
            ],
            [
              -8.8573198,
              29.5383628
            ],
            [
              -8.8574575,
              29.5384895
            ],
            [
              -8.8577461,
              29.5386719
            ],
            [
              -8.8577616,
              29.5386854
            ],
            [
              -8.8580886,
              29.5388747
            ],
            [
              -8.8583107,
              29.5389862
            ],
            [
              -8.8583715,
              29.5390065
            ],
            [
              -8.8587347,
              29.5390219
            ],
            [
              -8.8598593,
              29.5390582
            ],
            [
              -8.8602077,
              29.5390656
            ],
            [
              -8.8604762,
              29.5390629
            ],
            [
              -8.8605525,
              29.5390537
            ],
            [
              -8.8605752,
              29.539051
            ],
            [
              -8.8606038,
              29.5390182
            ],
            [
              -8.860661,
              29.5389963
            ],
            [
              -8.8608041,
              29.5389635
            ],
            [
              -8.8609854,
              29.5389308
            ],
            [
              -8.8613861,
              29.5388652
            ],
            [
              -8.8615817,
              29.5388411
            ],
            [
              -8.8617677,
              29.5388341
            ],
            [
              -8.8618822,
              29.5388466
            ],
            [
              -8.8620396,
              29.5388911
            ],
            [
              -8.8621195,
              29.5389175
            ],
            [
              -8.8622016,
              29.5389522
            ],
            [
              -8.8622587,
              29.5389836
            ],
            [
              -8.8623479,
              29.5390431
            ],
            [
              -8.862407,
              29.5390891
            ],
            [
              -8.8624952,
              29.5391676
            ],
            [
              -8.8625832,
              29.5392524
            ],
            [
              -8.8627588,
              29.5394282
            ],
            [
              -8.8628279,
              29.539518
            ],
            [
              -8.8628597,
              29.5396113
            ],
            [
              -8.8628435,
              29.539677
            ],
            [
              -8.8627632,
              29.539781
            ],
            [
              -8.8627213,
              29.5398293
            ],
            [
              -8.8626758,
              29.5398704
            ],
            [
              -8.862642,
              29.5398906
            ],
            [
              -8.8625861,
              29.5399099
            ],
            [
              -8.8625564,
              29.539921
            ],
            [
              -8.8625232,
              29.539935
            ],
            [
              -8.8624977,
              29.5399473
            ],
            [
              -8.8624542,
              29.5399699
            ],
            [
              -8.8624328,
              29.5399839
            ],
            [
              -8.8624119,
              29.5400031
            ],
            [
              -8.8623985,
              29.5400212
            ],
            [
              -8.8623792,
              29.5400561
            ],
            [
              -8.8623711,
              29.5400868
            ],
            [
              -8.8623659,
              29.540144
            ],
            [
              -8.8623655,
              29.5402085
            ],
            [
              -8.8623692,
              29.5403449
            ],
            [
              -8.8623858,
              29.5404234
            ],
            [
              -8.8624318,
              29.5405225
            ],
            [
              -8.8624919,
              29.5406091
            ],
            [
              -8.8626262,
              29.5407699
            ],
            [
              -8.8627225,
              29.5408627
            ],
            [
              -8.8628773,
              29.5409803
            ],
            [
              -8.8630389,
              29.5410835
            ],
            [
              -8.8633689,
              29.5412755
            ],
            [
              -8.8635663,
              29.5413526
            ],
            [
              -8.8638283,
              29.5413916
            ],
            [
              -8.8640676,
              29.5413798
            ],
            [
              -8.8645235,
              29.541305
            ],
            [
              -8.8647361,
              29.5412809
            ],
            [
              -8.8649179,
              29.5412834
            ],
            [
              -8.8650084,
              29.5413116
            ],
            [
              -8.8650979,
              29.5413937
            ],
            [
              -8.8651932,
              29.5415144
            ],
            [
              -8.8653896,
              29.5417943
            ],
            [
              -8.8656216,
              29.5421402
            ],
            [
              -8.8661213,
              29.5428979
            ],
            [
              -8.8663646,
              29.5432244
            ],
            [
              -8.866595,
              29.5434463
            ],
            [
              -8.8667356,
              29.5434895
            ],
            [
              -8.8670278,
              29.5433443
            ],
            [
              -8.8671388,
              29.5432772
            ],
            [
              -8.8673645,
              29.5431091
            ],
            [
              -8.8674227,
              29.5430515
            ],
            [
              -8.8674557,
              29.5429879
            ],
            [
              -8.8674525,
              29.5429396
            ],
            [
              -8.8674101,
              29.5428581
            ],
            [
              -8.8674167,
              29.542793
            ],
            [
              -8.8674791,
              29.542679
            ],
            [
              -8.8675766,
              29.5425542
            ],
            [
              -8.8678063,
              29.5422938
            ],
            [
              -8.8679153,
              29.5421735
            ],
            [
              -8.8680125,
              29.5420729
            ],
            [
              -8.8680655,
              29.5420257
            ],
            [
              -8.8681274,
              29.5419846
            ],
            [
              -8.8681691,
              29.5419643
            ],
            [
              -8.8682325,
              29.5419447
            ],
            [
              -8.8682964,
              29.5419323
            ],
            [
              -8.8684249,
              29.5419147
            ],
            [
              -8.868485,
              29.5419175
            ],
            [
              -8.868537,
              29.5419435
            ],
            [
              -8.8685634,
              29.541984
            ],
            [
              -8.868591,
              29.5420796
            ],
            [
              -8.8686061,
              29.5421288
            ],
            [
              -8.8686241,
              29.542181
            ],
            [
              -8.8686653,
              29.5422792
            ],
            [
              -8.8689199,
              29.542922
            ],
            [
              -8.8696833,
              29.5448644
            ],
            [
              -8.8699393,
              29.5454695
            ],
            [
              -8.8701807,
              29.5459447
            ],
            [
              -8.8703272,
              29.5461315
            ],
            [
              -8.870525,
              29.546217
            ],
            [
              -8.8706279,
              29.5462502
            ],
            [
              -8.8707386,
              29.5462644
            ],
            [
              -8.8708202,
              29.5462548
            ],
            [
              -8.8710315,
              29.5461889
            ],
            [
              -8.871371,
              29.5461056
            ],
            [
              -8.8714559,
              29.5460922
            ],
            [
              -8.8715531,
              29.546088
            ],
            [
              -8.8716302,
              29.5460944
            ],
            [
              -8.8718335,
              29.5461356
            ],
            [
              -8.8719584,
              29.5461964
            ],
            [
              -8.8720831,
              29.5463012
            ],
            [
              -8.8721212,
              29.5463567
            ],
            [
              -8.8721747,
              29.546511
            ],
            [
              -8.872223,
              29.5467526
            ],
            [
              -8.8723065,
              29.5472913
            ],
            [
              -8.8723466,
              29.547485
            ],
            [
              -8.8724113,
              29.547701
            ],
            [
              -8.872479,
              29.5478672
            ],
            [
              -8.8726177,
              29.5481498
            ],
            [
              -8.8726874,
              29.5482826
            ],
            [
              -8.8727581,
              29.548398
            ],
            [
              -8.8728061,
              29.5484578
            ],
            [
              -8.8728794,
              29.5485216
            ],
            [
              -8.8729533,
              29.5485517
            ],
            [
              -8.8731018,
              29.5485783
            ],
            [
              -8.8732753,
              29.5485925
            ],
            [
              -8.8736474,
              29.5486084
            ],
            [
              -8.8738231,
              29.5486102
            ],
            [
              -8.8739783,
              29.5485994
            ],
            [
              -8.8740613,
              29.5485798
            ],
            [
              -8.8741548,
              29.5485316
            ],
            [
              -8.8742306,
              29.5484488
            ],
            [
              -8.8744071,
              29.548197
            ],
            [
              -8.874597,
              29.5478945
            ],
            [
              -8.8750008,
              29.5472258
            ],
            [
              -8.8752018,
              29.5469245
            ],
            [
              -8.875401,
              29.5466891
            ],
            [
              -8.875532,
              29.546598
            ],
            [
              -8.8757257,
              29.5465604
            ],
            [
              -8.8758171,
              29.54655
            ],
            [
              -8.8758974,
              29.5465566
            ],
            [
              -8.87594,
              29.5465779
            ],
            [
              -8.8759874,
              29.5466353
            ],
            [
              -8.8760073,
              29.5466652
            ],
            [
              -8.8760197,
              29.5466974
            ],
            [
              -8.8760203,
              29.5467213
            ],
            [
              -8.8760101,
              29.5467608
            ],
            [
              -8.8760073,
              29.5468075
            ],
            [
              -8.8760093,
              29.5469084
            ],
            [
              -8.8760319,
              29.5472932
            ],
            [
              -8.8760601,
              29.5475551
            ],
            [
              -8.8761122,
              29.54777
            ],
            [
              -8.8761406,
              29.547839
            ],
            [
              -8.8761912,
              29.5479175
            ],
            [
              -8.876247,
              29.5479793
            ],
            [
              -8.8764354,
              29.5481459
            ],
            [
              -8.8765332,
              29.5482178
            ],
            [
              -8.8768014,
              29.5483871
            ],
            [
              -8.8768895,
              29.5484348
            ],
            [
              -8.8769771,
              29.5484692
            ],
            [
              -8.877035,
              29.5484787
            ],
            [
              -8.877121,
              29.5484728
            ],
            [
              -8.8772865,
              29.5484387
            ],
            [
              -8.8776165,
              29.548342
            ],
            [
              -8.8778252,
              29.548265
            ],
            [
              -8.8778859,
              29.5482322
            ],
            [
              -8.8780079,
              29.5481406
            ],
            [
              -8.8780486,
              29.5480935
            ],
            [
              -8.8781427,
              29.547929
            ],
            [
              -8.8781785,
              29.5479031
            ],
            [
              -8.8782125,
              29.5478966
            ],
            [
              -8.8782788,
              29.5479029
            ],
            [
              -8.8783944,
              29.5479388
            ],
            [
              -8.8784793,
              29.5479355
            ],
            [
              -8.8785805,
              29.5479584
            ],
            [
              -8.8786655,
              29.5479478
            ],
            [
              -8.8788566,
              29.5480027
            ],
            [
              -8.8792297,
              29.5485061
            ],
            [
              -8.8793692,
              29.5486316
            ],
            [
              -8.8795274,
              29.5487941
            ],
            [
              -8.8796515,
              29.5489396
            ],
            [
              -8.8798659,
              29.5492135
            ],
            [
              -8.8799837,
              29.549372
            ],
            [
              -8.8801227,
              29.5495736
            ],
            [
              -8.8802367,
              29.5497511
            ],
            [
              -8.8804394,
              29.550082
            ],
            [
              -8.8805553,
              29.5502539
            ],
            [
              -8.8807,
              29.5504387
            ],
            [
              -8.8808254,
              29.5505747
            ],
            [
              -8.8810569,
              29.5507981
            ],
            [
              -8.8811655,
              29.5509078
            ],
            [
              -8.8812601,
              29.5510138
            ],
            [
              -8.8813089,
              29.5510807
            ],
            [
              -8.8813611,
              29.5511753
            ],
            [
              -8.8813756,
              29.5512254
            ],
            [
              -8.881367,
              29.5512812
            ],
            [
              -8.8813382,
              29.551324
            ],
            [
              -8.8812602,
              29.5513966
            ],
            [
              -8.8812347,
              29.551437
            ],
            [
              -8.8812361,
              29.5514856
            ],
            [
              -8.881264,
              29.5515262
            ],
            [
              -8.88139,
              29.5516328
            ],
            [
              -8.8814397,
              29.5516603
            ],
            [
              -8.8814786,
              29.5516726
            ],
            [
              -8.8815458,
              29.5516819
            ],
            [
              -8.8815877,
              29.5516806
            ],
            [
              -8.8816465,
              29.551667
            ],
            [
              -8.8818116,
              29.5515956
            ],
            [
              -8.881863,
              29.5515654
            ],
            [
              -8.8819083,
              29.5515247
            ],
            [
              -8.8819322,
              29.5514873
            ],
            [
              -8.8819694,
              29.5513738
            ],
            [
              -8.881975,
              29.5513209
            ],
            [
              -8.8819639,
              29.5511871
            ],
            [
              -8.8819067,
              29.5510773
            ],
            [
              -8.8817447,
              29.5508348
            ],
            [
              -8.8815321,
              29.5505405
            ],
            [
              -8.8808061,
              29.5495621
            ],
            [
              -8.8805319,
              29.5491885
            ]
          ]
        ]
      },
      "id": "way/178118101"
    },
    {
      "type": "Feature",
      "properties": {
        "@id": "way/214485934",
        "amenity": "marketplace",
        "check_date": "2025-05-09",
        "landuse": "commercial",
        "name": "Joutia de Derb Ghallef جوطية درب غلف",
        "name:ar": "جوطية درب غلف",
        "name:fr": "Joutia de Derb Ghallef",
        "tourism": "attraction"
      },
      "geometry": {
        "type": "Polygon",
        "coordinates": [
          [
            [
              -7.630429,
              33.5719395
            ],
            [
              -7.6305564,
              33.571711
            ],
            [
              -7.6307995,
              33.5712752
            ],
            [
              -7.630879,
              33.571267
            ],
            [
              -7.6309684,
              33.5711795
            ],
            [
              -7.6312728,
              33.5711243
            ],
            [
              -7.6312185,
              33.5705588
            ],
            [
              -7.6312023,
              33.5700744
            ],
            [
              -7.6303559,
              33.5698757
            ],
            [
              -7.6298113,
              33.5698359
            ],
            [
              -7.6283162,
              33.5697341
            ],
            [
              -7.6287537,
              33.5701645
            ],
            [
              -7.6288802,
              33.570744
            ],
            [
              -7.6289646,
              33.5710798
            ],
            [
              -7.6290443,
              33.5713119
            ],
            [
              -7.6291632,
              33.5714896
            ],
            [
              -7.6292974,
              33.5716506
            ],
            [
              -7.629748,
              33.5717579
            ],
            [
              -7.6302207,
              33.5718367
            ],
            [
              -7.630429,
              33.5719395
            ]
          ]
        ]
      },
      "id": "way/214485934"
    },
    {
      "type": "Feature",
      "properties": {
        "@id": "way/225179090",
        "alt_name:ar": "الضاية الحمراء",
        "alt_name:cs": "erg Šegaga",
        "desert": "erg",
        "name": "Erg Chigaga ⵉⴷⵀⴰⵏ ⵏ ⵛⵉⴳⴰⴳⴰ عرق شقاق",
        "name:ar": "عرق شقاق",
        "name:ber": "ⵉⴷⵀⴰⵏ ⵏ ⵛⵉⴳⴰⴳⴰ",
        "name:cs": "erg Šigaga",
        "name:es": "Dunas de Chigaga",
        "name:fr": "Erg Chigaga",
        "natural": "sand",
        "short_name:cs": "Šigaga",
        "surface": "sand",
        "tourism": "attraction",
        "wikidata": "Q15615066",
        "wikimedia_commons": "Category:Chegaga",
        "wikipedia": "en:Erg Chigaga"
      },
      "geometry": {
        "type": "Polygon",
        "coordinates": [
          [
            [
              -6.1800695,
              29.7523098
            ],
            [
              -6.1805845,
              29.7537256
            ],
            [
              -6.1816144,
              29.7554394
            ],
            [
              -6.1819578,
              29.7570787
            ],
            [
              -6.1812711,
              29.759016
            ],
            [
              -6.1805845,
              29.7606552
            ],
            [
              -6.1793829,
              29.7619964
            ],
            [
              -6.179297,
              29.7625925
            ],
            [
              -6.1798978,
              29.7631886
            ],
            [
              -6.1804128,
              29.7640081
            ],
            [
              -6.1800695,
              29.7651258
            ],
            [
              -6.1791254,
              29.7656473
            ],
            [
              -6.1774946,
              29.7659453
            ],
            [
              -6.1759496,
              29.7659453
            ],
            [
              -6.1744476,
              29.7663551
            ],
            [
              -6.1723876,
              29.7676217
            ],
            [
              -6.1700702,
              29.7694098
            ],
            [
              -6.1684394,
              29.7713469
            ],
            [
              -6.1652208,
              29.7748857
            ],
            [
              -6.1629034,
              29.7761522
            ],
            [
              -6.1583543,
              29.7775676
            ],
            [
              -6.1555219,
              29.7783871
            ],
            [
              -6.1537624,
              29.7791693
            ],
            [
              -6.1525608,
              29.7803612
            ],
            [
              -6.1516595,
              29.7817394
            ],
            [
              -6.1514879,
              29.7828568
            ],
            [
              -6.1507583,
              29.7841604
            ],
            [
              -6.1485696,
              29.78606
            ],
            [
              -6.1461664,
              29.7884437
            ],
            [
              -6.1445356,
              29.7906039
            ],
            [
              -6.1430765,
              29.7931364
            ],
            [
              -6.1427331,
              29.7945516
            ],
            [
              -6.141789,
              29.795371
            ],
            [
              -6.1406732,
              29.795371
            ],
            [
              -6.1396862,
              29.7942909
            ],
            [
              -6.1385274,
              29.7941792
            ],
            [
              -6.1375833,
              29.7945516
            ],
            [
              -6.1376691,
              29.7958179
            ],
            [
              -6.1388708,
              29.7981268
            ],
            [
              -6.1397291,
              29.7998399
            ],
            [
              -6.1413599,
              29.8024467
            ],
            [
              -6.1430765,
              29.8046811
            ],
            [
              -6.1447931,
              29.8070643
            ],
            [
              -6.1477972,
              29.8136924
            ],
            [
              -6.1502004,
              29.8188308
            ],
            [
              -6.1527753,
              29.8232987
            ],
            [
              -6.1550928,
              29.824788
            ],
            [
              -6.1583543,
              29.8259049
            ],
            [
              -6.1627317,
              29.8274686
            ],
            [
              -6.168139,
              29.8283621
            ],
            [
              -6.1750055,
              29.8291067
            ],
            [
              -6.1776662,
              29.8289578
            ],
            [
              -6.1799837,
              29.829479
            ],
            [
              -6.1827302,
              29.8311915
            ],
            [
              -6.1835027,
              29.8332763
            ],
            [
              -6.1839319,
              29.8344676
            ],
            [
              -6.1850477,
              29.83551
            ],
            [
              -6.1875368,
              29.8358078
            ],
            [
              -6.1898971,
              29.8353983
            ],
            [
              -6.1913991,
              29.8350632
            ],
            [
              -6.1931158,
              29.8346165
            ],
            [
              -6.1945749,
              29.8348399
            ],
            [
              -6.1954332,
              29.83551
            ],
            [
              -6.1956049,
              29.8369246
            ],
            [
              -6.197064,
              29.8407961
            ],
            [
              -6.1983514,
              29.8432529
            ],
            [
              -6.2006689,
              29.8465286
            ],
            [
              -6.2045312,
              29.8483898
            ],
            [
              -6.2071491,
              29.8502136
            ],
            [
              -6.2080074,
              29.852298
            ],
            [
              -6.2078357,
              29.8539358
            ],
            [
              -6.2065912,
              29.8567272
            ],
            [
              -6.2047458,
              29.8584021
            ],
            [
              -6.2024284,
              29.8593698
            ],
            [
              -6.1982656,
              29.8601514
            ],
            [
              -6.1922145,
              29.8612307
            ],
            [
              -6.1861206,
              29.8634637
            ],
            [
              -6.1829448,
              29.8657711
            ],
            [
              -6.1807132,
              29.8676319
            ],
            [
              -6.1799837,
              29.8693066
            ],
            [
              -6.180327,
              29.8713161
            ],
            [
              -6.1824728,
              29.8727303
            ],
            [
              -6.1887813,
              29.8744793
            ],
            [
              -6.1968923,
              29.8764515
            ],
            [
              -6.2020422,
              29.879875
            ],
            [
              -6.2035013,
              29.8819587
            ],
            [
              -6.2033296,
              29.8844146
            ],
            [
              -6.2022138,
              29.8863494
            ],
            [
              -6.2003255,
              29.887168
            ],
            [
              -6.1977506,
              29.8887307
            ],
            [
              -6.1953474,
              29.8911864
            ],
            [
              -6.1949182,
              29.8928979
            ],
            [
              -6.1954332,
              29.8944605
            ],
            [
              -6.1972356,
              29.8950558
            ],
            [
              -6.1995531,
              29.8946837
            ],
            [
              -6.2024713,
              29.8938652
            ],
            [
              -6.2062479,
              29.8932699
            ],
            [
              -6.2090803,
              29.8930467
            ],
            [
              -6.2120843,
              29.8934932
            ],
            [
              -6.2137151,
              29.8945349
            ],
            [
              -6.2152601,
              29.8962463
            ],
            [
              -6.2153459,
              29.8984042
            ],
            [
              -6.2142301,
              29.9002643
            ],
            [
              -6.2119985,
              29.9022733
            ],
            [
              -6.2088228,
              29.9045798
            ],
            [
              -6.2074495,
              29.9062911
            ],
            [
              -6.2074495,
              29.9080767
            ],
            [
              -6.2097669,
              29.9100855
            ],
            [
              -6.214489,
              29.9117906
            ],
            [
              -6.2178571,
              29.9131325
            ],
            [
              -6.2228303,
              29.9116979
            ],
            [
              -6.2258133,
              29.9121709
            ],
            [
              -6.2263762,
              29.9134523
            ],
            [
              -6.2261284,
              29.9151834
            ],
            [
              -6.2262655,
              29.9168996
            ],
            [
              -6.2286497,
              29.9192435
            ],
            [
              -6.2334004,
              29.9208913
            ],
            [
              -6.2379623,
              29.9211368
            ],
            [
              -6.2415672,
              29.9211368
            ],
            [
              -6.244567,
              29.9216129
            ],
            [
              -6.247674,
              29.9238632
            ],
            [
              -6.2477899,
              29.9262324
            ],
            [
              -6.2515235,
              29.9304315
            ],
            [
              -6.2540985,
              29.9340762
            ],
            [
              -6.259935,
              29.9373638
            ],
            [
              -6.268597,
              29.9408409
            ],
            [
              -6.2853838,
              29.939781
            ],
            [
              -6.2947393,
              29.9416404
            ],
            [
              -6.3046957,
              29.9445559
            ],
            [
              -6.3162957,
              29.9466123
            ],
            [
              -6.335702,
              29.948479
            ],
            [
              -6.350537,
              29.9491036
            ],
            [
              -6.3599827,
              29.9513426
            ],
            [
              -6.3623522,
              29.9494761
            ],
            [
              -6.3706185,
              29.9410068
            ],
            [
              -6.3701877,
              29.9353135
            ],
            [
              -6.364991,
              29.9344035
            ],
            [
              -6.3631772,
              29.932521
            ],
            [
              -6.3617367,
              29.9251435
            ],
            [
              -6.3652591,
              29.9257376
            ],
            [
              -6.3681912,
              29.9294008
            ],
            [
              -6.3692574,
              29.9296153
            ],
            [
              -6.3710471,
              29.9268101
            ],
            [
              -6.3741696,
              29.9238399
            ],
            [
              -6.3759403,
              29.9237409
            ],
            [
              -6.3768542,
              29.9246485
            ],
            [
              -6.3752549,
              29.9283942
            ],
            [
              -6.3821282,
              29.9273052
            ],
            [
              -6.3870594,
              29.9233119
            ],
            [
              -6.3905627,
              29.9191864
            ],
            [
              -6.39022,
              29.9178497
            ],
            [
              -6.3864692,
              29.9171896
            ],
            [
              -6.387326,
              29.9155889
            ],
            [
              -6.383956,
              29.9153909
            ],
            [
              -6.387802,
              29.9111165
            ],
            [
              -6.3912481,
              29.9137736
            ],
            [
              -6.3930759,
              29.916183
            ],
            [
              -6.3937994,
              29.916513
            ],
            [
              -6.3956844,
              29.9140706
            ],
            [
              -6.3958367,
              29.9124863
            ],
            [
              -6.3970933,
              29.9119417
            ],
            [
              -6.3984261,
              29.9091196
            ],
            [
              -6.400507,
              29.9076715
            ],
            [
              -6.4016628,
              29.9061819
            ],
            [
              -6.4002919,
              29.9051091
            ],
            [
              -6.40271,
              29.9027819
            ],
            [
              -6.4061561,
              29.9041188
            ],
            [
              -6.4090882,
              29.9037392
            ],
            [
              -6.4115063,
              29.9036732
            ],
            [
              -6.4145336,
              29.904977
            ],
            [
              -6.4175038,
              29.904812
            ],
            [
              -6.4181892,
              29.9042178
            ],
            [
              -6.4185319,
              29.9021547
            ],
            [
              -6.4216163,
              29.8991177
            ],
            [
              -6.4224731,
              29.8975662
            ],
            [
              -6.4210261,
              29.8946281
            ],
            [
              -6.4209118,
              29.8932086
            ],
            [
              -6.42293,
              29.8937533
            ],
            [
              -6.425329,
              29.8931756
            ],
            [
              -6.4274043,
              29.8920531
            ],
            [
              -6.4293152,
              29.8902062
            ],
            [
              -6.4305459,
              29.8885206
            ],
            [
              -6.4311742,
              29.8869689
            ],
            [
              -6.4291568,
              29.8855612
            ],
            [
              -6.4244913,
              29.8844763
            ],
            [
              -6.4217686,
              29.8844763
            ],
            [
              -6.4162662,
              29.8841791
            ],
            [
              -6.4147811,
              29.8834528
            ],
            [
              -6.4153299,
              29.8818801
            ],
            [
              -6.4156616,
              29.8809897
            ],
            [
              -6.4157902,
              29.8806298
            ],
            [
              -6.415591,
              29.8801022
            ],
            [
              -6.4154475,
              29.8797219
            ],
            [
              -6.4122107,
              29.8793257
            ],
            [
              -6.402923,
              29.879111
            ],
            [
              -6.3997208,
              29.8792926
            ],
            [
              -6.3985022,
              29.8785167
            ],
            [
              -6.3994352,
              29.8764696
            ],
            [
              -6.4010661,
              29.8749886
            ],
            [
              -6.4005585,
              29.8735309
            ],
            [
              -6.4015676,
              29.8706251
            ],
            [
              -6.4002729,
              29.8689741
            ],
            [
              -6.3977597,
              29.8684458
            ],
            [
              -6.3946372,
              29.8691722
            ],
            [
              -6.3928094,
              29.8689246
            ],
            [
              -6.3922001,
              29.8661343
            ],
            [
              -6.3957605,
              29.8600085
            ],
            [
              -6.3957605,
              29.8586545
            ],
            [
              -6.3913624,
              29.8556327
            ],
            [
              -6.3932539,
              29.8510429
            ],
            [
              -6.3935138,
              29.8481687
            ],
            [
              -6.3898773,
              29.8477393
            ],
            [
              -6.385879,
              29.8481026
            ],
            [
              -6.3851555,
              29.8469301
            ],
            [
              -6.3881066,
              29.8420088
            ],
            [
              -6.3905437,
              29.839003
            ],
            [
              -6.3913053,
              29.8368395
            ],
            [
              -6.3960652,
              29.8322975
            ],
            [
              -6.4008441,
              29.8267313
            ],
            [
              -6.4018246,
              29.8227084
            ],
            [
              -6.4016438,
              29.821842
            ],
            [
              -6.3990734,
              29.8211813
            ],
            [
              -6.396941,
              29.8217429
            ],
            [
              -6.3918064,
              29.821635
            ],
            [
              -6.3861836,
              29.8240224
            ],
            [
              -6.3841273,
              29.8258063
            ],
            [
              -6.3788914,
              29.8230974
            ],
            [
              -6.3839509,
              29.814929
            ],
            [
              -6.3889063,
              29.8109889
            ],
            [
              -6.393571,
              29.8063631
            ],
            [
              -6.3976454,
              29.8003989
            ],
            [
              -6.3989681,
              29.7978506
            ],
            [
              -6.3990163,
              29.7960536
            ],
            [
              -6.3968644,
              29.794816
            ],
            [
              -6.3939764,
              29.7951812
            ],
            [
              -6.3924416,
              29.795742
            ],
            [
              -6.3912203,
              29.7974256
            ],
            [
              -6.3865179,
              29.8027984
            ],
            [
              -6.382479,
              29.8110693
            ],
            [
              -6.379921,
              29.8119804
            ],
            [
              -6.3766954,
              29.8115752
            ],
            [
              -6.3741857,
              29.8135691
            ],
            [
              -6.3737011,
              29.8169098
            ],
            [
              -6.3741319,
              29.8202505
            ],
            [
              -6.3707392,
              29.8221894
            ],
            [
              -6.3668619,
              29.8210447
            ],
            [
              -6.3682488,
              29.8178801
            ],
            [
              -6.3604534,
              29.8175873
            ],
            [
              -6.3580301,
              29.819316
            ],
            [
              -6.3581378,
              29.8229836
            ],
            [
              -6.3545028,
              29.8233808
            ],
            [
              -6.3553913,
              29.8202038
            ],
            [
              -6.3571146,
              29.816466
            ],
            [
              -6.3601034,
              29.8119804
            ],
            [
              -6.3645462,
              29.8081722
            ],
            [
              -6.3663503,
              29.8057424
            ],
            [
              -6.3692313,
              29.8043405
            ],
            [
              -6.3699853,
              29.8034059
            ],
            [
              -6.3674812,
              29.8017704
            ],
            [
              -6.3639607,
              29.8027178
            ],
            [
              -6.3601303,
              29.8007423
            ],
            [
              -6.351864,
              29.7977048
            ],
            [
              -6.3482021,
              29.7992236
            ],
            [
              -6.3490114,
              29.7960041
            ],
            [
              -6.3513794,
              29.7940596
            ],
            [
              -6.3564684,
              29.7900171
            ],
            [
              -6.3602919,
              29.786395
            ],
            [
              -6.3647078,
              29.781651
            ],
            [
              -6.3652194,
              29.7774444
            ],
            [
              -6.3589994,
              29.7753643
            ],
            [
              -6.3459672,
              29.7751306
            ],
            [
              -6.3400041,
              29.776271
            ],
            [
              -6.3388587,
              29.7728168
            ],
            [
              -6.3410667,
              29.7693811
            ],
            [
              -6.3448094,
              29.7684228
            ],
            [
              -6.3449171,
              29.7670906
            ],
            [
              -6.3396665,
              29.7648467
            ],
            [
              -6.3350083,
              29.7639118
            ],
            [
              -6.3367047,
              29.7667166
            ],
            [
              -6.3359777,
              29.7686566
            ],
            [
              -6.3295897,
              29.7686071
            ],
            [
              -6.3221219,
              29.7648468
            ],
            [
              -6.3012601,
              29.7707574
            ],
            [
              -6.2796016,
              29.7625202
            ],
            [
              -6.2525103,
              29.7649097
            ],
            [
              -6.2564219,
              29.7563576
            ],
            [
              -6.2441801,
              29.7528989
            ],
            [
              -6.2436006,
              29.7606966
            ],
            [
              -6.2221593,
              29.7669847
            ],
            [
              -6.2279543,
              29.7518927
            ],
            [
              -6.2205917,
              29.7511839
            ],
            [
              -6.2134342,
              29.7468241
            ],
            [
              -6.2070231,
              29.7450168
            ],
            [
              -6.204367,
              29.7450167
            ],
            [
              -6.2059512,
              29.7439869
            ],
            [
              -6.2094255,
              29.7441241
            ],
            [
              -6.2113978,
              29.7431435
            ],
            [
              -6.2157152,
              29.7417429
            ],
            [
              -6.2194532,
              29.7413669
            ],
            [
              -6.222509,
              29.7383048
            ],
            [
              -6.2214235,
              29.7357271
            ],
            [
              -6.2191641,
              29.7333017
            ],
            [
              -6.2169401,
              29.7324429
            ],
            [
              -6.2154848,
              29.7319949
            ],
            [
              -6.2130638,
              29.7327208
            ],
            [
              -6.2118174,
              29.7319876
            ],
            [
              -6.2108971,
              29.730961
            ],
            [
              -6.2093263,
              29.7314594
            ],
            [
              -6.207532,
              29.7324197
            ],
            [
              -6.2056429,
              29.7322428
            ],
            [
              -6.2039032,
              29.7330234
            ],
            [
              -6.2027413,
              29.7334355
            ],
            [
              -6.2017258,
              29.7342147
            ],
            [
              -6.2004266,
              29.734601
            ],
            [
              -6.1993447,
              29.7358809
            ],
            [
              -6.197989,
              29.7367157
            ],
            [
              -6.1984787,
              29.7374013
            ],
            [
              -6.1994581,
              29.7379901
            ],
            [
              -6.19955,
              29.7394285
            ],
            [
              -6.1993415,
              29.7412768
            ],
            [
              -6.1982501,
              29.7432295
            ],
            [
              -6.1923879,
              29.741893
            ],
            [
              -6.1839128,
              29.7439685
            ],
            [
              -6.1826873,
              29.7447461
            ],
            [
              -6.1807132,
              29.7480995
            ],
            [
              -6.1799837,
              29.7497762
            ],
            [
              -6.179812,
              29.751341
            ],
            [
              -6.1800695,
              29.7523098
            ]
          ]
        ]
      },
      "id": "way/225179090"
    },
    {
      "type": "Feature",
      "properties": {
        "@id": "way/231240068",
        "natural": "sand",
        "tourism": "attraction"
      },
      "geometry": {
        "type": "Polygon",
        "coordinates": [
          [
            [
              -3.8779735,
              30.9829218
            ],
            [
              -3.8798261,
              30.9845262
            ],
            [
              -3.8794184,
              30.9852252
            ],
            [
              -3.8794399,
              30.9855012
            ],
            [
              -3.8817573,
              30.9855196
            ],
            [
              -3.8835597,
              30.9866785
            ],
            [
              -3.883667,
              30.9872119
            ],
            [
              -3.8840747,
              30.9876718
            ],
            [
              -3.8851476,
              30.9874143
            ],
            [
              -3.885448,
              30.9874695
            ],
            [
              -3.8849759,
              30.9882053
            ],
            [
              -3.8858557,
              30.98861
            ],
            [
              -3.8875938,
              30.9890514
            ],
            [
              -3.889525,
              30.9892906
            ],
            [
              -3.8925719,
              30.9903943
            ],
            [
              -3.8966986,
              30.9922437
            ],
            [
              -3.8967777,
              30.9921785
            ],
            [
              -3.9034081,
              30.9933742
            ],
            [
              -3.9056611,
              30.9930063
            ],
            [
              -3.9072061,
              30.9943674
            ],
            [
              -3.9067555,
              30.9954711
            ],
            [
              -3.9074636,
              30.9964827
            ],
            [
              -3.9090514,
              30.9978254
            ],
            [
              -3.9104906,
              30.9981103
            ],
            [
              -3.9136005,
              30.9976047
            ],
            [
              -3.9168829,
              30.9971574
            ],
            [
              -3.9174414,
              30.9959309
            ],
            [
              -3.9188791,
              30.9944594
            ],
            [
              -3.9193511,
              30.9946801
            ],
            [
              -3.9195657,
              30.9941651
            ],
            [
              -3.9212722,
              30.992944
            ],
            [
              -3.9218567,
              30.992974
            ],
            [
              -3.9222498,
              30.9929233
            ],
            [
              -3.9223876,
              30.9930586
            ],
            [
              -3.9223447,
              30.9931768
            ],
            [
              -3.922332,
              30.9932917
            ],
            [
              -3.9223968,
              30.9933631
            ],
            [
              -3.9224678,
              30.9933587
            ],
            [
              -3.9225516,
              30.9934229
            ],
            [
              -3.9226029,
              30.9933861
            ],
            [
              -3.9225997,
              30.993316
            ],
            [
              -3.9227775,
              30.9932914
            ],
            [
              -3.9227804,
              30.9933712
            ],
            [
              -3.9227208,
              30.9934739
            ],
            [
              -3.9226707,
              30.9935583
            ],
            [
              -3.9227751,
              30.9936358
            ],
            [
              -3.9227958,
              30.9936432
            ],
            [
              -3.922919,
              30.9936874
            ],
            [
              -3.9232182,
              30.9937474
            ],
            [
              -3.9243078,
              30.9940547
            ],
            [
              -3.9256168,
              30.9934293
            ],
            [
              -3.9274267,
              30.9919898
            ],
            [
              -3.9276982,
              30.9917739
            ],
            [
              -3.9279397,
              30.9917579
            ],
            [
              -3.9289385,
              30.991122
            ],
            [
              -3.9306593,
              30.9900264
            ],
            [
              -3.9308405,
              30.9898073
            ],
            [
              -3.9323545,
              30.9893826
            ],
            [
              -3.933485,
              30.9889777
            ],
            [
              -3.937059,
              30.9878565
            ],
            [
              -3.9404075,
              30.9861954
            ],
            [
              -3.9439029,
              30.9844613
            ],
            [
              -3.9385987,
              30.972421
            ],
            [
              -3.9386845,
              30.9710411
            ],
            [
              -3.9379978,
              30.9706363
            ],
            [
              -3.9373756,
              30.9705995
            ],
            [
              -3.9362598,
              30.9704892
            ],
            [
              -3.9353156,
              30.9702316
            ],
            [
              -3.9343715,
              30.9702684
            ],
            [
              -3.933084,
              30.9703972
            ],
            [
              -3.9308524,
              30.9705811
            ],
            [
              -3.9293504,
              30.9710227
            ],
            [
              -3.9282131,
              30.9718874
            ],
            [
              -3.9276767,
              30.9715195
            ],
            [
              -3.9275265,
              30.9707283
            ],
            [
              -3.926282,
              30.9702684
            ],
            [
              -3.9250349,
              30.97
            ],
            [
              -3.924501,
              30.9698268
            ],
            [
              -3.9244795,
              30.969238
            ],
            [
              -3.9248657,
              30.9693116
            ],
            [
              -3.9260459,
              30.9690357
            ],
            [
              -3.9276767,
              30.9685021
            ],
            [
              -3.9270759,
              30.9676925
            ],
            [
              -3.9258099,
              30.9671038
            ],
            [
              -3.9248872,
              30.9667358
            ],
            [
              -3.9226556,
              30.9671774
            ],
            [
              -3.9204455,
              30.9680053
            ],
            [
              -3.9183641,
              30.9691829
            ],
            [
              -3.917377,
              30.9706547
            ],
            [
              -3.9164973,
              30.9709859
            ],
            [
              -3.9155317,
              30.9707835
            ],
            [
              -3.9147377,
              30.9712619
            ],
            [
              -3.9135361,
              30.9714827
            ],
            [
              -3.9127636,
              30.9725314
            ],
            [
              -3.9120126,
              30.97404
            ],
            [
              -3.9107466,
              30.9748127
            ],
            [
              -3.9100309,
              30.975377
            ],
            [
              -3.9094377,
              30.9749967
            ],
            [
              -3.9078927,
              30.9739664
            ],
            [
              -3.9046955,
              30.9720162
            ],
            [
              -3.904125,
              30.9711473
            ],
            [
              -3.9033008,
              30.9706547
            ],
            [
              -3.9018846,
              30.969422
            ],
            [
              -3.9011979,
              30.9690357
            ],
            [
              -3.9003825,
              30.9701948
            ],
            [
              -3.8998676,
              30.9712619
            ],
            [
              -3.901906,
              30.9735801
            ],
            [
              -3.9019711,
              30.9735004
            ],
            [
              -3.9033222,
              30.9747391
            ],
            [
              -3.9050818,
              30.9759718
            ],
            [
              -3.9052105,
              30.9765053
            ],
            [
              -3.9049316,
              30.9773883
            ],
            [
              -3.9034939,
              30.9786577
            ],
            [
              -3.9021448,
              30.9790406
            ],
            [
              -3.9019919,
              30.9789889
            ],
            [
              -3.9006829,
              30.978345
            ],
            [
              -3.8996315,
              30.9769836
            ],
            [
              -3.898387,
              30.975751
            ],
            [
              -3.8962412,
              30.9770756
            ],
            [
              -3.8948465,
              30.9765237
            ],
            [
              -3.8934946,
              30.975291
            ],
            [
              -3.8934946,
              30.9752542
            ],
            [
              -3.8925076,
              30.9735433
            ],
            [
              -3.8921643,
              30.9731937
            ],
            [
              -3.8924217,
              30.9728073
            ],
            [
              -3.8937092,
              30.9728809
            ],
            [
              -3.8936663,
              30.9723658
            ],
            [
              -3.8927222,
              30.9717954
            ],
            [
              -3.8916707,
              30.9716299
            ],
            [
              -3.8904906,
              30.9717954
            ],
            [
              -3.8893962,
              30.9723106
            ],
            [
              -3.8868642,
              30.9752542
            ],
            [
              -3.8863492,
              30.9756038
            ],
            [
              -3.8851476,
              30.9747391
            ],
            [
              -3.8840747,
              30.9735801
            ],
            [
              -3.8837314,
              30.9728257
            ],
            [
              -3.8829375,
              30.9703052
            ],
            [
              -3.8816715,
              30.9692564
            ],
            [
              -3.8809848,
              30.969882
            ],
            [
              -3.8817573,
              30.9720162
            ],
            [
              -3.8824439,
              30.9740216
            ],
            [
              -3.8833237,
              30.9764685
            ],
            [
              -3.8841605,
              30.9774803
            ],
            [
              -3.8847184,
              30.978529
            ],
            [
              -3.8848686,
              30.9793936
            ],
            [
              -3.8833666,
              30.9799823
            ],
            [
              -3.8824817,
              30.9801129
            ],
            [
              -3.8804269,
              30.9808286
            ],
            [
              -3.880384,
              30.9808286
            ],
            [
              -3.8781953,
              30.9813437
            ],
            [
              -3.8772726,
              30.9817484
            ],
            [
              -3.8775516,
              30.9828705
            ],
            [
              -3.8779735,
              30.9829218
            ]
          ]
        ]
      },
      "id": "way/231240068"
    },
    {
      "type": "Feature",
      "properties": {
        "@id": "way/240320716",
        "desert": "erg",
        "landcover": "sand",
        "name": "Dune de Tinfou",
        "natural": "sand",
        "surface": "sand",
        "tourism": "attraction"
      },
      "geometry": {
        "type": "Polygon",
        "coordinates": [
          [
            [
              -5.6002657,
              30.2372707
            ],
            [
              -5.6000386,
              30.2373806
            ],
            [
              -5.599548,
              30.2378752
            ],
            [
              -5.5989937,
              30.2382284
            ],
            [
              -5.5985939,
              30.2388014
            ],
            [
              -5.598385,
              30.2400417
            ],
            [
              -5.5986575,
              30.2411641
            ],
            [
              -5.5991664,
              30.2420276
            ],
            [
              -5.600184,
              30.2432207
            ],
            [
              -5.6017649,
              30.2443823
            ],
            [
              -5.6032005,
              30.244767
            ],
            [
              -5.6043998,
              30.2449632
            ],
            [
              -5.6053629,
              30.2450181
            ],
            [
              -5.6063624,
              30.2445001
            ],
            [
              -5.6066895,
              30.2439899
            ],
            [
              -5.6063987,
              30.2434875
            ],
            [
              -5.60569,
              30.2425221
            ],
            [
              -5.6046542,
              30.2419962
            ],
            [
              -5.6034731,
              30.240701
            ],
            [
              -5.6019891,
              30.238945
            ],
            [
              -5.6014197,
              30.2380086
            ],
            [
              -5.6008654,
              30.2376004
            ],
            [
              -5.6002657,
              30.2372707
            ]
          ]
        ]
      },
      "id": "way/240320716"
    },
    {
      "type": "Feature",
      "properties": {
        "@id": "way/248378046",
        "alt_name": "Barid Al-Maghrib",
        "alt_name:ar": "بريد المغرب",
        "alt_name:fr": "Barid Al-Maghrib",
        "building": "yes",
        "name": "Post Office",
        "operator": "Poste Maroc",
        "operator:wikidata": "Q3399778",
        "post_office:type": "centre courriers et messagerie",
        "ref:liLocationID": "55.0",
        "ref:liSequence": "5.0",
        "source": "data.gov.ma",
        "tourism": "attraction"
      },
      "geometry": {
        "type": "Polygon",
        "coordinates": [
          [
            [
              -7.6081717,
              33.5964977
            ],
            [
              -7.6086599,
              33.5965692
            ],
            [
              -7.6086805,
              33.5965524
            ],
            [
              -7.6088852,
              33.596386
            ],
            [
              -7.6088905,
              33.5960375
            ],
            [
              -7.6088703,
              33.5960441
            ],
            [
              -7.6087403,
              33.5960866
            ],
            [
              -7.6087296,
              33.5963234
            ],
            [
              -7.6085955,
              33.5964307
            ],
            [
              -7.6082307,
              33.5963592
            ],
            [
              -7.6081717,
              33.5964977
            ]
          ]
        ]
      },
      "id": "way/248378046"
    },
    {
      "type": "Feature",
      "properties": {
        "@id": "way/253426261",
        "building": "yes",
        "building:colour": "#8b4513",
        "building:material": "limestone",
        "height": "44",
        "man_made": "tower",
        "name": "Tour Hassan صومعة حسان",
        "name:ar": "صومعة حسان",
        "name:en": "Hassan Tower",
        "name:fr": "Tour Hassan",
        "name:ko": "하산 타워",
        "name:ml": "ഹസ്സൻ ടവർ",
        "name:zh": "哈桑塔",
        "tourism": "attraction",
        "tower:type": "minaret",
        "wikidata": "Q579331",
        "wikimedia_commons": "Category:Hassan Tower",
        "wikipedia": "en:Hassan Tower"
      },
      "geometry": {
        "type": "Polygon",
        "coordinates": [
          [
            [
              -6.8227466,
              34.0242277
            ],
            [
              -6.8228995,
              34.0241701
            ],
            [
              -6.8228763,
              34.0241277
            ],
            [
              -6.8228388,
              34.0240589
            ],
            [
              -6.8228303,
              34.0240432
            ],
            [
              -6.8227484,
              34.0240739
            ],
            [
              -6.8226772,
              34.0241006
            ],
            [
              -6.8226854,
              34.0241157
            ],
            [
              -6.8227229,
              34.0241845
            ],
            [
              -6.8227466,
              34.0242277
            ]
          ]
        ]
      },
      "id": "way/253426261"
    },
    {
      "type": "Feature",
      "properties": {
        "@id": "way/280437998",
        "barrier": "gate",
        "name": "Bab Rouah",
        "tourism": "attraction",
        "wikidata": "Q9163659"
      },
      "geometry": {
        "type": "Polygon",
        "coordinates": [
          [
            [
              -6.837758,
              34.0129049
            ],
            [
              -6.8377384,
              34.0128449
            ],
            [
              -6.8376833,
              34.0128573
            ],
            [
              -6.8376389,
              34.0127218
            ],
            [
              -6.8376957,
              34.012709
            ],
            [
              -6.8376777,
              34.0126541
            ],
            [
              -6.8374981,
              34.0126977
            ],
            [
              -6.8374848,
              34.0127009
            ],
            [
              -6.8373745,
              34.0127247
            ],
            [
              -6.8374023,
              34.0128005
            ],
            [
              -6.8374587,
              34.0129723
            ],
            [
              -6.8376091,
              34.0129384
            ],
            [
              -6.837758,
              34.0129049
            ]
          ]
        ]
      },
      "id": "way/280437998"
    },
    {
      "type": "Feature",
      "properties": {
        "@id": "way/280437999",
        "barrier": "gate",
        "name": "Bab Soufara",
        "tourism": "attraction",
        "wikidata": "Q58331758"
      },
      "geometry": {
        "type": "Polygon",
        "coordinates": [
          [
            [
              -6.8353133,
              34.0132815
            ],
            [
              -6.8353016,
              34.0132463
            ],
            [
              -6.8352865,
              34.0132497
            ],
            [
              -6.835223,
              34.0132642
            ],
            [
              -6.8351466,
              34.0132816
            ],
            [
              -6.8351294,
              34.0132855
            ],
            [
              -6.8351371,
              34.0133089
            ],
            [
              -6.8351411,
              34.0133208
            ],
            [
              -6.8351546,
              34.0133177
            ],
            [
              -6.8352451,
              34.0132971
            ],
            [
              -6.8353133,
              34.0132815
            ]
          ]
        ]
      },
      "id": "way/280437999"
    },
    {
      "type": "Feature",
      "properties": {
        "@id": "way/284010649",
        "name": "Source des poissons sacrés",
        "natural": "water",
        "tourism": "attraction"
      },
      "geometry": {
        "type": "Polygon",
        "coordinates": [
          [
            [
              -5.5852309,
              31.5544777
            ],
            [
              -5.5851468,
              31.5544405
            ],
            [
              -5.5850636,
              31.5544862
            ],
            [
              -5.5850127,
              31.5546782
            ],
            [
              -5.5852121,
              31.5547131
            ],
            [
              -5.5852568,
              31.5545868
            ],
            [
              -5.5852014,
              31.5545668
            ],
            [
              -5.5852309,
              31.5544777
            ]
          ]
        ]
      },
      "id": "way/284010649"
    },
    {
      "type": "Feature",
      "properties": {
        "@id": "way/288222803",
        "leisure": "recreation_ground",
        "name": "Place Ziri ibn Attiya",
        "tourism": "attraction"
      },
      "geometry": {
        "type": "Polygon",
        "coordinates": [
          [
            [
              -1.9185285,
              34.6913844
            ],
            [
              -1.9187991,
              34.6902198
            ],
            [
              -1.9187618,
              34.6900786
            ],
            [
              -1.9176869,
              34.6902701
            ],
            [
              -1.9181115,
              34.6913972
            ],
            [
              -1.9182539,
              34.6913928
            ],
            [
              -1.9185285,
              34.6913844
            ]
          ]
        ]
      },
      "id": "way/288222803"
    },
    {
      "type": "Feature",
      "properties": {
        "@id": "way/292068513",
        "area": "yes",
        "name": "Village Artisanal",
        "tourism": "attraction"
      },
      "geometry": {
        "type": "Polygon",
        "coordinates": [
          [
            [
              -1.9200972,
              34.7104183
            ],
            [
              -1.9200784,
              34.7102529
            ],
            [
              -1.9198048,
              34.7102617
            ],
            [
              -1.9186032,
              34.7106806
            ],
            [
              -1.9186638,
              34.7114634
            ],
            [
              -1.9196949,
              34.7112208
            ],
            [
              -1.9200972,
              34.7104183
            ]
          ]
        ]
      },
      "id": "way/292068513"
    },
    {
      "type": "Feature",
      "properties": {
        "@id": "way/294542282",
        "addr:street": "La Palmeraie de Marrakech | Route de Casablanca",
        "barrier": "wall",
        "name": "Chez Ali",
        "note": "Horse show, acrobats on Arabian horses firing rifles in the air;horseback acrobatics, belly dancing etc. It takes place in a huge imitaion of an old castle",
        "phone": "+212 5 24307730",
        "tourism": "attraction",
        "website": "https://www.ilove-marrakech.com/chezali/"
      },
      "geometry": {
        "type": "Polygon",
        "coordinates": [
          [
            [
              -8.0214719,
              31.7027265
            ],
            [
              -8.0211111,
              31.7027229
            ],
            [
              -8.0207906,
              31.7027206
            ],
            [
              -8.0204031,
              31.7027447
            ],
            [
              -8.0202574,
              31.7025532
            ],
            [
              -8.0201202,
              31.7023728
            ],
            [
              -8.0200669,
              31.7023028
            ],
            [
              -8.0200319,
              31.7022547
            ],
            [
              -8.0199941,
              31.7022028
            ],
            [
              -8.0196561,
              31.7022701
            ],
            [
              -8.0195245,
              31.7012821
            ],
            [
              -8.0192934,
              31.7011981
            ],
            [
              -8.0186014,
              31.7015686
            ],
            [
              -8.0193863,
              31.7031455
            ],
            [
              -8.0196599,
              31.7032713
            ],
            [
              -8.0195188,
              31.7034815
            ],
            [
              -8.0196259,
              31.7035389
            ],
            [
              -8.0196674,
              31.7034966
            ],
            [
              -8.0197688,
              31.703561
            ],
            [
              -8.0197847,
              31.7035707
            ],
            [
              -8.0203877,
              31.7040274
            ],
            [
              -8.0204928,
              31.704107
            ],
            [
              -8.0205003,
              31.7041162
            ],
            [
              -8.0205696,
              31.7042113
            ],
            [
              -8.0205883,
              31.7042394
            ],
            [
              -8.0207948,
              31.7041666
            ],
            [
              -8.0209301,
              31.7041014
            ],
            [
              -8.0211119,
              31.7039947
            ],
            [
              -8.0214637,
              31.7038251
            ],
            [
              -8.0215555,
              31.703784
            ],
            [
              -8.0217521,
              31.7036937
            ],
            [
              -8.0221758,
              31.7035106
            ],
            [
              -8.0222622,
              31.70347
            ],
            [
              -8.0223244,
              31.7034408
            ],
            [
              -8.0224354,
              31.7033934
            ],
            [
              -8.0224599,
              31.7033831
            ],
            [
              -8.0224871,
              31.7033579
            ],
            [
              -8.0224621,
              31.7033383
            ],
            [
              -8.021929,
              31.7028831
            ],
            [
              -8.0218844,
              31.702845
            ],
            [
              -8.0217616,
              31.7027402
            ],
            [
              -8.0214719,
              31.7027265
            ]
          ]
        ]
      },
      "id": "way/294542282"
    },
    {
      "type": "Feature",
      "properties": {
        "@id": "way/305993661",
        "barrier": "city_wall",
        "historic": "yes",
        "name": "La Kasbah",
        "tourism": "attraction"
      },
      "geometry": {
        "type": "Polygon",
        "coordinates": [
          [
            [
              -2.5103508,
              34.5829571
            ],
            [
              -2.5094684,
              34.5822659
            ],
            [
              -2.5090165,
              34.5825742
            ],
            [
              -2.5085296,
              34.5829063
            ],
            [
              -2.5093987,
              34.5835887
            ],
            [
              -2.5103508,
              34.5829571
            ]
          ]
        ]
      },
      "id": "way/305993661"
    },
    {
      "type": "Feature",
      "properties": {
        "@id": "way/306089736",
        "amenity": "school",
        "building": "school",
        "education": "school",
        "historic": "yes",
        "name": "École Sidi Ziane",
        "name:fr": "École Sidi Ziane",
        "tourism": "attraction"
      },
      "geometry": {
        "type": "Polygon",
        "coordinates": [
          [
            [
              -1.914591,
              34.6788867
            ],
            [
              -1.9149155,
              34.6786353
            ],
            [
              -1.9148946,
              34.6785742
            ],
            [
              -1.9146066,
              34.6783216
            ],
            [
              -1.9142396,
              34.6785647
            ],
            [
              -1.914591,
              34.6788867
            ]
          ]
        ]
      },
      "id": "way/306089736"
    },
    {
      "type": "Feature",
      "properties": {
        "@id": "way/310328172",
        "name": "La Source Bleue de Meski",
        "name:fr": "La Source Bleue de Meski",
        "natural": "water",
        "tourism": "attraction",
        "water": "lake"
      },
      "geometry": {
        "type": "Polygon",
        "coordinates": [
          [
            [
              -4.2822004,
              31.8566691
            ],
            [
              -4.2822044,
              31.8566312
            ],
            [
              -4.2821829,
              31.8565742
            ],
            [
              -4.2821507,
              31.8564968
            ],
            [
              -4.2821212,
              31.8564444
            ],
            [
              -4.2820435,
              31.856392
            ],
            [
              -4.2820141,
              31.8563824
            ],
            [
              -4.2819523,
              31.8563623
            ],
            [
              -4.2819093,
              31.8563601
            ],
            [
              -4.2818477,
              31.8563783
            ],
            [
              -4.2817712,
              31.8564208
            ],
            [
              -4.2817471,
              31.8564413
            ],
            [
              -4.2822004,
              31.8566691
            ]
          ]
        ]
      },
      "id": "way/310328172"
    },
    {
      "type": "Feature",
      "properties": {
        "@id": "way/310350548",
        "landuse": "retail",
        "name": "Manar Marbre",
        "tourism": "attraction"
      },
      "geometry": {
        "type": "Polygon",
        "coordinates": [
          [
            [
              -4.2429706,
              31.4302837
            ],
            [
              -4.2426433,
              31.4299953
            ],
            [
              -4.2427024,
              31.4299587
            ],
            [
              -4.2420801,
              31.4293133
            ],
            [
              -4.2419972,
              31.4293029
            ],
            [
              -4.2411252,
              31.4293957
            ],
            [
              -4.2417636,
              31.4301006
            ],
            [
              -4.2419621,
              31.4299633
            ],
            [
              -4.2420962,
              31.4301143
            ],
            [
              -4.2422035,
              31.4300273
            ],
            [
              -4.2423698,
              31.4302104
            ],
            [
              -4.2426863,
              31.4304805
            ],
            [
              -4.2429706,
              31.4302837
            ]
          ]
        ]
      },
      "id": "way/310350548"
    },
    {
      "type": "Feature",
      "properties": {
        "@id": "way/310438826",
        "desert": "erg",
        "name": "Erg Sedrar",
        "natural": "sand",
        "tourism": "attraction"
      },
      "geometry": {
        "type": "Polygon",
        "coordinates": [
          [
            [
              -6.1365533,
              29.7333808
            ],
            [
              -6.1341501,
              29.7335299
            ],
            [
              -6.1325193,
              29.7336789
            ],
            [
              -6.1203313,
              29.7361384
            ],
            [
              -6.115439,
              29.737778
            ],
            [
              -6.1126924,
              29.7392685
            ],
            [
              -6.1054826,
              29.7457521
            ],
            [
              -6.1036802,
              29.7469444
            ],
            [
              -6.1035085,
              29.7480622
            ],
            [
              -6.1040235,
              29.7495526
            ],
            [
              -6.104281,
              29.7500742
            ],
            [
              -6.1041093,
              29.7507449
            ],
            [
              -6.1011053,
              29.7519372
            ],
            [
              -6.0981012,
              29.7534275
            ],
            [
              -6.0966421,
              29.7549923
            ],
            [
              -6.0964704,
              29.7576748
            ],
            [
              -6.0963846,
              29.7614748
            ],
            [
              -6.0975004,
              29.7643807
            ],
            [
              -6.0980154,
              29.7653493
            ],
            [
              -6.0980154,
              29.7698196
            ],
            [
              -6.0981012,
              29.7740662
            ],
            [
              -6.099217,
              29.7754817
            ],
            [
              -6.100247,
              29.7758542
            ],
            [
              -6.1018777,
              29.7755562
            ],
            [
              -6.1033369,
              29.7745132
            ],
            [
              -6.1052251,
              29.7728742
            ],
            [
              -6.1071992,
              29.7707881
            ],
            [
              -6.1121774,
              29.7666904
            ],
            [
              -6.1168981,
              29.7644552
            ],
            [
              -6.1189151,
              29.7631513
            ],
            [
              -6.1201597,
              29.7611768
            ],
            [
              -6.1206747,
              29.7593886
            ],
            [
              -6.1213613,
              29.7578238
            ],
            [
              -6.1223913,
              29.7560355
            ],
            [
              -6.1246229,
              29.7540981
            ],
            [
              -6.1292577,
              29.751043
            ],
            [
              -6.1352659,
              29.7478387
            ],
            [
              -6.1401582,
              29.7442617
            ],
            [
              -6.1425186,
              29.739902
            ],
            [
              -6.1422182,
              29.7380016
            ],
            [
              -6.1397291,
              29.7355422
            ],
            [
              -6.1365533,
              29.7333808
            ]
          ]
        ]
      },
      "id": "way/310438826"
    },
    {
      "type": "Feature",
      "properties": {
        "@id": "way/310438827",
        "desert": "erg",
        "name": "Erg Smar",
        "natural": "sand",
        "tourism": "attraction"
      },
      "geometry": {
        "type": "Polygon",
        "coordinates": [
          [
            [
              -6.1105466,
              29.7052043
            ],
            [
              -6.1102462,
              29.7041979
            ],
            [
              -6.1092592,
              29.7028932
            ],
            [
              -6.1076284,
              29.7014767
            ],
            [
              -6.1044527,
              29.7004329
            ],
            [
              -6.1004615,
              29.7002465
            ],
            [
              -6.0956121,
              29.7006566
            ],
            [
              -6.090591,
              29.7012903
            ],
            [
              -6.0893465,
              29.701924
            ],
            [
              -6.0876298,
              29.7037133
            ],
            [
              -6.0856128,
              29.7071054
            ],
            [
              -6.0848004,
              29.7080246
            ],
            [
              -6.0836387,
              29.70882
            ],
            [
              -6.0817075,
              29.7096028
            ],
            [
              -6.0801197,
              29.7097891
            ],
            [
              -6.0772872,
              29.7097146
            ],
            [
              -6.0750127,
              29.7087827
            ],
            [
              -6.0697771,
              29.705428
            ],
            [
              -6.0679531,
              29.7048968
            ],
            [
              -6.0665989,
              29.7050333
            ],
            [
              -6.0651076,
              29.7047817
            ],
            [
              -6.0638977,
              29.7048316
            ],
            [
              -6.0625541,
              29.7045674
            ],
            [
              -6.0614622,
              29.7043191
            ],
            [
              -6.0603011,
              29.7049215
            ],
            [
              -6.0597778,
              29.7056144
            ],
            [
              -6.0586191,
              29.7068445
            ],
            [
              -6.0588766,
              29.7086336
            ],
            [
              -6.0586191,
              29.7094537
            ],
            [
              -6.0578359,
              29.7098171
            ],
            [
              -6.0576106,
              29.7107024
            ],
            [
              -6.0587773,
              29.7132684
            ],
            [
              -6.060266,
              29.7141757
            ],
            [
              -6.0621274,
              29.7150959
            ],
            [
              -6.0634041,
              29.7139544
            ],
            [
              -6.0644556,
              29.7124542
            ],
            [
              -6.0650135,
              29.7108328
            ],
            [
              -6.0662151,
              29.711951
            ],
            [
              -6.0666013,
              29.7137774
            ],
            [
              -6.0674596,
              29.7153428
            ],
            [
              -6.0688329,
              29.71661
            ],
            [
              -6.0708929,
              29.7175791
            ],
            [
              -6.0729528,
              29.7181009
            ],
            [
              -6.0746694,
              29.7189954
            ],
            [
              -6.0781885,
              29.7220515
            ],
            [
              -6.0803772,
              29.7238777
            ],
            [
              -6.08248,
              29.7251076
            ],
            [
              -6.0854841,
              29.7264492
            ],
            [
              -6.0884023,
              29.7272691
            ],
            [
              -6.0902048,
              29.7272691
            ],
            [
              -6.0923934,
              29.7258902
            ],
            [
              -6.0942817,
              29.7239523
            ],
            [
              -6.0962987,
              29.7213807
            ],
            [
              -6.1023927,
              29.7166846
            ],
            [
              -6.1063409,
              29.7125847
            ],
            [
              -6.1090017,
              29.7091555
            ],
            [
              -6.1105466,
              29.7052043
            ]
          ]
        ]
      },
      "id": "way/310438827"
    },
    {
      "type": "Feature",
      "properties": {
        "@id": "way/315077071",
        "historic": "castle",
        "name": "Kasbah de Télouet",
        "name:en": "Telouet Kasbah",
        "name:fr": "Kasbah de Télouet",
        "tourism": "attraction",
        "wikidata": "Q3193673",
        "wikimedia_commons": "Category:Kasbah of Telouet",
        "wikipedia": "en:Telouet Kasbah"
      },
      "geometry": {
        "type": "Polygon",
        "coordinates": [
          [
            [
              -7.2376686,
              31.2871067
            ],
            [
              -7.2376298,
              31.2870841
            ],
            [
              -7.2377435,
              31.2870142
            ],
            [
              -7.2375923,
              31.2868139
            ],
            [
              -7.2373968,
              31.2866764
            ],
            [
              -7.2374772,
              31.2865188
            ],
            [
              -7.2370889,
              31.2863184
            ],
            [
              -7.2367061,
              31.2862829
            ],
            [
              -7.2366631,
              31.2864713
            ],
            [
              -7.2366062,
              31.286527
            ],
            [
              -7.2364259,
              31.2865555
            ],
            [
              -7.2362289,
              31.2868957
            ],
            [
              -7.2358711,
              31.2868103
            ],
            [
              -7.2357116,
              31.2871422
            ],
            [
              -7.2368073,
              31.2875843
            ],
            [
              -7.2373746,
              31.287243
            ],
            [
              -7.2374259,
              31.2872797
            ],
            [
              -7.2376686,
              31.2871067
            ]
          ]
        ]
      },
      "id": "way/315077071"
    },
    {
      "type": "Feature",
      "properties": {
        "@id": "way/320463764",
        "name": "Kasbah",
        "place": "square",
        "tourism": "attraction"
      },
      "geometry": {
        "type": "Polygon",
        "coordinates": [
          [
            [
              -1.9127736,
              34.6783294
            ],
            [
              -1.9131776,
              34.678735
            ],
            [
              -1.9131978,
              34.6787371
            ],
            [
              -1.9132224,
              34.6787384
            ],
            [
              -1.9132291,
              34.6786661
            ],
            [
              -1.9133163,
              34.6785967
            ],
            [
              -1.9132452,
              34.6785272
            ],
            [
              -1.9132859,
              34.6785004
            ],
            [
              -1.9132638,
              34.6784769
            ],
            [
              -1.9132484,
              34.6784614
            ],
            [
              -1.912945,
              34.6781554
            ],
            [
              -1.9128903,
              34.6781953
            ],
            [
              -1.9129089,
              34.6782131
            ],
            [
              -1.9128061,
              34.6783015
            ],
            [
              -1.9127832,
              34.6783212
            ],
            [
              -1.9127736,
              34.6783294
            ]
          ]
        ]
      },
      "id": "way/320463764"
    },
    {
      "type": "Feature",
      "properties": {
        "@id": "way/320466161",
        "building": "yes",
        "name": "Gare Historique المحطة تاريخية",
        "name:ar": "المحطة تاريخية",
        "name:fr": "Gare Historique",
        "note": "La première gare au Maroc, mise en service le 14 octobre 1911.",
        "operator": "Ligne Méditerranée-Niger (\"Merniger\")",
        "source": "Les chemins de fer de la France d’Outre-Mer - L’Afrique du Nord, par Pascal Bejui. Ed. La Rigordane",
        "source:1": "http://www.maroc-protectorat-chemindefer.fr/index.php/les-lignes/oujda-fes/21-ligne-de-loriental-a-voie-etroite/68-historique-du-chemin-de-fer-a-voie-etroite-de-loriental",
        "source:date": "1992",
        "tourism": "attraction"
      },
      "geometry": {
        "type": "Polygon",
        "coordinates": [
          [
            [
              -1.9115954,
              34.6978979
            ],
            [
              -1.9118622,
              34.6978056
            ],
            [
              -1.9117857,
              34.6976562
            ],
            [
              -1.9115189,
              34.6977485
            ],
            [
              -1.9115954,
              34.6978979
            ]
          ]
        ]
      },
      "id": "way/320466161"
    },
    {
      "type": "Feature",
      "properties": {
        "@id": "way/323166892",
        "alt_name": "Dar Essebti",
        "building": "yes",
        "name": "Dar Sebti",
        "tourism": "attraction"
      },
      "geometry": {
        "type": "Polygon",
        "coordinates": [
          [
            [
              -1.9116434,
              34.6772375
            ],
            [
              -1.9121088,
              34.6774054
            ],
            [
              -1.9121389,
              34.677348
            ],
            [
              -1.9121184,
              34.6773407
            ],
            [
              -1.9121509,
              34.6772786
            ],
            [
              -1.9121727,
              34.6772863
            ],
            [
              -1.9122073,
              34.6772205
            ],
            [
              -1.9122919,
              34.6772505
            ],
            [
              -1.9123259,
              34.6771858
            ],
            [
              -1.9121214,
              34.6771133
            ],
            [
              -1.9120863,
              34.6771802
            ],
            [
              -1.9117915,
              34.6770756
            ],
            [
              -1.9116434,
              34.6772375
            ]
          ]
        ]
      },
      "id": "way/323166892"
    },
    {
      "type": "Feature",
      "properties": {
        "@id": "way/325559739",
        "landform": "dune_system",
        "name": "Erg de Ouzina",
        "natural": "sand",
        "tourism": "attraction"
      },
      "geometry": {
        "type": "Polygon",
        "coordinates": [
          [
            [
              -4.173174,
              30.766398
            ],
            [
              -4.1662217,
              30.7756901
            ],
            [
              -4.1621018,
              30.7804096
            ],
            [
              -4.1612435,
              30.7813682
            ],
            [
              -4.1595269,
              30.783138
            ],
            [
              -4.1576386,
              30.7849077
            ],
            [
              -4.1565228,
              30.7854976
            ],
            [
              -4.1553212,
              30.7860874
            ],
            [
              -4.1542054,
              30.7867511
            ],
            [
              -4.1531754,
              30.7875621
            ],
            [
              -4.1523171,
              30.7885207
            ],
            [
              -4.1518021,
              30.7897004
            ],
            [
              -4.151373,
              30.7916912
            ],
            [
              -4.150858,
              30.7927234
            ],
            [
              -4.1501714,
              30.7936819
            ],
            [
              -4.1493989,
              30.7946404
            ],
            [
              -4.1493989,
              30.7957463
            ],
            [
              -4.1494847,
              30.7968523
            ],
            [
              -4.1497422,
              30.7979582
            ],
            [
              -4.1500855,
              30.7990641
            ],
            [
              -4.1505147,
              30.8001699
            ],
            [
              -4.1509438,
              30.8014233
            ],
            [
              -4.1512013,
              30.8026766
            ],
            [
              -4.1512013,
              30.8038561
            ],
            [
              -4.1510297,
              30.8049619
            ],
            [
              -4.1507722,
              30.8060678
            ],
            [
              -4.1505147,
              30.8074684
            ],
            [
              -4.150343,
              30.8087954
            ],
            [
              -4.1499139,
              30.8098274
            ],
            [
              -4.1499139,
              30.8132921
            ],
            [
              -4.1500855,
              30.8143978
            ],
            [
              -4.150343,
              30.8155035
            ],
            [
              -4.150858,
              30.8164618
            ],
            [
              -4.1516305,
              30.8174938
            ],
            [
              -4.1531754,
              30.8194102
            ],
            [
              -4.1541196,
              30.8202948
            ],
            [
              -4.1551495,
              30.8210319
            ],
            [
              -4.1563512,
              30.8208844
            ],
            [
              -4.157467,
              30.820221
            ],
            [
              -4.1584111,
              30.8194102
            ],
            [
              -4.1592694,
              30.818452
            ],
            [
              -4.1601277,
              30.81742
            ],
            [
              -4.160986,
              30.8163144
            ],
            [
              -4.1619302,
              30.8152824
            ],
            [
              -4.1628743,
              30.8143978
            ],
            [
              -4.1638184,
              30.8134395
            ],
            [
              -4.1645909,
              30.8125549
            ],
            [
              -4.1667367,
              30.8110806
            ],
            [
              -4.1677667,
              30.8103435
            ],
            [
              -4.1687108,
              30.8093851
            ],
            [
              -4.1697408,
              30.8083531
            ],
            [
              -4.1704274,
              30.8072473
            ],
            [
              -4.1704274,
              30.8060678
            ],
            [
              -4.1701699,
              30.8049619
            ],
            [
              -4.1696549,
              30.8037087
            ],
            [
              -4.1690541,
              30.8025291
            ],
            [
              -4.1685391,
              30.8014233
            ],
            [
              -4.1676808,
              30.8004648
            ],
            [
              -4.1671658,
              30.799359
            ],
            [
              -4.1671658,
              30.7981793
            ],
            [
              -4.1673375,
              30.7970734
            ],
            [
              -4.1679383,
              30.7960413
            ],
            [
              -4.1693116,
              30.7939768
            ],
            [
              -4.1700841,
              30.7930184
            ],
            [
              -4.1708566,
              30.7918387
            ],
            [
              -4.171629,
              30.7909539
            ],
            [
              -4.1723157,
              30.7898479
            ],
            [
              -4.1724873,
              30.7887419
            ],
            [
              -4.1724873,
              30.7830642
            ],
            [
              -4.1728307,
              30.7819581
            ],
            [
              -4.1734315,
              30.7809258
            ],
            [
              -4.174204,
              30.7800409
            ],
            [
              -4.1753198,
              30.7792298
            ],
            [
              -4.1761781,
              30.7784186
            ],
            [
              -4.1771222,
              30.7775337
            ],
            [
              -4.1778088,
              30.7765751
            ],
            [
              -4.1802979,
              30.773994
            ],
            [
              -4.1814137,
              30.7733303
            ],
            [
              -4.182787,
              30.7725191
            ],
            [
              -4.183817,
              30.7719291
            ],
            [
              -4.1849328,
              30.7714866
            ],
            [
              -4.1861344,
              30.7710442
            ],
            [
              -4.1887093,
              30.7704542
            ],
            [
              -4.1901685,
              30.7700854
            ],
            [
              -4.1913701,
              30.7697904
            ],
            [
              -4.1926576,
              30.7694955
            ],
            [
              -4.1938592,
              30.769348
            ],
            [
              -4.1951466,
              30.7689792
            ],
            [
              -4.1964341,
              30.7686842
            ],
            [
              -4.1976357,
              30.7683892
            ],
            [
              -4.1990949,
              30.7680205
            ],
            [
              -4.2004681,
              30.7677255
            ],
            [
              -4.2016698,
              30.7674305
            ],
            [
              -4.2029572,
              30.7670617
            ],
            [
              -4.2041589,
              30.7668405
            ],
            [
              -4.2055322,
              30.766398
            ],
            [
              -4.2068196,
              30.7660292
            ],
            [
              -4.2082787,
              30.7657342
            ],
            [
              -4.2095662,
              30.7653655
            ],
            [
              -4.2109395,
              30.7651442
            ],
            [
              -4.2126561,
              30.7649229
            ],
            [
              -4.2142011,
              30.7647017
            ],
            [
              -4.2158318,
              30.7644804
            ],
            [
              -4.2184068,
              30.7641854
            ],
            [
              -4.2198659,
              30.7640379
            ],
            [
              -4.2210675,
              30.7638167
            ],
            [
              -4.2222691,
              30.7635216
            ],
            [
              -4.2234708,
              30.7633741
            ],
            [
              -4.2251016,
              30.7631529
            ],
            [
              -4.226389,
              30.7630054
            ],
            [
              -4.2275906,
              30.7627841
            ],
            [
              -4.2287923,
              30.7626366
            ],
            [
              -4.2301656,
              30.7625628
            ],
            [
              -4.2344571,
              30.7625628
            ],
            [
              -4.2358304,
              30.7624891
            ],
            [
              -4.2371179,
              30.7623416
            ],
            [
              -4.238577,
              30.7621203
            ],
            [
              -4.2398644,
              30.7619728
            ],
            [
              -4.2408944,
              30.7612353
            ],
            [
              -4.2413236,
              30.7601289
            ],
            [
              -4.2413236,
              30.7588751
            ],
            [
              -4.2410661,
              30.7577687
            ],
            [
              -4.2405511,
              30.7567361
            ],
            [
              -4.2398644,
              30.7557773
            ],
            [
              -4.239092,
              30.7546709
            ],
            [
              -4.2384053,
              30.753712
            ],
            [
              -4.2376328,
              30.7527531
            ],
            [
              -4.2366887,
              30.7517204
            ],
            [
              -4.2357446,
              30.7508353
            ],
            [
              -4.2347146,
              30.7499501
            ],
            [
              -4.233513,
              30.7492862
            ],
            [
              -4.2322255,
              30.7486224
            ],
            [
              -4.2310239,
              30.7480322
            ],
            [
              -4.2295648,
              30.7472946
            ],
            [
              -4.2282773,
              30.746852
            ],
            [
              -4.2255307,
              30.7461143
            ],
            [
              -4.2241574,
              30.745893
            ],
            [
              -4.2200375,
              30.745893
            ],
            [
              -4.2186643,
              30.7460406
            ],
            [
              -4.2172051,
              30.7461881
            ],
            [
              -4.2159177,
              30.7464094
            ],
            [
              -4.2146302,
              30.7467045
            ],
            [
              -4.2133428,
              30.7470733
            ],
            [
              -4.2114545,
              30.7475159
            ],
            [
              -4.2099095,
              30.7478847
            ],
            [
              -4.2084504,
              30.7481798
            ],
            [
              -4.2071629,
              30.7484748
            ],
            [
              -4.2058755,
              30.7488437
            ],
            [
              -4.2029572,
              30.7495813
            ],
            [
              -4.2014123,
              30.7500239
            ],
            [
              -4.2001248,
              30.7504665
            ],
            [
              -4.1989232,
              30.750909
            ],
            [
              -4.1976357,
              30.7513516
            ],
            [
              -4.1962624,
              30.7518679
            ],
            [
              -4.194975,
              30.7523105
            ],
            [
              -4.1936017,
              30.7529006
            ],
            [
              -4.1922284,
              30.7534169
            ],
            [
              -4.1909409,
              30.7540808
            ],
            [
              -4.1884519,
              30.7551872
            ],
            [
              -4.1872502,
              30.755851
            ],
            [
              -4.1859628,
              30.7565148
            ],
            [
              -4.1844178,
              30.7573262
            ],
            [
              -4.183302,
              30.7579162
            ],
            [
              -4.1821004,
              30.7587276
            ],
            [
              -4.1809846,
              30.7594651
            ],
            [
              -4.1798688,
              30.7602765
            ],
            [
              -4.1788388,
              30.761014
            ],
            [
              -4.177723,
              30.7618991
            ],
            [
              -4.1768647,
              30.7628579
            ],
            [
              -4.1758347,
              30.7637429
            ],
            [
              -4.1749764,
              30.7646279
            ],
            [
              -4.1740323,
              30.7654392
            ],
            [
              -4.173174,
              30.766398
            ]
          ]
        ]
      },
      "id": "way/325559739"
    },
    {
      "type": "Feature",
      "properties": {
        "@id": "way/325559740",
        "natural": "sand",
        "tourism": "attraction"
      },
      "geometry": {
        "type": "Polygon",
        "coordinates": [
          [
            [
              -4.4135875,
              30.7216173
            ],
            [
              -4.40391,
              30.7175184
            ],
            [
              -4.392044,
              30.7166735
            ],
            [
              -4.383654,
              30.7193631
            ],
            [
              -4.3706721,
              30.7295857
            ],
            [
              -4.3716163,
              30.7325369
            ],
            [
              -4.3791694,
              30.728479
            ],
            [
              -4.3862075,
              30.7268559
            ],
            [
              -4.391529,
              30.7307662
            ],
            [
              -4.3911856,
              30.7343075
            ],
            [
              -4.3951339,
              30.7333484
            ],
            [
              -4.3975371,
              30.7347501
            ],
            [
              -4.4019145,
              30.7354141
            ],
            [
              -4.4030303,
              30.7381437
            ],
            [
              -4.4023436,
              30.7402093
            ],
            [
              -4.4045752,
              30.7410208
            ],
            [
              -4.4073218,
              30.7399143
            ],
            [
              -4.4116992,
              30.7429388
            ],
            [
              -4.4158191,
              30.7471436
            ],
            [
              -4.4189948,
              30.7486926
            ],
            [
              -4.4233722,
              30.7452256
            ],
            [
              -4.4266337,
              30.7403569
            ],
            [
              -4.4254536,
              30.7353735
            ],
            [
              -4.4218487,
              30.7308732
            ],
            [
              -4.4186729,
              30.7313158
            ],
            [
              -4.4157332,
              30.7334959
            ],
            [
              -4.4132656,
              30.7322749
            ],
            [
              -4.413845,
              30.7297333
            ],
            [
              -4.4140166,
              30.7247162
            ],
            [
              -4.4135875,
              30.7216173
            ]
          ]
        ]
      },
      "id": "way/325559740"
    },
    {
      "type": "Feature",
      "properties": {
        "@id": "way/325559742",
        "natural": "sand",
        "tourism": "attraction"
      },
      "geometry": {
        "type": "Polygon",
        "coordinates": [
          [
            [
              -4.123587,
              30.8973899
            ],
            [
              -4.1266769,
              30.9040219
            ],
            [
              -4.1294922,
              30.9050161
            ],
            [
              -4.1353287,
              30.9003028
            ],
            [
              -4.1405815,
              30.8857562
            ],
            [
              -4.1371483,
              30.8860213
            ],
            [
              -4.1281189,
              30.8940093
            ],
            [
              -4.123587,
              30.8973899
            ]
          ]
        ]
      },
      "id": "way/325559742"
    },
    {
      "type": "Feature",
      "properties": {
        "@id": "way/326286701",
        "addr:city": "وجدة",
        "name": "Oasis Sidi Yahya واحة سيدي يحيى",
        "name:ar": "واحة سيدي يحيى",
        "name:fr": "Oasis Sidi Yahya",
        "tourism": "attraction"
      },
      "geometry": {
        "type": "Polygon",
        "coordinates": [
          [
            [
              -1.8635239,
              34.6659657
            ],
            [
              -1.8635547,
              34.6658837
            ],
            [
              -1.863894,
              34.6659172
            ],
            [
              -1.8638994,
              34.6659834
            ],
            [
              -1.86435,
              34.6660495
            ],
            [
              -1.864468,
              34.6649244
            ],
            [
              -1.8637693,
              34.6647277
            ],
            [
              -1.8637599,
              34.6646465
            ],
            [
              -1.8628466,
              34.6643129
            ],
            [
              -1.8620594,
              34.6655157
            ],
            [
              -1.8619776,
              34.6663249
            ],
            [
              -1.8621117,
              34.6667925
            ],
            [
              -1.8624027,
              34.6671482
            ],
            [
              -1.8626495,
              34.6675805
            ],
            [
              -1.8631216,
              34.6672805
            ],
            [
              -1.8635239,
              34.6659657
            ]
          ]
        ]
      },
      "id": "way/326286701"
    },
    {
      "type": "Feature",
      "properties": {
        "@id": "way/330244376",
        "amenity": "marketplace",
        "name": "Berber Market",
        "tourism": "attraction"
      },
      "geometry": {
        "type": "Polygon",
        "coordinates": [
          [
            [
              -7.7485986,
              31.3157673
            ],
            [
              -7.7488227,
              31.3154254
            ],
            [
              -7.7485534,
              31.3152424
            ],
            [
              -7.748513,
              31.3149652
            ],
            [
              -7.7478833,
              31.3144851
            ],
            [
              -7.7473668,
              31.3140913
            ],
            [
              -7.747282,
              31.3140763
            ],
            [
              -7.7471868,
              31.314061
            ],
            [
              -7.7469359,
              31.314061
            ],
            [
              -7.74678,
              31.3141382
            ],
            [
              -7.746564,
              31.3142451
            ],
            [
              -7.746733,
              31.3147727
            ],
            [
              -7.7474784,
              31.3154622
            ],
            [
              -7.7479343,
              31.3155864
            ],
            [
              -7.7485986,
              31.3157673
            ]
          ]
        ]
      },
      "id": "way/330244376"
    },
    {
      "type": "Feature",
      "properties": {
        "@id": "way/330594619",
        "addr:city": "Casablanca",
        "addr:housenumber": "23",
        "addr:postcode": "20000",
        "addr:street": "Rue Leon l'Africain",
        "building": "yes",
        "name": "Gare CTM Casablanca - principale",
        "name:fr": "Casablanca FAR",
        "opening_hours": "Mo-Su 04:00-24:00",
        "operator": "CTM",
        "phone": "+212 80 0090030",
        "tourism": "attraction",
        "website": "https://www.ctm.ma/"
      },
      "geometry": {
        "type": "Polygon",
        "coordinates": [
          [
            [
              -7.6106089,
              33.5963356
            ],
            [
              -7.6106999,
              33.5964774
            ],
            [
              -7.6108055,
              33.596642
            ],
            [
              -7.6112741,
              33.5966292
            ],
            [
              -7.6112405,
              33.5965651
            ],
            [
              -7.6114559,
              33.5964813
            ],
            [
              -7.6113751,
              33.596363
            ],
            [
              -7.6113016,
              33.5962599
            ],
            [
              -7.610784,
              33.5964811
            ],
            [
              -7.610761,
              33.5964478
            ],
            [
              -7.6107404,
              33.5964181
            ],
            [
              -7.6116497,
              33.5960121
            ],
            [
              -7.6116672,
              33.5960379
            ],
            [
              -7.6116888,
              33.5960697
            ],
            [
              -7.6118672,
              33.5959892
            ],
            [
              -7.6118432,
              33.5959597
            ],
            [
              -7.6117684,
              33.5958678
            ],
            [
              -7.6110694,
              33.595852
            ],
            [
              -7.6109342,
              33.5959047
            ],
            [
              -7.6108782,
              33.5960002
            ],
            [
              -7.6105002,
              33.5961796
            ],
            [
              -7.6105291,
              33.596221
            ],
            [
              -7.6106089,
              33.5963356
            ]
          ]
        ]
      },
      "id": "way/330594619"
    },
    {
      "type": "Feature",
      "properties": {
        "@id": "way/368213019",
        "name": "Gorges Akka n’Daghour",
        "tourism": "attraction"
      },
      "geometry": {
        "type": "Polygon",
        "coordinates": [
          [
            [
              -6.6108808,
              31.5396396
            ],
            [
              -6.6111707,
              31.53915
            ],
            [
              -6.6113656,
              31.5385393
            ],
            [
              -6.6119927,
              31.538418
            ],
            [
              -6.6121666,
              31.5379734
            ],
            [
              -6.612293,
              31.5378027
            ],
            [
              -6.6129412,
              31.5376455
            ],
            [
              -6.6129412,
              31.5373401
            ],
            [
              -6.6129096,
              31.5370707
            ],
            [
              -6.6132204,
              31.5367653
            ],
            [
              -6.6133733,
              31.536379
            ],
            [
              -6.6132257,
              31.5357188
            ],
            [
              -6.613231,
              31.535263
            ],
            [
              -6.6132046,
              31.5341986
            ],
            [
              -6.613065,
              31.5336372
            ],
            [
              -6.6128463,
              31.5332981
            ],
            [
              -6.6126408,
              31.532712
            ],
            [
              -6.6129254,
              31.5321999
            ],
            [
              -6.6129781,
              31.5315891
            ],
            [
              -6.6134101,
              31.5312478
            ],
            [
              -6.6132942,
              31.530583
            ],
            [
              -6.6129359,
              31.5302507
            ],
            [
              -6.6127673,
              31.5300081
            ],
            [
              -6.6131783,
              31.5291278
            ],
            [
              -6.6140846,
              31.5288224
            ],
            [
              -6.6146326,
              31.5283283
            ],
            [
              -6.6150647,
              31.5278163
            ],
            [
              -6.6154441,
              31.5267832
            ],
            [
              -6.6153914,
              31.5260736
            ],
            [
              -6.6153914,
              31.5251303
            ],
            [
              -6.6149277,
              31.5241511
            ],
            [
              -6.6143481,
              31.5238726
            ],
            [
              -6.6138422,
              31.5233606
            ],
            [
              -6.6136315,
              31.5230012
            ],
            [
              -6.6138949,
              31.519794
            ],
            [
              -6.6136104,
              31.519246
            ],
            [
              -6.6131888,
              31.518132
            ],
            [
              -6.6126619,
              31.5182578
            ],
            [
              -6.613094,
              31.5195964
            ],
            [
              -6.6132626,
              31.520378
            ],
            [
              -6.6126197,
              31.5217795
            ],
            [
              -6.6125565,
              31.5226149
            ],
            [
              -6.6130097,
              31.5232438
            ],
            [
              -6.6142216,
              31.5245374
            ],
            [
              -6.6146432,
              31.5252561
            ],
            [
              -6.6146959,
              31.5267743
            ],
            [
              -6.6145167,
              31.5276007
            ],
            [
              -6.6138001,
              31.5281577
            ],
            [
              -6.6130307,
              31.5286607
            ],
            [
              -6.6122087,
              31.5294332
            ],
            [
              -6.6122193,
              31.5303764
            ],
            [
              -6.6122825,
              31.5309064
            ],
            [
              -6.61243,
              31.531652
            ],
            [
              -6.6120296,
              31.5327389
            ],
            [
              -6.6126197,
              31.5339516
            ],
            [
              -6.6128094,
              31.5345624
            ],
            [
              -6.6127462,
              31.5359995
            ],
            [
              -6.6125987,
              31.5367091
            ],
            [
              -6.6120506,
              31.5373738
            ],
            [
              -6.6113972,
              31.5379756
            ],
            [
              -6.6107649,
              31.5385684
            ],
            [
              -6.6104593,
              31.5397541
            ],
            [
              -6.6108808,
              31.5396396
            ]
          ]
        ]
      },
      "id": "way/368213019"
    },
    {
      "type": "Feature",
      "properties": {
        "@id": "way/373005450",
        "desert": "erg",
        "name": "Le Petit Sahara",
        "name:ar": "الصحراء الصغيرة",
        "name:en": "Little Sahara",
        "name:es": "El Pequeño Sáhara",
        "natural": "sand",
        "place": "locality",
        "surface": "sand",
        "tourism": "attraction"
      },
      "geometry": {
        "type": "Polygon",
        "coordinates": [
          [
            [
              -9.5351885,
              29.8524048
            ],
            [
              -9.5412395,
              29.8419843
            ],
            [
              -9.5448873,
              29.8289547
            ],
            [
              -9.5371626,
              29.8253434
            ],
            [
              -9.5209406,
              29.836177
            ],
            [
              -9.5230863,
              29.8442177
            ],
            [
              -9.5251892,
              29.8455206
            ],
            [
              -9.5317552,
              29.8443666
            ],
            [
              -9.5321844,
              29.8511393
            ],
            [
              -9.5351885,
              29.8524048
            ]
          ]
        ]
      },
      "id": "way/373005450"
    },
    {
      "type": "Feature",
      "properties": {
        "@id": "way/385262961",
        "historic": "yes",
        "name": "Kasbah Boulaouane",
        "ruins": "yes",
        "tourism": "attraction"
      },
      "geometry": {
        "type": "Polygon",
        "coordinates": [
          [
            [
              -8.0208267,
              32.8564873
            ],
            [
              -8.0207569,
              32.8564602
            ],
            [
              -8.0207462,
              32.8564827
            ],
            [
              -8.0205585,
              32.8564332
            ],
            [
              -8.0205719,
              32.8564061
            ],
            [
              -8.0205048,
              32.8563904
            ],
            [
              -8.0204941,
              32.8564152
            ],
            [
              -8.020301,
              32.8563611
            ],
            [
              -8.0203117,
              32.856334
            ],
            [
              -8.0202259,
              32.8563115
            ],
            [
              -8.0202151,
              32.856334
            ],
            [
              -8.020022,
              32.856289
            ],
            [
              -8.0200274,
              32.8562529
            ],
            [
              -8.019963,
              32.8562394
            ],
            [
              -8.019955,
              32.8562709
            ],
            [
              -8.0197592,
              32.8562304
            ],
            [
              -8.0197162,
              32.8562214
            ],
            [
              -8.0197243,
              32.8561966
            ],
            [
              -8.019617,
              32.8561786
            ],
            [
              -8.0195982,
              32.8562507
            ],
            [
              -8.0196519,
              32.8562597
            ],
            [
              -8.0196331,
              32.856325
            ],
            [
              -8.0198235,
              32.8563611
            ],
            [
              -8.0196706,
              32.8567283
            ],
            [
              -8.0196116,
              32.8567126
            ],
            [
              -8.0195768,
              32.8568207
            ],
            [
              -8.0195553,
              32.8568162
            ],
            [
              -8.0195312,
              32.856877
            ],
            [
              -8.019617,
              32.8568996
            ],
            [
              -8.0194909,
              32.8572623
            ],
            [
              -8.0194507,
              32.8572511
            ],
            [
              -8.0194319,
              32.8573096
            ],
            [
              -8.019499,
              32.8573389
            ],
            [
              -8.0195097,
              32.8573209
            ],
            [
              -8.0197913,
              32.8574696
            ],
            [
              -8.0198584,
              32.8574967
            ],
            [
              -8.0199415,
              32.8575417
            ],
            [
              -8.0199147,
              32.8575755
            ],
            [
              -8.0199845,
              32.8576093
            ],
            [
              -8.0200247,
              32.857553
            ],
            [
              -8.0200059,
              32.8575395
            ],
            [
              -8.0202205,
              32.857233
            ],
            [
              -8.0203814,
              32.8570212
            ],
            [
              -8.020419,
              32.8570393
            ],
            [
              -8.0204538,
              32.8569942
            ],
            [
              -8.0204163,
              32.8569762
            ],
            [
              -8.0206899,
              32.8566517
            ],
            [
              -8.020765,
              32.8565368
            ],
            [
              -8.0207972,
              32.8565458
            ],
            [
              -8.0208267,
              32.8564873
            ]
          ]
        ]
      },
      "id": "way/385262961"
    },
    {
      "type": "Feature",
      "properties": {
        "@id": "way/406450949",
        "addr:city": "Salé سلا",
        "addr:street": "Route de Kénitra, KM 13",
        "charge": "20 MAD",
        "check_date": "2023-10-20",
        "email": "contact@jardinexotiq.ma",
        "fax": "+212 537 82 20 74",
        "fee": "yes",
        "garden:type": "botanical",
        "leisure": "garden",
        "name": "Jardins exotiques de Bouknadel",
        "opening_hours": "\"Automne-Hiver :   De 9h à 17h Printemps - Été :   De 9h à 19h (Ces tranches d’horaires varient avec la longueur de la journée) Les jardins sont fermés les jours de l’aid Adha et Al Fitr et le Lundi matin.\"",
        "phone": "+212 537 82 27 56",
        "tourism": "attraction",
        "website": "https://www.jardinsexotiques.com/",
        "wikidata": "Q12186211",
        "wikimedia_commons": "Category:Exotic Gardens of Sidi Bouknadel",
        "wikipedia": "ar:الحدائق العجيبة"
      },
      "geometry": {
        "type": "Polygon",
        "coordinates": [
          [
            [
              -6.764622,
              34.0941116
            ],
            [
              -6.7647335,
              34.0942308
            ],
            [
              -6.7648558,
              34.0941425
            ],
            [
              -6.7652382,
              34.0944193
            ],
            [
              -6.7653327,
              34.0944315
            ],
            [
              -6.7670184,
              34.0958093
            ],
            [
              -6.7686215,
              34.0971195
            ],
            [
              -6.7694819,
              34.0963389
            ],
            [
              -6.7669781,
              34.0945786
            ],
            [
              -6.766724,
              34.0948309
            ],
            [
              -6.7649316,
              34.0936633
            ],
            [
              -6.7646253,
              34.0940268
            ],
            [
              -6.764622,
              34.0941116
            ]
          ]
        ]
      },
      "id": "way/406450949"
    },
    {
      "type": "Feature",
      "properties": {
        "@id": "way/414833310",
        "email": "info@anima-garden.com",
        "leisure": "garden",
        "name": "Anima - Le Retour du Paradis",
        "operator": "Anima Sarl A.U.",
        "phone": "+212 524 48 20 22",
        "tourism": "attraction",
        "website": "https://www.anima-garden.com/"
      },
      "geometry": {
        "type": "Polygon",
        "coordinates": [
          [
            [
              -7.8266427,
              31.4024432
            ],
            [
              -7.826658,
              31.4024573
            ],
            [
              -7.826672,
              31.4024541
            ],
            [
              -7.8266873,
              31.4024508
            ],
            [
              -7.8267294,
              31.4025381
            ],
            [
              -7.8267495,
              31.4025885
            ],
            [
              -7.8267737,
              31.4026453
            ],
            [
              -7.8267881,
              31.4026925
            ],
            [
              -7.8267106,
              31.4027018
            ],
            [
              -7.8269359,
              31.4033215
            ],
            [
              -7.8273414,
              31.4032607
            ],
            [
              -7.8288476,
              31.4030147
            ],
            [
              -7.8288836,
              31.4029178
            ],
            [
              -7.8288908,
              31.4028194
            ],
            [
              -7.8288782,
              31.4027409
            ],
            [
              -7.8288313,
              31.4025995
            ],
            [
              -7.8288133,
              31.4025318
            ],
            [
              -7.8287467,
              31.402438
            ],
            [
              -7.8286764,
              31.4023073
            ],
            [
              -7.8285287,
              31.402052
            ],
            [
              -7.8283845,
              31.4018075
            ],
            [
              -7.8282908,
              31.4016306
            ],
            [
              -7.8282404,
              31.4015661
            ],
            [
              -7.8281827,
              31.4014553
            ],
            [
              -7.8280404,
              31.4012001
            ],
            [
              -7.827853,
              31.4009325
            ],
            [
              -7.827835,
              31.4008725
            ],
            [
              -7.8278278,
              31.4008079
            ],
            [
              -7.827835,
              31.4007049
            ],
            [
              -7.8276332,
              31.4003804
            ],
            [
              -7.8275774,
              31.4003097
            ],
            [
              -7.8275053,
              31.4002205
            ],
            [
              -7.8274459,
              31.4001836
            ],
            [
              -7.8274152,
              31.4001528
            ],
            [
              -7.827381,
              31.4001482
            ],
            [
              -7.8273377,
              31.4001928
            ],
            [
              -7.8272999,
              31.4002174
            ],
            [
              -7.827208,
              31.4002389
            ],
            [
              -7.8270855,
              31.4002358
            ],
            [
              -7.8268223,
              31.4002324
            ],
            [
              -7.8266117,
              31.4002297
            ],
            [
              -7.8264171,
              31.4002389
            ],
            [
              -7.826354,
              31.4002589
            ],
            [
              -7.8261883,
              31.4003143
            ],
            [
              -7.8260838,
              31.4003343
            ],
            [
              -7.8259577,
              31.4003466
            ],
            [
              -7.8257703,
              31.4003466
            ],
            [
              -7.8258423,
              31.400525
            ],
            [
              -7.8259151,
              31.4005429
            ],
            [
              -7.8259227,
              31.4005701
            ],
            [
              -7.8259304,
              31.4005951
            ],
            [
              -7.8259393,
              31.4006233
            ],
            [
              -7.8259418,
              31.4006516
            ],
            [
              -7.8259087,
              31.4006513
            ],
            [
              -7.8258934,
              31.4006567
            ],
            [
              -7.8258952,
              31.4006675
            ],
            [
              -7.8259357,
              31.4007213
            ],
            [
              -7.8259753,
              31.4007836
            ],
            [
              -7.8260274,
              31.4009078
            ],
            [
              -7.8260745,
              31.4010296
            ],
            [
              -7.8262898,
              31.4015168
            ],
            [
              -7.8263356,
              31.4016272
            ],
            [
              -7.8263637,
              31.4016201
            ],
            [
              -7.8263918,
              31.4016896
            ],
            [
              -7.8263663,
              31.401719
            ],
            [
              -7.8266427,
              31.4024432
            ]
          ]
        ]
      },
      "id": "way/414833310"
    },
    {
      "type": "Feature",
      "properties": {
        "@id": "way/430919735",
        "alt_name:fr": "Trou du diable",
        "monument": "natural",
        "name": "Gouffre d'Akhfenir",
        "name:ar": "هوة أخفنير",
        "name:de": "Teufelsloch",
        "name:fr": "Gouffre d'Akhfenir",
        "natural": "water",
        "tourism": "attraction",
        "water": "salt_pool",
        "wikimedia_commons": "File:Gouffre_akhfenir_western_sahara.jpg"
      },
      "geometry": {
        "type": "Polygon",
        "coordinates": [
          [
            [
              -12.0374728,
              28.1069855
            ],
            [
              -12.037455,
              28.1070273
            ],
            [
              -12.037447,
              28.1070761
            ],
            [
              -12.0374577,
              28.1071259
            ],
            [
              -12.0375387,
              28.1071822
            ],
            [
              -12.0376147,
              28.107216
            ],
            [
              -12.0377126,
              28.1072327
            ],
            [
              -12.0378018,
              28.1072173
            ],
            [
              -12.0378614,
              28.1071795
            ],
            [
              -12.0379004,
              28.1071275
            ],
            [
              -12.0379084,
              28.1070673
            ],
            [
              -12.037883,
              28.1070138
            ],
            [
              -12.0378464,
              28.1069708
            ],
            [
              -12.0377973,
              28.1069239
            ],
            [
              -12.0377233,
              28.1068936
            ],
            [
              -12.0376432,
              28.1068894
            ],
            [
              -12.0375784,
              28.1069004
            ],
            [
              -12.0375473,
              28.106912
            ],
            [
              -12.0375195,
              28.1069288
            ],
            [
              -12.0374728,
              28.1069855
            ]
          ]
        ]
      },
      "id": "way/430919735"
    },
    {
      "type": "Feature",
      "properties": {
        "@id": "way/438477460",
        "historic": "yes",
        "landuse": "residential",
        "name": "Ksar Laabidate Ait Annaj قصر لعبيدات أيت النج",
        "name:ar": "قصر لعبيدات أيت النج",
        "name:fr": "Ksar Laabidate Ait Annaj",
        "place": "suburb",
        "tourism": "attraction"
      },
      "geometry": {
        "type": "Polygon",
        "coordinates": [
          [
            [
              -1.2364335,
              32.1185625
            ],
            [
              -1.2363875,
              32.1195029
            ],
            [
              -1.2363992,
              32.1195925
            ],
            [
              -1.2361826,
              32.1196591
            ],
            [
              -1.2367355,
              32.1208456
            ],
            [
              -1.2367439,
              32.1208636
            ],
            [
              -1.2362468,
              32.1210143
            ],
            [
              -1.2365104,
              32.1215545
            ],
            [
              -1.236134,
              32.1216686
            ],
            [
              -1.2367161,
              32.1222431
            ],
            [
              -1.2369143,
              32.1221892
            ],
            [
              -1.2371054,
              32.1221052
            ],
            [
              -1.2379548,
              32.1218055
            ],
            [
              -1.2386344,
              32.1215417
            ],
            [
              -1.2393493,
              32.1211041
            ],
            [
              -1.2399226,
              32.1208283
            ],
            [
              -1.2406234,
              32.1204327
            ],
            [
              -1.2407791,
              32.1203188
            ],
            [
              -1.2419046,
              32.1190538
            ],
            [
              -1.2420108,
              32.118832
            ],
            [
              -1.2420249,
              32.1185982
            ],
            [
              -1.2421169,
              32.1184244
            ],
            [
              -1.2424638,
              32.1181126
            ],
            [
              -1.2425912,
              32.1179567
            ],
            [
              -1.2426407,
              32.1177949
            ],
            [
              -1.2425598,
              32.11748
            ],
            [
              -1.2424183,
              32.1170604
            ],
            [
              -1.2416113,
              32.1156095
            ],
            [
              -1.24113,
              32.1158134
            ],
            [
              -1.239955,
              32.116329
            ],
            [
              -1.2398205,
              32.1160592
            ],
            [
              -1.2394807,
              32.1161791
            ],
            [
              -1.2390489,
              32.1153098
            ],
            [
              -1.2385676,
              32.1152918
            ],
            [
              -1.2382349,
              32.1154057
            ],
            [
              -1.2380367,
              32.1154657
            ],
            [
              -1.2379943,
              32.1155916
            ],
            [
              -1.2380863,
              32.1156635
            ],
            [
              -1.2377607,
              32.1157055
            ],
            [
              -1.237425,
              32.1156374
            ],
            [
              -1.2372674,
              32.1156305
            ],
            [
              -1.2371519,
              32.1156395
            ],
            [
              -1.2371449,
              32.1159093
            ],
            [
              -1.2364087,
              32.1160832
            ],
            [
              -1.2362858,
              32.1158145
            ],
            [
              -1.2360378,
              32.1158983
            ],
            [
              -1.2361382,
              32.1162721
            ],
            [
              -1.2359041,
              32.1167277
            ],
            [
              -1.236119,
              32.1167932
            ],
            [
              -1.2362436,
              32.1169352
            ],
            [
              -1.2363821,
              32.117263
            ],
            [
              -1.236508,
              32.1175491
            ],
            [
              -1.2367502,
              32.1178333
            ],
            [
              -1.2368702,
              32.118063
            ],
            [
              -1.2369278,
              32.11815
            ],
            [
              -1.237016,
              32.1184829
            ],
            [
              -1.2364335,
              32.1185625
            ]
          ]
        ]
      },
      "id": "way/438477460"
    },
    {
      "type": "Feature",
      "properties": {
        "@id": "way/438478107",
        "historic": "yes",
        "landuse": "residential",
        "name": "Ksar Oudaghir Ait Addi قصرالوداغير آيت عدي",
        "name:ar": "قصرالوداغير آيت عدي",
        "name:fr": "Ksar Oudaghir Ait Addi",
        "place": "suburb",
        "tourism": "attraction"
      },
      "geometry": {
        "type": "Polygon",
        "coordinates": [
          [
            [
              -1.2368213,
              32.1133894
            ],
            [
              -1.2364518,
              32.1133421
            ],
            [
              -1.2363819,
              32.1133344
            ],
            [
              -1.2363017,
              32.1136749
            ],
            [
              -1.2361759,
              32.1136435
            ],
            [
              -1.2357817,
              32.1136013
            ],
            [
              -1.2355155,
              32.1135959
            ],
            [
              -1.2354483,
              32.1135667
            ],
            [
              -1.2353173,
              32.113262
            ],
            [
              -1.2351031,
              32.1133446
            ],
            [
              -1.235073,
              32.11329
            ],
            [
              -1.2348219,
              32.1133592
            ],
            [
              -1.2348499,
              32.1134813
            ],
            [
              -1.2345044,
              32.1136134
            ],
            [
              -1.2343881,
              32.1136274
            ],
            [
              -1.2343364,
              32.1136191
            ],
            [
              -1.2343074,
              32.1136078
            ],
            [
              -1.2342602,
              32.1135205
            ],
            [
              -1.2342559,
              32.1133385
            ],
            [
              -1.2342387,
              32.1131747
            ],
            [
              -1.2341914,
              32.1131201
            ],
            [
              -1.2339551,
              32.113182
            ],
            [
              -1.2340152,
              32.113313
            ],
            [
              -1.2337488,
              32.1133676
            ],
            [
              -1.233766,
              32.1134659
            ],
            [
              -1.2337411,
              32.1134649
            ],
            [
              -1.2335038,
              32.1134549
            ],
            [
              -1.2333105,
              32.1134731
            ],
            [
              -1.2332675,
              32.113313
            ],
            [
              -1.2327346,
              32.113353
            ],
            [
              -1.2323877,
              32.1133589
            ],
            [
              -1.2323175,
              32.1130934
            ],
            [
              -1.2322638,
              32.1128054
            ],
            [
              -1.2307708,
              32.11304
            ],
            [
              -1.23102,
              32.1137025
            ],
            [
              -1.2312521,
              32.114354
            ],
            [
              -1.2313595,
              32.1146888
            ],
            [
              -1.2314583,
              32.1150856
            ],
            [
              -1.2314755,
              32.1152457
            ],
            [
              -1.2314669,
              32.1156715
            ],
            [
              -1.2314798,
              32.1160974
            ],
            [
              -1.231497,
              32.1161556
            ],
            [
              -1.2315658,
              32.1161884
            ],
            [
              -1.2316001,
              32.116283
            ],
            [
              -1.2315868,
              32.1163461
            ],
            [
              -1.2320707,
              32.1168226
            ],
            [
              -1.2326216,
              32.1173353
            ],
            [
              -1.2334446,
              32.1178459
            ],
            [
              -1.2334406,
              32.1185257
            ],
            [
              -1.2350146,
              32.1185242
            ],
            [
              -1.2356405,
              32.1184934
            ],
            [
              -1.2362226,
              32.1184985
            ],
            [
              -1.2367941,
              32.1184718
            ],
            [
              -1.2368521,
              32.1184216
            ],
            [
              -1.2368217,
              32.1181784
            ],
            [
              -1.2366943,
              32.1178426
            ],
            [
              -1.2364503,
              32.1175745
            ],
            [
              -1.2362786,
              32.1171549
            ],
            [
              -1.2361775,
              32.1169102
            ],
            [
              -1.2360124,
              32.1168026
            ],
            [
              -1.2358733,
              32.1167635
            ],
            [
              -1.2359573,
              32.1165698
            ],
            [
              -1.2360744,
              32.1163373
            ],
            [
              -1.2361043,
              32.1162896
            ],
            [
              -1.2360153,
              32.1159527
            ],
            [
              -1.236037,
              32.1158487
            ],
            [
              -1.236086,
              32.1157686
            ],
            [
              -1.2360067,
              32.1155658
            ],
            [
              -1.236147,
              32.115454
            ],
            [
              -1.2363626,
              32.1147558
            ],
            [
              -1.236415,
              32.1147257
            ],
            [
              -1.236529,
              32.1147357
            ],
            [
              -1.236763,
              32.1144917
            ],
            [
              -1.236726,
              32.1139664
            ],
            [
              -1.2368213,
              32.1133894
            ]
          ]
        ]
      },
      "id": "way/438478107"
    },
    {
      "type": "Feature",
      "properties": {
        "@id": "way/438478679",
        "historic": "yes",
        "landuse": "residential",
        "name": "Ksar Oulad Slimane قصر أولاد سليمان",
        "name:ar": "قصر أولاد سليمان",
        "name:fr": "Ksar Oulad Slimane",
        "place": "suburb",
        "tourism": "attraction"
      },
      "geometry": {
        "type": "Polygon",
        "coordinates": [
          [
            [
              -1.231354,
              32.1161211
            ],
            [
              -1.2313621,
              32.1157477
            ],
            [
              -1.2313754,
              32.1152659
            ],
            [
              -1.231378,
              32.1149918
            ],
            [
              -1.2311474,
              32.1144625
            ],
            [
              -1.2310383,
              32.1141821
            ],
            [
              -1.2308563,
              32.1136736
            ],
            [
              -1.2306744,
              32.1131373
            ],
            [
              -1.2304743,
              32.1125117
            ],
            [
              -1.2302268,
              32.111809
            ],
            [
              -1.2301395,
              32.1115932
            ],
            [
              -1.2293026,
              32.1118675
            ],
            [
              -1.2290079,
              32.1119846
            ],
            [
              -1.2291498,
              32.1123884
            ],
            [
              -1.2292371,
              32.1126873
            ],
            [
              -1.2293026,
              32.1130726
            ],
            [
              -1.2293717,
              32.1134116
            ],
            [
              -1.2295137,
              32.1137722
            ],
            [
              -1.229561,
              32.113917
            ],
            [
              -1.229656,
              32.1142144
            ],
            [
              -1.2297339,
              32.1146611
            ],
            [
              -1.2292992,
              32.1148222
            ],
            [
              -1.2292207,
              32.1151434
            ],
            [
              -1.2293405,
              32.1155264
            ],
            [
              -1.229116,
              32.1156098
            ],
            [
              -1.2291642,
              32.115752
            ],
            [
              -1.2290794,
              32.1157722
            ],
            [
              -1.2292359,
              32.1161824
            ],
            [
              -1.2293855,
              32.1162044
            ],
            [
              -1.2294546,
              32.1162321
            ],
            [
              -1.2295347,
              32.1163924
            ],
            [
              -1.2297712,
              32.1163492
            ],
            [
              -1.2297857,
              32.116417
            ],
            [
              -1.2300368,
              32.1164139
            ],
            [
              -1.2299677,
              32.1161427
            ],
            [
              -1.2301023,
              32.1161181
            ],
            [
              -1.2301605,
              32.1161828
            ],
            [
              -1.2302624,
              32.1161705
            ],
            [
              -1.2303825,
              32.1161889
            ],
            [
              -1.2309101,
              32.1161273
            ],
            [
              -1.2309647,
              32.1162506
            ],
            [
              -1.2310265,
              32.1162691
            ],
            [
              -1.2312485,
              32.1162413
            ],
            [
              -1.2312849,
              32.1161797
            ],
            [
              -1.231354,
              32.1161211
            ]
          ]
        ]
      },
      "id": "way/438478679"
    },
    {
      "type": "Feature",
      "properties": {
        "@id": "way/438480737",
        "abandoned": "yes",
        "historic": "ruins",
        "name": "Ksar Jouaber (Oulad Jaber) قصر الجوابر (أولاد جابر)",
        "name:ar": "قصر الجوابر (أولاد جابر)",
        "name:en": "Ksar Jouaber",
        "name:fr": "Ksar Jouaber (Oulad Jaber)",
        "place": "neighbourhood",
        "tourism": "attraction"
      },
      "geometry": {
        "type": "Polygon",
        "coordinates": [
          [
            [
              -1.2380242,
              32.1150699
            ],
            [
              -1.2378779,
              32.1148851
            ],
            [
              -1.2377102,
              32.1147769
            ],
            [
              -1.2375027,
              32.114745
            ],
            [
              -1.2372187,
              32.1145816
            ],
            [
              -1.2370334,
              32.1144551
            ],
            [
              -1.2368997,
              32.1143625
            ],
            [
              -1.2368296,
              32.1143452
            ],
            [
              -1.236793,
              32.1143991
            ],
            [
              -1.2367753,
              32.1145174
            ],
            [
              -1.2365078,
              32.1147754
            ],
            [
              -1.2363895,
              32.1147812
            ],
            [
              -1.2362246,
              32.1152854
            ],
            [
              -1.236159,
              32.1154696
            ],
            [
              -1.2360264,
              32.1155633
            ],
            [
              -1.2361149,
              32.115766
            ],
            [
              -1.236061,
              32.1158711
            ],
            [
              -1.2363028,
              32.1157812
            ],
            [
              -1.23642,
              32.1160616
            ],
            [
              -1.2371152,
              32.1159019
            ],
            [
              -1.2371281,
              32.1156365
            ],
            [
              -1.2373189,
              32.1155305
            ],
            [
              -1.2376157,
              32.1153718
            ],
            [
              -1.2379076,
              32.1153313
            ],
            [
              -1.2380202,
              32.1153222
            ],
            [
              -1.2380621,
              32.1152602
            ],
            [
              -1.2380242,
              32.1150699
            ]
          ]
        ]
      },
      "id": "way/438480737"
    },
    {
      "type": "Feature",
      "properties": {
        "@id": "way/438480963",
        "abandoned": "yes",
        "historic": "ruins",
        "name": "Ksar Oulad Mahrez قصر أولاد محرز",
        "name:ar": "قصر أولاد محرز",
        "name:en": "Ksar Oulad Mahrez",
        "name:fr": "Ksar Oulad Mahrez",
        "place": "neighbourhood",
        "tourism": "attraction"
      },
      "geometry": {
        "type": "Polygon",
        "coordinates": [
          [
            [
              -1.2342003,
              32.1131002
            ],
            [
              -1.2342812,
              32.1129019
            ],
            [
              -1.2342216,
              32.1127634
            ],
            [
              -1.2341796,
              32.1126718
            ],
            [
              -1.2341597,
              32.1126026
            ],
            [
              -1.2341288,
              32.1125258
            ],
            [
              -1.2341288,
              32.1124117
            ],
            [
              -1.2341177,
              32.1123106
            ],
            [
              -1.2340581,
              32.1122059
            ],
            [
              -1.2339388,
              32.1121086
            ],
            [
              -1.233824,
              32.1120786
            ],
            [
              -1.2336914,
              32.112015
            ],
            [
              -1.2335942,
              32.1119813
            ],
            [
              -1.2337268,
              32.1122508
            ],
            [
              -1.2335279,
              32.1123032
            ],
            [
              -1.2333689,
              32.1123144
            ],
            [
              -1.2333159,
              32.1123481
            ],
            [
              -1.2332849,
              32.112378
            ],
            [
              -1.2331878,
              32.1124042
            ],
            [
              -1.2331215,
              32.1123481
            ],
            [
              -1.2329536,
              32.1123368
            ],
            [
              -1.2325736,
              32.1124491
            ],
            [
              -1.2326267,
              32.1126437
            ],
            [
              -1.2326399,
              32.1128645
            ],
            [
              -1.2327106,
              32.1133285
            ],
            [
              -1.2332803,
              32.1133002
            ],
            [
              -1.2333233,
              32.1134592
            ],
            [
              -1.2334976,
              32.1134365
            ],
            [
              -1.2337411,
              32.1134649
            ],
            [
              -1.2337256,
              32.1133592
            ],
            [
              -1.2339858,
              32.1133047
            ],
            [
              -1.2339321,
              32.1131775
            ],
            [
              -1.2342003,
              32.1131002
            ]
          ]
        ]
      },
      "id": "way/438480963"
    },
    {
      "type": "Feature",
      "properties": {
        "@id": "way/438481457",
        "historic": "yes",
        "landuse": "residential",
        "name": "Ksar Al Maiz قصر المعيز",
        "name:ar": "قصر المعيز",
        "name:fr": "Ksar Al Maiz",
        "place": "suburb",
        "tourism": "attraction",
        "wikidata": "Q63612647",
        "wikimedia_commons": "Category:Ksar Lamaïz",
        "wikipedia": "ar:قصر المعيز"
      },
      "geometry": {
        "type": "Polygon",
        "coordinates": [
          [
            [
              -1.2289203,
              32.1120088
            ],
            [
              -1.2283383,
              32.1122314
            ],
            [
              -1.2281425,
              32.1123927
            ],
            [
              -1.2279011,
              32.1125972
            ],
            [
              -1.227642,
              32.1128235
            ],
            [
              -1.2274681,
              32.1129411
            ],
            [
              -1.2273677,
              32.1132522
            ],
            [
              -1.2272171,
              32.1135582
            ],
            [
              -1.227157,
              32.1138287
            ],
            [
              -1.2271393,
              32.1140308
            ],
            [
              -1.2271481,
              32.1141543
            ],
            [
              -1.2266904,
              32.1143148
            ],
            [
              -1.226795,
              32.1145965
            ],
            [
              -1.2265187,
              32.1146942
            ],
            [
              -1.2262425,
              32.1150599
            ],
            [
              -1.2261432,
              32.1152666
            ],
            [
              -1.2260694,
              32.1153708
            ],
            [
              -1.2263521,
              32.1157918
            ],
            [
              -1.2259787,
              32.1159845
            ],
            [
              -1.2260384,
              32.1160818
            ],
            [
              -1.2261599,
              32.1163082
            ],
            [
              -1.2261356,
              32.1164448
            ],
            [
              -1.226164,
              32.1166348
            ],
            [
              -1.2264555,
              32.116646
            ],
            [
              -1.226497,
              32.1167582
            ],
            [
              -1.2275845,
              32.1165074
            ],
            [
              -1.227907,
              32.1164775
            ],
            [
              -1.2279798,
              32.1164638
            ],
            [
              -1.2283907,
              32.1162842
            ],
            [
              -1.2284688,
              32.1164213
            ],
            [
              -1.2288448,
              32.1162997
            ],
            [
              -1.2289076,
              32.116389
            ],
            [
              -1.2289429,
              32.1163141
            ],
            [
              -1.2292036,
              32.1161981
            ],
            [
              -1.2290393,
              32.1157919
            ],
            [
              -1.2290447,
              32.115751
            ],
            [
              -1.2290903,
              32.1157305
            ],
            [
              -1.2290742,
              32.1155874
            ],
            [
              -1.2292847,
              32.1155056
            ],
            [
              -1.2291815,
              32.1151489
            ],
            [
              -1.2292688,
              32.1147951
            ],
            [
              -1.2295737,
              32.1146932
            ],
            [
              -1.2295434,
              32.1142083
            ],
            [
              -1.2293985,
              32.1137244
            ],
            [
              -1.2292725,
              32.1134404
            ],
            [
              -1.2292537,
              32.1132201
            ],
            [
              -1.2291866,
              32.1128725
            ],
            [
              -1.2291357,
              32.1126566
            ],
            [
              -1.2289962,
              32.1121637
            ],
            [
              -1.2289203,
              32.1120088
            ]
          ]
        ]
      },
      "id": "way/438481457"
    },
    {
      "type": "Feature",
      "properties": {
        "@id": "way/438481563",
        "historic": "yes",
        "landuse": "residential",
        "name": "Ksar Hammam Fougani Ait Aamer قصر الحمام الفوقاني آيت عامر",
        "name:ar": "قصر الحمام الفوقاني آيت عامر",
        "name:fr": "Ksar Hammam Fougani Ait Aamer",
        "place": "suburb",
        "tourism": "attraction",
        "wikidata": "Q63578778",
        "wikipedia": "ar:قصر الحمام الفوقاني"
      },
      "geometry": {
        "type": "Polygon",
        "coordinates": [
          [
            [
              -1.2188645,
              32.1200164
            ],
            [
              -1.2186982,
              32.1196302
            ],
            [
              -1.2189477,
              32.1195257
            ],
            [
              -1.2188645,
              32.1193099
            ],
            [
              -1.2188323,
              32.1192236
            ],
            [
              -1.2196477,
              32.1186125
            ],
            [
              -1.2197952,
              32.1184739
            ],
            [
              -1.2199723,
              32.1182104
            ],
            [
              -1.2199213,
              32.11814
            ],
            [
              -1.2200609,
              32.1178512
            ],
            [
              -1.2198621,
              32.1168596
            ],
            [
              -1.2195395,
              32.1169531
            ],
            [
              -1.2193717,
              32.1170205
            ],
            [
              -1.2189785,
              32.1172375
            ],
            [
              -1.2188582,
              32.1173027
            ],
            [
              -1.2188287,
              32.1173868
            ],
            [
              -1.2186517,
              32.1174958
            ],
            [
              -1.2182333,
              32.117598
            ],
            [
              -1.2180296,
              32.1176569
            ],
            [
              -1.2177071,
              32.1173874
            ],
            [
              -1.2175128,
              32.1172509
            ],
            [
              -1.2172521,
              32.1171255
            ],
            [
              -1.2169693,
              32.1168505
            ],
            [
              -1.2167484,
              32.1168953
            ],
            [
              -1.216369,
              32.1164742
            ],
            [
              -1.2153667,
              32.1170586
            ],
            [
              -1.2154672,
              32.1172896
            ],
            [
              -1.215499,
              32.1173401
            ],
            [
              -1.2154611,
              32.1173521
            ],
            [
              -1.2155258,
              32.1174481
            ],
            [
              -1.2156345,
              32.1174259
            ],
            [
              -1.2158016,
              32.1173773
            ],
            [
              -1.2158281,
              32.1174869
            ],
            [
              -1.2161227,
              32.1175992
            ],
            [
              -1.2162431,
              32.1177487
            ],
            [
              -1.2162658,
              32.118046
            ],
            [
              -1.2160794,
              32.1180376
            ],
            [
              -1.2160368,
              32.1182008
            ],
            [
              -1.2158728,
              32.1181922
            ],
            [
              -1.2157865,
              32.1183776
            ],
            [
              -1.2159588,
              32.1184664
            ],
            [
              -1.2160693,
              32.1185188
            ],
            [
              -1.2161842,
              32.1187733
            ],
            [
              -1.2164802,
              32.119024
            ],
            [
              -1.216595,
              32.119241
            ],
            [
              -1.2167541,
              32.11972
            ],
            [
              -1.2170545,
              32.1199894
            ],
            [
              -1.2174079,
              32.1202425
            ],
            [
              -1.2177003,
              32.1203833
            ],
            [
              -1.2188645,
              32.1200164
            ]
          ]
        ]
      },
      "id": "way/438481563"
    },
    {
      "type": "Feature",
      "properties": {
        "@id": "way/438482152",
        "historic": "yes",
        "landuse": "residential",
        "name": "Ksar Hammam Tahtani (Ait Ouadday) قصر الحمام التحتاني (آيت وداي)",
        "name:ar": "قصر الحمام التحتاني (آيت وداي)",
        "name:fr": "Ksar Hammam Tahtani (Ait Ouadday)",
        "place": "suburb",
        "tourism": "attraction"
      },
      "geometry": {
        "type": "Polygon",
        "coordinates": [
          [
            [
              -1.2196473,
              32.1168228
            ],
            [
              -1.2194971,
              32.1163925
            ],
            [
              -1.219612,
              32.1161754
            ],
            [
              -1.2194927,
              32.1155281
            ],
            [
              -1.219422,
              32.1155056
            ],
            [
              -1.2191835,
              32.1147722
            ],
            [
              -1.2190089,
              32.1140213
            ],
            [
              -1.2189228,
              32.11402
            ],
            [
              -1.2188735,
              32.1137958
            ],
            [
              -1.2185242,
              32.1138536
            ],
            [
              -1.218465,
              32.113749
            ],
            [
              -1.2179124,
              32.1138338
            ],
            [
              -1.2177543,
              32.1135996
            ],
            [
              -1.2176417,
              32.1138836
            ],
            [
              -1.2174242,
              32.1140956
            ],
            [
              -1.2171928,
              32.1141546
            ],
            [
              -1.2169139,
              32.1142153
            ],
            [
              -1.216772,
              32.1141462
            ],
            [
              -1.2165129,
              32.1142427
            ],
            [
              -1.2165853,
              32.1147802
            ],
            [
              -1.2162488,
              32.1147934
            ],
            [
              -1.2159979,
              32.114675
            ],
            [
              -1.215585,
              32.1145995
            ],
            [
              -1.2155532,
              32.1147823
            ],
            [
              -1.2156119,
              32.1149831
            ],
            [
              -1.2159974,
              32.1153755
            ],
            [
              -1.215918,
              32.1154695
            ],
            [
              -1.2159489,
              32.1155336
            ],
            [
              -1.2157966,
              32.115654
            ],
            [
              -1.2159672,
              32.1158978
            ],
            [
              -1.2164215,
              32.1164492
            ],
            [
              -1.2167772,
              32.1168279
            ],
            [
              -1.2170113,
              32.1168113
            ],
            [
              -1.2171394,
              32.1167964
            ],
            [
              -1.217409,
              32.1171123
            ],
            [
              -1.2176309,
              32.1172797
            ],
            [
              -1.2177663,
              32.1173778
            ],
            [
              -1.2179489,
              32.1175353
            ],
            [
              -1.2180271,
              32.11762
            ],
            [
              -1.2184998,
              32.1174774
            ],
            [
              -1.2187932,
              32.1173565
            ],
            [
              -1.2188141,
              32.1172594
            ],
            [
              -1.2196473,
              32.1168228
            ]
          ]
        ]
      },
      "id": "way/438482152"
    },
    {
      "type": "Feature",
      "properties": {
        "@id": "way/440420665",
        "addr:street": "زنقة القيساريات",
        "amenity": "community_centre",
        "name": "Tachraft Oudaghir تاشرافت الوداغير",
        "name:ar": "تاشرافت الوداغير",
        "name:fr": "Tachraft Oudaghir",
        "tourism": "attraction"
      },
      "geometry": {
        "type": "Polygon",
        "coordinates": [
          [
            [
              -1.2337187,
              32.118261
            ],
            [
              -1.2336838,
              32.1179875
            ],
            [
              -1.2336608,
              32.1179875
            ],
            [
              -1.2336418,
              32.1179609
            ],
            [
              -1.2335987,
              32.1179357
            ],
            [
              -1.2335444,
              32.1179424
            ],
            [
              -1.2335027,
              32.1179644
            ],
            [
              -1.2334769,
              32.1179946
            ],
            [
              -1.2334934,
              32.1182891
            ],
            [
              -1.2337187,
              32.118261
            ]
          ]
        ]
      },
      "id": "way/440420665"
    },
    {
      "type": "Feature",
      "properties": {
        "@id": "way/444459473",
        "historic": "yes",
        "name": "Bahbouha بحبوحة",
        "name:ar": "بحبوحة",
        "name:fr": "Bahbouha",
        "natural": "hot_spring",
        "tourism": "attraction"
      },
      "geometry": {
        "type": "Polygon",
        "coordinates": [
          [
            [
              -1.2358648,
              32.1150332
            ],
            [
              -1.2358874,
              32.1150103
            ],
            [
              -1.2358893,
              32.1149859
            ],
            [
              -1.2358588,
              32.1149672
            ],
            [
              -1.2357599,
              32.1149595
            ],
            [
              -1.2357274,
              32.1149773
            ],
            [
              -1.2357235,
              32.1150052
            ],
            [
              -1.2357419,
              32.1150255
            ],
            [
              -1.2358648,
              32.1150332
            ]
          ]
        ]
      },
      "id": "way/444459473"
    },
    {
      "type": "Feature",
      "properties": {
        "@id": "way/448190360",
        "addr:city": "Marrakech",
        "addr:housenumber": "121",
        "addr:postcode": "40030",
        "addr:street": "Rue Mouassine",
        "addr:suburb": "Medina",
        "email": "info@lejardinsecretmarrakech.com",
        "fee": "yes",
        "internet_access": "wlan",
        "leisure": "park",
        "name": "Le Jardin Secret",
        "opening_hours": "Mo-Su 09:30-18:00",
        "phone": "+212 524 39 00 40",
        "tourism": "attraction",
        "website": "https://www.lejardinsecretmarrakech.com/",
        "wheelchair": "limited",
        "wikimedia_commons": "Category:Le Jardin Secret (Marrakech)"
      },
      "geometry": {
        "type": "Polygon",
        "coordinates": [
          [
            [
              -7.9903543,
              31.6310772
            ],
            [
              -7.9903683,
              31.6310368
            ],
            [
              -7.9903822,
              31.6310116
            ],
            [
              -7.9903798,
              31.6309488
            ],
            [
              -7.9903778,
              31.630886
            ],
            [
              -7.9903764,
              31.6308464
            ],
            [
              -7.9903766,
              31.6308242
            ],
            [
              -7.990376,
              31.6307918
            ],
            [
              -7.9903727,
              31.6307359
            ],
            [
              -7.9903384,
              31.6307335
            ],
            [
              -7.9901377,
              31.6307546
            ],
            [
              -7.9900532,
              31.6307627
            ],
            [
              -7.9899939,
              31.630765
            ],
            [
              -7.9899652,
              31.6307545
            ],
            [
              -7.9899556,
              31.6307477
            ],
            [
              -7.9899255,
              31.6307249
            ],
            [
              -7.9899209,
              31.6306887
            ],
            [
              -7.9898985,
              31.6305912
            ],
            [
              -7.9897028,
              31.6305847
            ],
            [
              -7.9895331,
              31.63058
            ],
            [
              -7.9895349,
              31.6306602
            ],
            [
              -7.9894926,
              31.6306605
            ],
            [
              -7.9894916,
              31.6306754
            ],
            [
              -7.9894887,
              31.6307114
            ],
            [
              -7.9894865,
              31.6307598
            ],
            [
              -7.9894856,
              31.630777
            ],
            [
              -7.9895788,
              31.6307793
            ],
            [
              -7.9895925,
              31.63086
            ],
            [
              -7.9896113,
              31.6308609
            ],
            [
              -7.9896327,
              31.6308614
            ],
            [
              -7.9897226,
              31.6308634
            ],
            [
              -7.9897756,
              31.6309811
            ],
            [
              -7.9897852,
              31.631005
            ],
            [
              -7.9898286,
              31.6311086
            ],
            [
              -7.9898406,
              31.6311654
            ],
            [
              -7.9898692,
              31.63116
            ],
            [
              -7.9899702,
              31.6311487
            ],
            [
              -7.9900164,
              31.6311446
            ],
            [
              -7.9900331,
              31.6311427
            ],
            [
              -7.9900485,
              31.6311404
            ],
            [
              -7.9900734,
              31.6311377
            ],
            [
              -7.9900866,
              31.6311374
            ],
            [
              -7.9903506,
              31.6311052
            ],
            [
              -7.9903543,
              31.6310772
            ]
          ]
        ]
      },
      "id": "way/448190360"
    },
    {
      "type": "Feature",
      "properties": {
        "@id": "way/449114689",
        "amenity": "community_centre",
        "building": "yes",
        "historic": "yes",
        "name": "Arrahba الرحبة",
        "name:ar": "الرحبة",
        "name:fr": "Arrahba",
        "tourism": "attraction"
      },
      "geometry": {
        "type": "Polygon",
        "coordinates": [
          [
            [
              -1.2343956,
              32.1165043
            ],
            [
              -1.234363,
              32.1163927
            ],
            [
              -1.2343343,
              32.1163971
            ],
            [
              -1.2343226,
              32.1163739
            ],
            [
              -1.2340917,
              32.116449
            ],
            [
              -1.2341243,
              32.1165275
            ],
            [
              -1.2342247,
              32.1165186
            ],
            [
              -1.2342404,
              32.1165463
            ],
            [
              -1.2343956,
              32.1165043
            ]
          ]
        ]
      },
      "id": "way/449114689"
    },
    {
      "type": "Feature",
      "properties": {
        "@id": "way/482221148",
        "area": "yes",
        "highway": "pedestrian",
        "tourism": "attraction"
      },
      "geometry": {
        "type": "Polygon",
        "coordinates": [
          [
            [
              -12.9565337,
              27.6722035
            ],
            [
              -12.9566188,
              27.6724047
            ],
            [
              -12.9568675,
              27.672287
            ],
            [
              -12.956379,
              27.6713892
            ],
            [
              -12.9561274,
              27.6714902
            ],
            [
              -12.9562001,
              27.6715956
            ],
            [
              -12.9563542,
              27.6716219
            ],
            [
              -12.956487,
              27.6716959
            ],
            [
              -12.9565805,
              27.6718076
            ],
            [
              -12.9566219,
              27.6719417
            ],
            [
              -12.9566056,
              27.6720799
            ],
            [
              -12.9565337,
              27.6722035
            ]
          ]
        ]
      },
      "id": "way/482221148"
    },
    {
      "type": "Feature",
      "properties": {
        "@id": "way/482221149",
        "area": "yes",
        "highway": "pedestrian",
        "tourism": "attraction"
      },
      "geometry": {
        "type": "Polygon",
        "coordinates": [
          [
            [
              -12.9562897,
              27.6723227
            ],
            [
              -12.9561129,
              27.6722814
            ],
            [
              -12.9559916,
              27.6722025
            ],
            [
              -12.955909,
              27.6720912
            ],
            [
              -12.9558753,
              27.6719613
            ],
            [
              -12.9558947,
              27.6718292
            ],
            [
              -12.9559648,
              27.6717113
            ],
            [
              -12.9559002,
              27.6715631
            ],
            [
              -12.9556507,
              27.6716796
            ],
            [
              -12.9561496,
              27.6726107
            ],
            [
              -12.9564017,
              27.6725109
            ],
            [
              -12.9562897,
              27.6723227
            ]
          ]
        ]
      },
      "id": "way/482221149"
    },
    {
      "type": "Feature",
      "properties": {
        "@id": "way/483544037",
        "access": "customers",
        "alt_name": "Anima Garden;Andre Heller Anima Garten;Andre Heller Garden;Andre Heller Anima Garden",
        "charge": "14 EUR",
        "email": "info@anima-garden.com",
        "fee": "yes",
        "garden:type": "botanical",
        "leisure": "garden",
        "name": "ANIMA",
        "name:de": "Anima Garten",
        "name:en": "Anima Heller Garden",
        "name:fr": "Anima Jardin d'André Heller",
        "opening_hours": "Mo-Su 09:00-17:00",
        "operator": "Anima Sarl A.U.",
        "operator:type": "private",
        "phone": "+212 666 56 17 76",
        "start_date": "2016",
        "tourism": "attraction",
        "website": "https://www.anima-garden.com/",
        "wikidata": "Q101523339",
        "wikipedia": "https://de.wikipedia.org/wiki/Anima_(Garten)"
      },
      "geometry": {
        "type": "Polygon",
        "coordinates": [
          [
            [
              -7.826658,
              31.4024573
            ],
            [
              -7.826672,
              31.4024541
            ],
            [
              -7.8266873,
              31.4024508
            ],
            [
              -7.8267357,
              31.4024291
            ],
            [
              -7.8275562,
              31.4020485
            ],
            [
              -7.8275271,
              31.4020241
            ],
            [
              -7.8275176,
              31.4020296
            ],
            [
              -7.8275029,
              31.401979
            ],
            [
              -7.8274278,
              31.4019727
            ],
            [
              -7.8273929,
              31.4018628
            ],
            [
              -7.8271488,
              31.4015148
            ],
            [
              -7.8268833,
              31.4011783
            ],
            [
              -7.8267707,
              31.4009768
            ],
            [
              -7.8266909,
              31.4008698
            ],
            [
              -7.8268075,
              31.4003981
            ],
            [
              -7.8268165,
              31.4002873
            ],
            [
              -7.8268223,
              31.4002324
            ],
            [
              -7.8266117,
              31.4002297
            ],
            [
              -7.8264171,
              31.4002389
            ],
            [
              -7.826354,
              31.4002589
            ],
            [
              -7.8261883,
              31.4003143
            ],
            [
              -7.8260838,
              31.4003343
            ],
            [
              -7.8259577,
              31.4003466
            ],
            [
              -7.8257703,
              31.4003466
            ],
            [
              -7.8258423,
              31.400525
            ],
            [
              -7.8259151,
              31.4005429
            ],
            [
              -7.8259227,
              31.4005701
            ],
            [
              -7.8259304,
              31.4005951
            ],
            [
              -7.8259393,
              31.4006233
            ],
            [
              -7.8259418,
              31.4006516
            ],
            [
              -7.8259087,
              31.4006513
            ],
            [
              -7.8258934,
              31.4006567
            ],
            [
              -7.8258952,
              31.4006675
            ],
            [
              -7.8259357,
              31.4007213
            ],
            [
              -7.8259753,
              31.4007836
            ],
            [
              -7.8260274,
              31.4009078
            ],
            [
              -7.8260745,
              31.4010296
            ],
            [
              -7.8262898,
              31.4015168
            ],
            [
              -7.8263356,
              31.4016272
            ],
            [
              -7.8263637,
              31.4016201
            ],
            [
              -7.8263918,
              31.4016896
            ],
            [
              -7.8263663,
              31.401719
            ],
            [
              -7.8266427,
              31.4024432
            ],
            [
              -7.826658,
              31.4024573
            ]
          ]
        ]
      },
      "id": "way/483544037"
    },
    {
      "type": "Feature",
      "properties": {
        "@id": "way/483558474",
        "name": "سوق القريعة",
        "tourism": "attraction"
      },
      "geometry": {
        "type": "Polygon",
        "coordinates": [
          [
            [
              -7.5982454,
              33.5620477
            ],
            [
              -7.5985029,
              33.5629909
            ],
            [
              -7.5974381,
              33.5633664
            ],
            [
              -7.5980765,
              33.564495
            ],
            [
              -7.5982347,
              33.5645554
            ],
            [
              -7.600528,
              33.5634267
            ],
            [
              -7.6007077,
              33.5632501
            ],
            [
              -7.6007801,
              33.562193
            ],
            [
              -7.6005575,
              33.5619717
            ],
            [
              -7.5987121,
              33.5619628
            ],
            [
              -7.5982454,
              33.5620477
            ]
          ]
        ]
      },
      "id": "way/483558474"
    },
    {
      "type": "Feature",
      "properties": {
        "@id": "way/484286472",
        "industrial": "tannery",
        "landuse": "industrial",
        "name": "Tannery",
        "tourism": "attraction"
      },
      "geometry": {
        "type": "Polygon",
        "coordinates": [
          [
            [
              -7.9786413,
              31.633893
            ],
            [
              -7.9787826,
              31.6337537
            ],
            [
              -7.9787668,
              31.6337211
            ],
            [
              -7.9787325,
              31.6336784
            ],
            [
              -7.9787273,
              31.6336818
            ],
            [
              -7.9787299,
              31.6336784
            ],
            [
              -7.9784835,
              31.633433
            ],
            [
              -7.9785148,
              31.6334063
            ],
            [
              -7.9784054,
              31.6332946
            ],
            [
              -7.9781572,
              31.6335059
            ],
            [
              -7.9786413,
              31.633893
            ]
          ]
        ]
      },
      "id": "way/484286472"
    },
    {
      "type": "Feature",
      "properties": {
        "@id": "way/487809952",
        "addr:city": "Fes Médina",
        "alt_name": "Sidi Musa Tannery",
        "landuse": "commercial",
        "name": "Tannerie de Sidi Moussa",
        "name:de": "Gerberei Sidi Moussa",
        "name:en": "Sidi Moussa Tannery",
        "name:fr": "Tannerie de Sidi Moussa",
        "tourism": "attraction"
      },
      "geometry": {
        "type": "Polygon",
        "coordinates": [
          [
            [
              -4.9760144,
              34.064399
            ],
            [
              -4.9761652,
              34.0643027
            ],
            [
              -4.9759996,
              34.064093
            ],
            [
              -4.9758768,
              34.0641117
            ],
            [
              -4.9757887,
              34.0641622
            ],
            [
              -4.9756646,
              34.0641911
            ],
            [
              -4.9760144,
              34.064399
            ]
          ]
        ]
      },
      "id": "way/487809952"
    },
    {
      "type": "Feature",
      "properties": {
        "@id": "way/509803080",
        "building": "ruins",
        "historic": "ruins",
        "tourism": "attraction"
      },
      "geometry": {
        "type": "Polygon",
        "coordinates": [
          [
            [
              -9.3945869,
              29.8104843
            ],
            [
              -9.3945713,
              29.8104381
            ],
            [
              -9.3943895,
              29.8104842
            ],
            [
              -9.3944051,
              29.8105304
            ],
            [
              -9.3945869,
              29.8104843
            ]
          ]
        ]
      },
      "id": "way/509803080"
    },
    {
      "type": "Feature",
      "properties": {
        "@id": "way/509803081",
        "building": "ruins",
        "historic": "ruins",
        "tourism": "attraction"
      },
      "geometry": {
        "type": "Polygon",
        "coordinates": [
          [
            [
              -9.39511,
              29.8103534
            ],
            [
              -9.3950976,
              29.8103157
            ],
            [
              -9.3946321,
              29.8104312
            ],
            [
              -9.3946445,
              29.8104688
            ],
            [
              -9.3950381,
              29.8103712
            ],
            [
              -9.3950753,
              29.810362
            ],
            [
              -9.39511,
              29.8103534
            ]
          ]
        ]
      },
      "id": "way/509803081"
    },
    {
      "type": "Feature",
      "properties": {
        "@id": "way/509803082",
        "building": "ruins",
        "historic": "ruins",
        "tourism": "attraction"
      },
      "geometry": {
        "type": "Polygon",
        "coordinates": [
          [
            [
              -9.3940927,
              29.810709
            ],
            [
              -9.3941259,
              29.8105786
            ],
            [
              -9.3939594,
              29.8105466
            ],
            [
              -9.3939261,
              29.810677
            ],
            [
              -9.3940927,
              29.810709
            ]
          ]
        ]
      },
      "id": "way/509803082"
    },
    {
      "type": "Feature",
      "properties": {
        "@id": "way/509803083",
        "building": "ruins",
        "historic": "ruins",
        "tourism": "attraction"
      },
      "geometry": {
        "type": "Polygon",
        "coordinates": [
          [
            [
              -9.3942238,
              29.810892
            ],
            [
              -9.394215,
              29.8109189
            ],
            [
              -9.3942099,
              29.8109348
            ],
            [
              -9.3942489,
              29.8109443
            ],
            [
              -9.3942382,
              29.810977
            ],
            [
              -9.3943081,
              29.8109941
            ],
            [
              -9.3943185,
              29.8109621
            ],
            [
              -9.3944348,
              29.8109906
            ],
            [
              -9.3944489,
              29.8109473
            ],
            [
              -9.3942238,
              29.810892
            ]
          ]
        ]
      },
      "id": "way/509803083"
    },
    {
      "type": "Feature",
      "properties": {
        "@id": "way/509803084",
        "building": "ruins",
        "historic": "ruins",
        "tourism": "attraction"
      },
      "geometry": {
        "type": "Polygon",
        "coordinates": [
          [
            [
              -9.3950276,
              29.811136
            ],
            [
              -9.3950412,
              29.8110913
            ],
            [
              -9.3945687,
              29.8109828
            ],
            [
              -9.3945571,
              29.8110208
            ],
            [
              -9.3945867,
              29.8110276
            ],
            [
              -9.3945762,
              29.8110623
            ],
            [
              -9.3946867,
              29.8110877
            ],
            [
              -9.3946962,
              29.8110566
            ],
            [
              -9.3948841,
              29.8110998
            ],
            [
              -9.3948761,
              29.8111262
            ],
            [
              -9.3949784,
              29.8111497
            ],
            [
              -9.3949855,
              29.8111263
            ],
            [
              -9.3950276,
              29.811136
            ]
          ]
        ]
      },
      "id": "way/509803084"
    },
    {
      "type": "Feature",
      "properties": {
        "@id": "way/509803085",
        "building": "ruins",
        "historic": "ruins",
        "tourism": "attraction"
      },
      "geometry": {
        "type": "Polygon",
        "coordinates": [
          [
            [
              -9.3949345,
              29.811008
            ],
            [
              -9.3949462,
              29.8109597
            ],
            [
              -9.394798,
              29.8109327
            ],
            [
              -9.3947863,
              29.8109809
            ],
            [
              -9.3949345,
              29.811008
            ]
          ]
        ]
      },
      "id": "way/509803085"
    },
    {
      "type": "Feature",
      "properties": {
        "@id": "way/509803086",
        "building": "ruins",
        "historic": "ruins",
        "tourism": "attraction"
      },
      "geometry": {
        "type": "Polygon",
        "coordinates": [
          [
            [
              -9.3949864,
              29.8106845
            ],
            [
              -9.3949862,
              29.8106117
            ],
            [
              -9.3942351,
              29.8106133
            ],
            [
              -9.3942353,
              29.810686
            ],
            [
              -9.3949864,
              29.8106845
            ]
          ]
        ]
      },
      "id": "way/509803086"
    },
    {
      "type": "Feature",
      "properties": {
        "@id": "way/509803087",
        "building": "ruins",
        "historic": "ruins",
        "tourism": "attraction"
      },
      "geometry": {
        "type": "Polygon",
        "coordinates": [
          [
            [
              -9.3949861,
              29.8108326
            ],
            [
              -9.3949864,
              29.8107634
            ],
            [
              -9.3944392,
              29.8107619
            ],
            [
              -9.394439,
              29.8108311
            ],
            [
              -9.3949861,
              29.8108326
            ]
          ]
        ]
      },
      "id": "way/509803087"
    },
    {
      "type": "Feature",
      "properties": {
        "@id": "way/509803088",
        "building": "ruins",
        "historic": "ruins",
        "tourism": "attraction"
      },
      "geometry": {
        "type": "Polygon",
        "coordinates": [
          [
            [
              -9.3950416,
              29.8110643
            ],
            [
              -9.3950691,
              29.8107955
            ],
            [
              -9.3950462,
              29.8107938
            ],
            [
              -9.3950188,
              29.8110625
            ],
            [
              -9.3950416,
              29.8110643
            ]
          ]
        ]
      },
      "id": "way/509803088"
    },
    {
      "type": "Feature",
      "properties": {
        "@id": "way/509803383",
        "building": "ruins",
        "historic": "ruins",
        "tourism": "attraction"
      },
      "geometry": {
        "type": "Polygon",
        "coordinates": [
          [
            [
              -9.3938319,
              29.810752
            ],
            [
              -9.3938279,
              29.8107908
            ],
            [
              -9.3938519,
              29.8107926
            ],
            [
              -9.3938931,
              29.8107958
            ],
            [
              -9.393897,
              29.810757
            ],
            [
              -9.3938319,
              29.810752
            ]
          ]
        ]
      },
      "id": "way/509803383"
    },
    {
      "type": "Feature",
      "properties": {
        "@id": "way/509803384",
        "building": "ruins",
        "historic": "ruins",
        "tourism": "attraction"
      },
      "geometry": {
        "type": "Polygon",
        "coordinates": [
          [
            [
              -9.393861,
              29.81093
            ],
            [
              -9.393864,
              29.8109011
            ],
            [
              -9.3937984,
              29.8108961
            ],
            [
              -9.3938037,
              29.8108439
            ],
            [
              -9.3938166,
              29.8108449
            ],
            [
              -9.3938197,
              29.8108145
            ],
            [
              -9.3938495,
              29.8108168
            ],
            [
              -9.3938519,
              29.8107926
            ],
            [
              -9.3938279,
              29.8107908
            ],
            [
              -9.3937916,
              29.810788
            ],
            [
              -9.3937778,
              29.8109236
            ],
            [
              -9.393861,
              29.81093
            ]
          ]
        ]
      },
      "id": "way/509803384"
    },
    {
      "type": "Feature",
      "properties": {
        "@id": "way/509803386",
        "building": "ruins",
        "historic": "ruins",
        "tourism": "attraction"
      },
      "geometry": {
        "type": "Polygon",
        "coordinates": [
          [
            [
              -9.3939302,
              29.8108915
            ],
            [
              -9.3939604,
              29.8107696
            ],
            [
              -9.3939137,
              29.8107609
            ],
            [
              -9.3938835,
              29.8108827
            ],
            [
              -9.3939302,
              29.8108915
            ]
          ]
        ]
      },
      "id": "way/509803386"
    },
    {
      "type": "Feature",
      "properties": {
        "@id": "way/509803387",
        "building": "ruins",
        "historic": "ruins",
        "tourism": "attraction"
      },
      "geometry": {
        "type": "Polygon",
        "coordinates": [
          [
            [
              -9.3937858,
              29.810676
            ],
            [
              -9.3937993,
              29.8105803
            ],
            [
              -9.3937017,
              29.81057
            ],
            [
              -9.3936882,
              29.8106656
            ],
            [
              -9.3937858,
              29.810676
            ]
          ]
        ]
      },
      "id": "way/509803387"
    },
    {
      "type": "Feature",
      "properties": {
        "@id": "way/510136596",
        "building": "ruins",
        "historic": "ruins",
        "tourism": "attraction"
      },
      "geometry": {
        "type": "Polygon",
        "coordinates": [
          [
            [
              -9.3937916,
              29.810788
            ],
            [
              -9.3937273,
              29.810783
            ],
            [
              -9.393712,
              29.8109336
            ],
            [
              -9.3937763,
              29.8109385
            ],
            [
              -9.3937778,
              29.8109236
            ],
            [
              -9.3937916,
              29.810788
            ]
          ]
        ]
      },
      "id": "way/510136596"
    },
    {
      "type": "Feature",
      "properties": {
        "@id": "way/510136597",
        "building": "ruins",
        "historic": "ruins",
        "tourism": "attraction"
      },
      "geometry": {
        "type": "Polygon",
        "coordinates": [
          [
            [
              -9.3942099,
              29.8109348
            ],
            [
              -9.394215,
              29.8109189
            ],
            [
              -9.3940522,
              29.8108767
            ],
            [
              -9.3940844,
              29.8107603
            ],
            [
              -9.3940549,
              29.8107533
            ],
            [
              -9.39402,
              29.810886
            ],
            [
              -9.3942099,
              29.8109348
            ]
          ]
        ]
      },
      "id": "way/510136597"
    },
    {
      "type": "Feature",
      "properties": {
        "@id": "way/510136598",
        "building": "ruins",
        "historic": "ruins",
        "tourism": "attraction"
      },
      "geometry": {
        "type": "Polygon",
        "coordinates": [
          [
            [
              -9.3950795,
              29.8106882
            ],
            [
              -9.39511,
              29.8103534
            ],
            [
              -9.3950753,
              29.810362
            ],
            [
              -9.395054,
              29.8106858
            ],
            [
              -9.3950795,
              29.8106882
            ]
          ]
        ]
      },
      "id": "way/510136598"
    },
    {
      "type": "Feature",
      "properties": {
        "@id": "way/569968605",
        "historic": "ruins",
        "name": "قرية الخراب القديمة",
        "name:ar": "قرية الخراب القديمة",
        "name:es": "Antiguo Pueblo en Ruinas",
        "tourism": "attraction",
        "was:place": "village"
      },
      "geometry": {
        "type": "Polygon",
        "coordinates": [
          [
            [
              -4.2017477,
              31.6561817
            ],
            [
              -4.202298,
              31.6553805
            ],
            [
              -4.2025152,
              31.6536302
            ],
            [
              -4.2014437,
              31.6533344
            ],
            [
              -4.2017188,
              31.6523237
            ],
            [
              -4.2008789,
              31.6524099
            ],
            [
              -4.2002037,
              31.6526286
            ],
            [
              -4.2000069,
              31.654295
            ],
            [
              -4.2003576,
              31.6554545
            ],
            [
              -4.2005024,
              31.6560584
            ],
            [
              -4.2007631,
              31.6561571
            ],
            [
              -4.2017477,
              31.6561817
            ]
          ]
        ]
      },
      "id": "way/569968605"
    },
    {
      "type": "Feature",
      "properties": {
        "@id": "way/574667259",
        "addr:city": "FES medina",
        "area": "yes",
        "layer": "1",
        "name": "Fes Tannery",
        "tourism": "attraction",
        "type": "tourism"
      },
      "geometry": {
        "type": "Polygon",
        "coordinates": [
          [
            [
              -4.9710005,
              34.066262
            ],
            [
              -4.9710975,
              34.0660742
            ],
            [
              -4.971136,
              34.0660797
            ],
            [
              -4.9711315,
              34.0659889
            ],
            [
              -4.9711234,
              34.0658301
            ],
            [
              -4.9710945,
              34.0658264
            ],
            [
              -4.9710945,
              34.0658558
            ],
            [
              -4.9710456,
              34.0658528
            ],
            [
              -4.971033,
              34.0658111
            ],
            [
              -4.9709901,
              34.0658092
            ],
            [
              -4.9709634,
              34.0658724
            ],
            [
              -4.9710271,
              34.0658963
            ],
            [
              -4.9710271,
              34.0658982
            ],
            [
              -4.9710264,
              34.0659006
            ],
            [
              -4.9709664,
              34.0659938
            ],
            [
              -4.970885,
              34.0659754
            ],
            [
              -4.9708827,
              34.0659466
            ],
            [
              -4.9707939,
              34.0659227
            ],
            [
              -4.9707436,
              34.0659865
            ],
            [
              -4.9706747,
              34.0660509
            ],
            [
              -4.970674,
              34.0660527
            ],
            [
              -4.9706103,
              34.0661717
            ],
            [
              -4.9706026,
              34.0661906
            ],
            [
              -4.9707999,
              34.066247
            ],
            [
              -4.9708253,
              34.0662243
            ],
            [
              -4.9710005,
              34.066262
            ]
          ]
        ]
      },
      "id": "way/574667259"
    },
    {
      "type": "Feature",
      "properties": {
        "@id": "way/574667510",
        "access": "yes",
        "building": "yes",
        "description:en": "Blue Gate",
        "historic": "city_gate",
        "layer": "1",
        "name": "باب بوجلود",
        "name:ar": "باب_بوجلود",
        "name:en": "Bab Bou Jeloud",
        "name:fr": "Bab Boujloud",
        "name:ja": "ブー・ジュルード門",
        "name:zh": "布日鲁蓝门",
        "note": "changed to city_gate, because there are no (inner and outer) gates and no barrier anymore",
        "tourism": "attraction",
        "wheelchair": "limited",
        "wikimedia_commons": "Category:Bab Bou Jeloud",
        "wikipedia": "ar:باب بوجلود"
      },
      "geometry": {
        "type": "Polygon",
        "coordinates": [
          [
            [
              -4.9840831,
              34.0617434
            ],
            [
              -4.9840421,
              34.0616901
            ],
            [
              -4.9839978,
              34.0616325
            ],
            [
              -4.983955,
              34.0616551
            ],
            [
              -4.9840004,
              34.0617142
            ],
            [
              -4.9840403,
              34.061766
            ],
            [
              -4.9840831,
              34.0617434
            ]
          ]
        ]
      },
      "id": "way/574667510"
    },
    {
      "type": "Feature",
      "properties": {
        "@id": "way/574667535",
        "access": "private",
        "addr:city": "Municipalité de Méchouar Fès Jdid المشور فاس الجديد",
        "barrier": "sally_port",
        "building": "yes",
        "description:es": "Puertas del Palacio Real",
        "historic": "city_gate",
        "name": "Bab Al Qsar",
        "portal": "yes",
        "tourism": "attraction",
        "wikimedia_commons": "File:Bab L'Makhzen Royal Palace Fez Morocco - panoramio (2).jpg"
      },
      "geometry": {
        "type": "Polygon",
        "coordinates": [
          [
            [
              -4.993622,
              34.0532515
            ],
            [
              -4.9936746,
              34.0532005
            ],
            [
              -4.9935218,
              34.0530924
            ],
            [
              -4.9934958,
              34.0531179
            ],
            [
              -4.9934692,
              34.0531435
            ],
            [
              -4.993622,
              34.0532515
            ]
          ]
        ]
      },
      "id": "way/574667535"
    },
    {
      "type": "Feature",
      "properties": {
        "@id": "way/574667579",
        "tourism": "attraction"
      },
      "geometry": {
        "type": "Polygon",
        "coordinates": [
          [
            [
              -4.9711775,
              34.0662524
            ],
            [
              -4.9711664,
              34.0661674
            ],
            [
              -4.9710735,
              34.0661628
            ],
            [
              -4.9710457,
              34.0662455
            ],
            [
              -4.9711775,
              34.0662524
            ]
          ]
        ]
      },
      "id": "way/574667579"
    },
    {
      "type": "Feature",
      "properties": {
        "@id": "way/574667640",
        "building": "yes",
        "name": "Bab R'cif",
        "tourism": "attraction"
      },
      "geometry": {
        "type": "Polygon",
        "coordinates": [
          [
            [
              -4.9729027,
              34.0623589
            ],
            [
              -4.9729024,
              34.0623457
            ],
            [
              -4.972902,
              34.0623136
            ],
            [
              -4.9727816,
              34.0623146
            ],
            [
              -4.9726083,
              34.0623169
            ],
            [
              -4.9726092,
              34.0623627
            ],
            [
              -4.972758,
              34.0623607
            ],
            [
              -4.9729027,
              34.0623589
            ]
          ]
        ]
      },
      "id": "way/574667640"
    },
    {
      "type": "Feature",
      "properties": {
        "@id": "way/595677021",
        "name": "Centre Commercial Jawhara",
        "tourism": "attraction"
      },
      "geometry": {
        "type": "Polygon",
        "coordinates": [
          [
            [
              -7.5132323,
              33.5936423
            ],
            [
              -7.513345,
              33.593763
            ],
            [
              -7.5137473,
              33.5937094
            ],
            [
              -7.5147687,
              33.593269
            ],
            [
              -7.5141818,
              33.5928872
            ],
            [
              -7.5132323,
              33.5936423
            ]
          ]
        ]
      },
      "id": "way/595677021"
    },
    {
      "type": "Feature",
      "properties": {
        "@id": "way/596671548",
        "addr:street": "Boulevard Oued Daoura",
        "amenity": "place_of_worship",
        "building": "mosque",
        "name": "مسجد الحاج فاتح",
        "name:ar": "مسجد الحاج فاتح",
        "name:en": "Mosque el haj fateh",
        "name:fr": "Mosquée el haj fateh",
        "religion": "muslim",
        "source": "Kaart Ground Survey 2018",
        "tourism": "attraction"
      },
      "geometry": {
        "type": "Polygon",
        "coordinates": [
          [
            [
              -7.6791711,
              33.5441287
            ],
            [
              -7.6792798,
              33.5438846
            ],
            [
              -7.6790666,
              33.5438186
            ],
            [
              -7.6789579,
              33.5440628
            ],
            [
              -7.6791711,
              33.5441287
            ]
          ]
        ]
      },
      "id": "way/596671548"
    },
    {
      "type": "Feature",
      "properties": {
        "@id": "way/611975348",
        "area": "yes",
        "highway": "pedestrian",
        "name": "Souk El Ma",
        "name:fr": "Souk El Ma",
        "tourism": "attraction"
      },
      "geometry": {
        "type": "Polygon",
        "coordinates": [
          [
            [
              -1.913722,
              34.6803763
            ],
            [
              -1.9137602,
              34.680364
            ],
            [
              -1.9138075,
              34.6803469
            ],
            [
              -1.9137887,
              34.6803084
            ],
            [
              -1.9138327,
              34.6802043
            ],
            [
              -1.9138361,
              34.6801963
            ],
            [
              -1.9136759,
              34.6801489
            ],
            [
              -1.9136583,
              34.6801606
            ],
            [
              -1.9135979,
              34.680201
            ],
            [
              -1.9136043,
              34.6802113
            ],
            [
              -1.9136596,
              34.6803237
            ],
            [
              -1.913722,
              34.6803763
            ]
          ]
        ]
      },
      "id": "way/611975348"
    },
    {
      "type": "Feature",
      "properties": {
        "@id": "way/611975354",
        "amenity": "place_of_worship",
        "building": "synagogue",
        "name": "Ancienne Synagogue",
        "religion": "jewish",
        "tourism": "attraction"
      },
      "geometry": {
        "type": "Polygon",
        "coordinates": [
          [
            [
              -1.9155575,
              34.6824245
            ],
            [
              -1.9155814,
              34.6822192
            ],
            [
              -1.9155116,
              34.6822137
            ],
            [
              -1.9154877,
              34.682419
            ],
            [
              -1.9155575,
              34.6824245
            ]
          ]
        ]
      },
      "id": "way/611975354"
    },
    {
      "type": "Feature",
      "properties": {
        "@id": "way/611975357",
        "area": "yes",
        "highway": "pedestrian",
        "name": "Place Al Attarine",
        "tourism": "attraction"
      },
      "geometry": {
        "type": "Polygon",
        "coordinates": [
          [
            [
              -1.9124648,
              34.6794454
            ],
            [
              -1.9122779,
              34.6793701
            ],
            [
              -1.9122114,
              34.6794855
            ],
            [
              -1.912253,
              34.6795078
            ],
            [
              -1.9122249,
              34.6795437
            ],
            [
              -1.9122443,
              34.6795546
            ],
            [
              -1.9124194,
              34.6796532
            ],
            [
              -1.9124402,
              34.6796669
            ],
            [
              -1.9124496,
              34.6796573
            ],
            [
              -1.912539,
              34.6795659
            ],
            [
              -1.9127585,
              34.6797293
            ],
            [
              -1.9128018,
              34.6796964
            ],
            [
              -1.9128386,
              34.6796686
            ],
            [
              -1.9126616,
              34.6795259
            ],
            [
              -1.9126274,
              34.6794984
            ],
            [
              -1.912486,
              34.6794145
            ],
            [
              -1.9124648,
              34.6794454
            ]
          ]
        ]
      },
      "id": "way/611975357"
    },
    {
      "type": "Feature",
      "properties": {
        "@id": "way/661784210",
        "leisure": "nature_reserve",
        "natural": "gorge",
        "tourism": "attraction"
      },
      "geometry": {
        "type": "Polygon",
        "coordinates": [
          [
            [
              -5.5882284,
              30.6809628
            ],
            [
              -5.5882284,
              30.6821623
            ],
            [
              -5.5913398,
              30.6831588
            ],
            [
              -5.5949447,
              30.6831035
            ],
            [
              -5.5966398,
              30.6838231
            ],
            [
              -5.5977771,
              30.6851887
            ],
            [
              -5.6025469,
              30.6892874
            ],
            [
              -5.6070959,
              30.6903392
            ],
            [
              -5.6129324,
              30.6931254
            ],
            [
              -5.6167948,
              30.6930332
            ],
            [
              -5.6177604,
              30.6926641
            ],
            [
              -5.6193697,
              30.6914648
            ],
            [
              -5.6188118,
              30.6897856
            ],
            [
              -5.6161081,
              30.6916308
            ],
            [
              -5.614885,
              30.6928302
            ],
            [
              -5.6126964,
              30.6927748
            ],
            [
              -5.6101644,
              30.6909296
            ],
            [
              -5.6072247,
              30.6895457
            ],
            [
              -5.6033623,
              30.6884201
            ],
            [
              -5.6007045,
              30.6865316
            ],
            [
              -5.5978906,
              30.6838991
            ],
            [
              -5.5966031,
              30.682349
            ],
            [
              -5.5923951,
              30.6818174
            ],
            [
              -5.5882284,
              30.6809628
            ]
          ]
        ]
      },
      "id": "way/661784210"
    },
    {
      "type": "Feature",
      "properties": {
        "@id": "way/694975893",
        "area": "yes",
        "tourism": "attraction"
      },
      "geometry": {
        "type": "Polygon",
        "coordinates": [
          [
            [
              -5.5650016,
              33.8909641
            ],
            [
              -5.5650728,
              33.8908961
            ],
            [
              -5.5650016,
              33.8908438
            ],
            [
              -5.5649313,
              33.8909132
            ],
            [
              -5.5650016,
              33.8909641
            ]
          ]
        ]
      },
      "id": "way/694975893"
    },
    {
      "type": "Feature",
      "properties": {
        "@id": "way/694975894",
        "tourism": "attraction"
      },
      "geometry": {
        "type": "Polygon",
        "coordinates": [
          [
            [
              -5.5650091,
              33.8909978
            ],
            [
              -5.5651084,
              33.8909009
            ],
            [
              -5.5649942,
              33.890817
            ],
            [
              -5.5648907,
              33.8909181
            ],
            [
              -5.5650091,
              33.8909978
            ]
          ]
        ]
      },
      "id": "way/694975894"
    },
    {
      "type": "Feature",
      "properties": {
        "@id": "way/695605265",
        "building": "yes",
        "castle_type": "fortress",
        "historic": "castle",
        "name": "باب بالقاري",
        "name:en": "Bab el Kari",
        "tourism": "attraction"
      },
      "geometry": {
        "type": "Polygon",
        "coordinates": [
          [
            [
              -5.5652047,
              33.8856971
            ],
            [
              -5.5652168,
              33.8856888
            ],
            [
              -5.5653135,
              33.885622
            ],
            [
              -5.5653949,
              33.8855657
            ],
            [
              -5.5654613,
              33.8855197
            ],
            [
              -5.5653673,
              33.885426
            ],
            [
              -5.5653578,
              33.8854165
            ],
            [
              -5.5652911,
              33.8854601
            ],
            [
              -5.5652094,
              33.8855134
            ],
            [
              -5.5651031,
              33.8855828
            ],
            [
              -5.5652047,
              33.8856971
            ]
          ]
        ]
      },
      "id": "way/695605265"
    },
    {
      "type": "Feature",
      "properties": {
        "@id": "way/705604175",
        "reservation": "no",
        "tourism": "attraction"
      },
      "geometry": {
        "type": "Polygon",
        "coordinates": [
          [
            [
              -4.3938834,
              32.2599141
            ],
            [
              -4.3936908,
              32.2597316
            ],
            [
              -4.3931889,
              32.2596355
            ],
            [
              -4.3932209,
              32.2596783
            ],
            [
              -4.3930116,
              32.2597803
            ],
            [
              -4.3933898,
              32.2602158
            ],
            [
              -4.3936091,
              32.2600865
            ],
            [
              -4.3938834,
              32.2599141
            ]
          ]
        ]
      },
      "id": "way/705604175"
    },
    {
      "type": "Feature",
      "properties": {
        "@id": "way/751129294",
        "building": "yes",
        "description:de": "historisches Bewässerungssystem",
        "description:en": "The Khettaras, historical irrigation system",
        "historic": "yes",
        "name": "The Khettaras",
        "tourism": "attraction",
        "wikipedia": "en:Qanat"
      },
      "geometry": {
        "type": "Polygon",
        "coordinates": [
          [
            [
              -4.4956572,
              31.5306654
            ],
            [
              -4.4956572,
              31.5305979
            ],
            [
              -4.4956572,
              31.5305693
            ],
            [
              -4.4955982,
              31.5305693
            ],
            [
              -4.4955982,
              31.5306654
            ],
            [
              -4.4956572,
              31.5306654
            ]
          ]
        ]
      },
      "id": "way/751129294"
    },
    {
      "type": "Feature",
      "properties": {
        "@id": "way/770752929",
        "addr:city": "الجريفية",
        "historic": "wreck",
        "seamark:type": "wreck",
        "tourism": "attraction"
      },
      "geometry": {
        "type": "Polygon",
        "coordinates": [
          [
            [
              -14.515273,
              25.9592588
            ],
            [
              -14.5152517,
              25.9592497
            ],
            [
              -14.5152222,
              25.9592461
            ],
            [
              -14.5152049,
              25.9592479
            ],
            [
              -14.5152008,
              25.9592588
            ],
            [
              -14.5152039,
              25.9592744
            ],
            [
              -14.5152191,
              25.9593009
            ],
            [
              -14.5152374,
              25.9593246
            ],
            [
              -14.5152628,
              25.959342
            ],
            [
              -14.5152943,
              25.9593667
            ],
            [
              -14.5153411,
              25.9593959
            ],
            [
              -14.5153655,
              25.9594151
            ],
            [
              -14.5153929,
              25.9594334
            ],
            [
              -14.5154224,
              25.9594425
            ],
            [
              -14.5154448,
              25.9594444
            ],
            [
              -14.515462,
              25.9594361
            ],
            [
              -14.515461,
              25.9594087
            ],
            [
              -14.5154407,
              25.959384
            ],
            [
              -14.5154092,
              25.9593585
            ],
            [
              -14.5153736,
              25.959321
            ],
            [
              -14.5153198,
              25.9592808
            ],
            [
              -14.515273,
              25.9592588
            ]
          ]
        ]
      },
      "id": "way/770752929"
    },
    {
      "type": "Feature",
      "properties": {
        "@id": "way/1047656629",
        "natural": "sand",
        "surface": "sand",
        "tourism": "attraction"
      },
      "geometry": {
        "type": "Polygon",
        "coordinates": [
          [
            [
              -1.745924,
              32.8543165
            ],
            [
              -1.7472386,
              32.8548875
            ],
            [
              -1.7489513,
              32.85515
            ],
            [
              -1.7502392,
              32.8549899
            ],
            [
              -1.7506282,
              32.8534928
            ],
            [
              -1.7513225,
              32.8529871
            ],
            [
              -1.7523639,
              32.8531674
            ],
            [
              -1.7525074,
              32.8539568
            ],
            [
              -1.75183,
              32.8547658
            ],
            [
              -1.7511935,
              32.8552405
            ],
            [
              -1.7511454,
              32.8560527
            ],
            [
              -1.7523761,
              32.856751
            ],
            [
              -1.75398,
              32.8573417
            ],
            [
              -1.7554934,
              32.8573055
            ],
            [
              -1.7571118,
              32.8566673
            ],
            [
              -1.7587183,
              32.855572
            ],
            [
              -1.7599471,
              32.8544768
            ],
            [
              -1.7595467,
              32.852955
            ],
            [
              -1.7597054,
              32.851918
            ],
            [
              -1.7604256,
              32.8505465
            ],
            [
              -1.7604516,
              32.8493808
            ],
            [
              -1.7590472,
              32.8474125
            ],
            [
              -1.7581983,
              32.8450364
            ],
            [
              -1.7567249,
              32.8448634
            ],
            [
              -1.7552109,
              32.844221
            ],
            [
              -1.753457,
              32.8437588
            ],
            [
              -1.7514394,
              32.8433659
            ],
            [
              -1.7504255,
              32.8432663
            ],
            [
              -1.7490918,
              32.8417807
            ],
            [
              -1.7468943,
              32.8412228
            ],
            [
              -1.7457073,
              32.8416596
            ],
            [
              -1.7460484,
              32.8424475
            ],
            [
              -1.7472001,
              32.8429601
            ],
            [
              -1.7484183,
              32.8440496
            ],
            [
              -1.7488335,
              32.8449423
            ],
            [
              -1.7472523,
              32.845682
            ],
            [
              -1.745745,
              32.8465283
            ],
            [
              -1.7446261,
              32.8471564
            ],
            [
              -1.7433916,
              32.8471902
            ],
            [
              -1.7411248,
              32.8471366
            ],
            [
              -1.7398279,
              32.8479811
            ],
            [
              -1.7405446,
              32.8488256
            ],
            [
              -1.7419925,
              32.8488773
            ],
            [
              -1.7428385,
              32.8487748
            ],
            [
              -1.7439098,
              32.8488728
            ],
            [
              -1.7453224,
              32.8491072
            ],
            [
              -1.7460504,
              32.8494141
            ],
            [
              -1.7460775,
              32.8499189
            ],
            [
              -1.745713,
              32.850598
            ],
            [
              -1.7446845,
              32.8509133
            ],
            [
              -1.7432699,
              32.8509088
            ],
            [
              -1.7417253,
              32.8506677
            ],
            [
              -1.7415233,
              32.8516045
            ],
            [
              -1.7415954,
              32.8521176
            ],
            [
              -1.7420718,
              32.8526065
            ],
            [
              -1.7429379,
              32.8532082
            ],
            [
              -1.7442515,
              32.8536114
            ],
            [
              -1.7455506,
              32.8537145
            ],
            [
              -1.745924,
              32.8543165
            ]
          ]
        ]
      },
      "id": "way/1047656629"
    },
    {
      "type": "Feature",
      "properties": {
        "@id": "way/1047656630",
        "natural": "sand",
        "surface": "sand",
        "tourism": "attraction"
      },
      "geometry": {
        "type": "Polygon",
        "coordinates": [
          [
            [
              -1.7562747,
              32.8627494
            ],
            [
              -1.7544559,
              32.8607973
            ],
            [
              -1.7535176,
              32.858639
            ],
            [
              -1.7527381,
              32.8577296
            ],
            [
              -1.7503419,
              32.8578266
            ],
            [
              -1.7492593,
              32.858154
            ],
            [
              -1.7478185,
              32.858463
            ],
            [
              -1.7470039,
              32.8587789
            ],
            [
              -1.746155,
              32.8584604
            ],
            [
              -1.7455729,
              32.85778
            ],
            [
              -1.7468859,
              32.8570962
            ],
            [
              -1.7484221,
              32.8563836
            ],
            [
              -1.7489417,
              32.8560926
            ],
            [
              -1.7481478,
              32.8556924
            ],
            [
              -1.7470074,
              32.8556439
            ],
            [
              -1.7450443,
              32.8558379
            ],
            [
              -1.7432977,
              32.8559834
            ],
            [
              -1.7405262,
              32.8562987
            ],
            [
              -1.7391115,
              32.8569293
            ],
            [
              -1.737567,
              32.8579599
            ],
            [
              -1.738231,
              32.8596454
            ],
            [
              -1.7389239,
              32.8611611
            ],
            [
              -1.7400931,
              32.8622402
            ],
            [
              -1.7412768,
              32.8628586
            ],
            [
              -1.7422583,
              32.8636346
            ],
            [
              -1.7431822,
              32.8646652
            ],
            [
              -1.7436152,
              32.8659989
            ],
            [
              -1.7452608,
              32.8665808
            ],
            [
              -1.7476715,
              32.866011
            ],
            [
              -1.7489129,
              32.8648592
            ],
            [
              -1.7506739,
              32.8641195
            ],
            [
              -1.7527526,
              32.8637558
            ],
            [
              -1.7541239,
              32.8639255
            ],
            [
              -1.7549178,
              32.8643499
            ],
            [
              -1.7558272,
              32.8644227
            ],
            [
              -1.7561448,
              32.8632951
            ],
            [
              -1.7562747,
              32.8627494
            ]
          ]
        ]
      },
      "id": "way/1047656630"
    },
    {
      "type": "Feature",
      "properties": {
        "@id": "way/1047656631",
        "natural": "sand",
        "surface": "sand",
        "tourism": "attraction"
      },
      "geometry": {
        "type": "Polygon",
        "coordinates": [
          [
            [
              -1.7534922,
              32.8707754
            ],
            [
              -1.7558611,
              32.8687281
            ],
            [
              -1.7569597,
              32.8691029
            ],
            [
              -1.7592428,
              32.8691029
            ],
            [
              -1.7610968,
              32.8679783
            ],
            [
              -1.7627619,
              32.8666951
            ],
            [
              -1.7636545,
              32.8652244
            ],
            [
              -1.7627447,
              32.864316
            ],
            [
              -1.7613886,
              32.8637248
            ],
            [
              -1.7599981,
              32.8633067
            ],
            [
              -1.7584875,
              32.8633644
            ],
            [
              -1.7567537,
              32.8634941
            ],
            [
              -1.7566679,
              32.8647774
            ],
            [
              -1.7563417,
              32.8657435
            ],
            [
              -1.7554148,
              32.8661472
            ],
            [
              -1.7539041,
              32.8668249
            ],
            [
              -1.7528398,
              32.8668104
            ],
            [
              -1.751827,
              32.8666807
            ],
            [
              -1.7506426,
              32.8668825
            ],
            [
              -1.7490976,
              32.8675169
            ],
            [
              -1.7480162,
              32.8676034
            ],
            [
              -1.7468145,
              32.8682378
            ],
            [
              -1.7460421,
              32.8691462
            ],
            [
              -1.7469862,
              32.8701987
            ],
            [
              -1.7494581,
              32.8698527
            ],
            [
              -1.7507627,
              32.8708619
            ],
            [
              -1.7525823,
              32.8712224
            ],
            [
              -1.7534063,
              32.8713665
            ],
            [
              -1.7534922,
              32.8707754
            ]
          ]
        ]
      },
      "id": "way/1047656631"
    },
    {
      "type": "Feature",
      "properties": {
        "@id": "way/1047656632",
        "natural": "sand",
        "surface": "sand",
        "tourism": "attraction"
      },
      "geometry": {
        "type": "Polygon",
        "coordinates": [
          [
            [
              -1.7389754,
              32.838849
            ],
            [
              -1.7405547,
              32.8383154
            ],
            [
              -1.7406062,
              32.8368442
            ],
            [
              -1.7405547,
              32.8350557
            ],
            [
              -1.7408122,
              32.8331373
            ],
            [
              -1.7407607,
              32.8324161
            ],
            [
              -1.7393702,
              32.8321709
            ],
            [
              -1.7381514,
              32.8327335
            ],
            [
              -1.7366236,
              32.8331662
            ],
            [
              -1.7346667,
              32.8338441
            ],
            [
              -1.7352503,
              32.8345653
            ],
            [
              -1.7344264,
              32.8360365
            ],
            [
              -1.7315081,
              32.836123
            ],
            [
              -1.7292422,
              32.8351999
            ],
            [
              -1.7273024,
              32.8339451
            ],
            [
              -1.724573,
              32.8335124
            ],
            [
              -1.7219294,
              32.8331662
            ],
            [
              -1.7209853,
              32.8341182
            ],
            [
              -1.7231997,
              32.834897
            ],
            [
              -1.7238349,
              32.836123
            ],
            [
              -1.7234572,
              32.8374356
            ],
            [
              -1.7225131,
              32.8382433
            ],
            [
              -1.721157,
              32.8394981
            ],
            [
              -1.7210025,
              32.8408682
            ],
            [
              -1.7215003,
              32.8415317
            ],
            [
              -1.7235259,
              32.8419211
            ],
            [
              -1.7253455,
              32.8419643
            ],
            [
              -1.7274054,
              32.8424114
            ],
            [
              -1.7288474,
              32.842671
            ],
            [
              -1.730667,
              32.8432335
            ],
            [
              -1.7323321,
              32.8432479
            ],
            [
              -1.7343405,
              32.8429162
            ],
            [
              -1.7342547,
              32.8415028
            ],
            [
              -1.7334479,
              32.8408249
            ],
            [
              -1.7353533,
              32.8399307
            ],
            [
              -1.7383746,
              32.8390509
            ],
            [
              -1.7389754,
              32.838849
            ]
          ]
        ]
      },
      "id": "way/1047656632"
    },
    {
      "type": "Feature",
      "properties": {
        "@id": "way/1047656635",
        "natural": "sand",
        "surface": "sand",
        "tourism": "attraction"
      },
      "geometry": {
        "type": "Polygon",
        "coordinates": [
          [
            [
              -1.7665367,
              32.8603605
            ],
            [
              -1.769661,
              32.8585437
            ],
            [
              -1.7716522,
              32.858039
            ],
            [
              -1.7723904,
              32.8593223
            ],
            [
              -1.774313,
              32.8607066
            ],
            [
              -1.7779694,
              32.8623216
            ],
            [
              -1.7789478,
              32.8604038
            ],
            [
              -1.7772655,
              32.857044
            ],
            [
              -1.7760468,
              32.8556741
            ],
            [
              -1.7754459,
              32.854059
            ],
            [
              -1.7757721,
              32.8529486
            ],
            [
              -1.7731285,
              32.8525737
            ],
            [
              -1.7711029,
              32.8523862
            ],
            [
              -1.769146,
              32.8528188
            ],
            [
              -1.766674,
              32.8538427
            ],
            [
              -1.7669315,
              32.8550684
            ],
            [
              -1.7648029,
              32.8557029
            ],
            [
              -1.7644768,
              32.8570296
            ],
            [
              -1.7647343,
              32.8581399
            ],
            [
              -1.7646828,
              32.8587311
            ],
            [
              -1.7657471,
              32.8595098
            ],
            [
              -1.7657986,
              32.8603029
            ],
            [
              -1.7665367,
              32.8603605
            ]
          ]
        ]
      },
      "id": "way/1047656635"
    },
    {
      "type": "Feature",
      "properties": {
        "@id": "way/1047657425",
        "natural": "sand",
        "surface": "sand",
        "tourism": "attraction"
      },
      "geometry": {
        "type": "Polygon",
        "coordinates": [
          [
            [
              -1.7082605,
              32.8096718
            ],
            [
              -1.7090373,
              32.8103757
            ],
            [
              -1.7099477,
              32.8109368
            ],
            [
              -1.7106517,
              32.8114877
            ],
            [
              -1.7123754,
              32.8117428
            ],
            [
              -1.7139291,
              32.8113551
            ],
            [
              -1.714803,
              32.8111511
            ],
            [
              -1.7163325,
              32.8108552
            ],
            [
              -1.7178376,
              32.8104676
            ],
            [
              -1.718748,
              32.8100187
            ],
            [
              -1.7201196,
              32.8100493
            ],
            [
              -1.7206173,
              32.81059
            ],
            [
              -1.7223045,
              32.8114571
            ],
            [
              -1.7231542,
              32.8112429
            ],
            [
              -1.7233969,
              32.8106716
            ],
            [
              -1.7240524,
              32.8105798
            ],
            [
              -1.7252056,
              32.8107124
            ],
            [
              -1.7252541,
              32.8112225
            ],
            [
              -1.7254969,
              32.8117428
            ],
            [
              -1.7261523,
              32.8120692
            ],
            [
              -1.7266136,
              32.8126711
            ],
            [
              -1.7275847,
              32.8131098
            ],
            [
              -1.728932,
              32.8125691
            ],
            [
              -1.7290291,
              32.811855
            ],
            [
              -1.7288956,
              32.810947
            ],
            [
              -1.7292597,
              32.8097534
            ],
            [
              -1.7294054,
              32.8089475
            ],
            [
              -1.728932,
              32.8081823
            ],
            [
              -1.7288713,
              32.8072641
            ],
            [
              -1.7274633,
              32.8059378
            ],
            [
              -1.7291262,
              32.8049482
            ],
            [
              -1.7300609,
              32.8047339
            ],
            [
              -1.7297331,
              32.8036831
            ],
            [
              -1.7291384,
              32.8025812
            ],
            [
              -1.728313,
              32.8012752
            ],
            [
              -1.7290291,
              32.8003161
            ],
            [
              -1.7302429,
              32.7991938
            ],
            [
              -1.7314082,
              32.7985306
            ],
            [
              -1.7319059,
              32.7989285
            ],
            [
              -1.7335931,
              32.7982041
            ],
            [
              -1.7357295,
              32.7987653
            ],
            [
              -1.7363971,
              32.7979184
            ],
            [
              -1.7373317,
              32.7969287
            ],
            [
              -1.7374167,
              32.7953063
            ],
            [
              -1.737271,
              32.7946227
            ],
            [
              -1.7349405,
              32.7950818
            ],
            [
              -1.7336417,
              32.795541
            ],
            [
              -1.7310562,
              32.7965001
            ],
            [
              -1.7301823,
              32.7962553
            ],
            [
              -1.7294661,
              32.795541
            ],
            [
              -1.7281916,
              32.7957349
            ],
            [
              -1.7269656,
              32.7962246
            ],
            [
              -1.7259581,
              32.7965103
            ],
            [
              -1.7251691,
              32.7968369
            ],
            [
              -1.723664,
              32.797347
            ],
            [
              -1.7223895,
              32.7981837
            ],
            [
              -1.7213456,
              32.7991632
            ],
            [
              -1.7204109,
              32.799755
            ],
            [
              -1.7183596,
              32.8000713
            ],
            [
              -1.7167209,
              32.8001937
            ],
            [
              -1.7149972,
              32.8002345
            ],
            [
              -1.7134557,
              32.8003978
            ],
            [
              -1.7116107,
              32.8018364
            ],
            [
              -1.7105546,
              32.80252
            ],
            [
              -1.7094136,
              32.8034178
            ],
            [
              -1.7076779,
              32.8042748
            ],
            [
              -1.7063548,
              32.8050502
            ],
            [
              -1.7054323,
              32.8052951
            ],
            [
              -1.7037815,
              32.8050196
            ],
            [
              -1.7021792,
              32.8051114
            ],
            [
              -1.7014145,
              32.8061113
            ],
            [
              -1.7017058,
              32.8076314
            ],
            [
              -1.7039393,
              32.8077844
            ],
            [
              -1.7046069,
              32.8071213
            ],
            [
              -1.7060877,
              32.8064581
            ],
            [
              -1.7069617,
              32.8065806
            ],
            [
              -1.706816,
              32.8071417
            ],
            [
              -1.7053109,
              32.808621
            ],
            [
              -1.7062091,
              32.8086822
            ],
            [
              -1.7077871,
              32.8079477
            ],
            [
              -1.7079935,
              32.8087332
            ],
            [
              -1.7082605,
              32.8096718
            ]
          ]
        ]
      },
      "id": "way/1047657425"
    },
    {
      "type": "Feature",
      "properties": {
        "@id": "way/1047657426",
        "natural": "sand",
        "surface": "sabd",
        "tourism": "attraction"
      },
      "geometry": {
        "type": "Polygon",
        "coordinates": [
          [
            [
              -1.7023408,
              32.81778
            ],
            [
              -1.7017228,
              32.8158324
            ],
            [
              -1.7014653,
              32.8146206
            ],
            [
              -1.6999547,
              32.813654
            ],
            [
              -1.6983926,
              32.8129615
            ],
            [
              -1.6958005,
              32.8118073
            ],
            [
              -1.6934659,
              32.8120237
            ],
            [
              -1.6920411,
              32.8130769
            ],
            [
              -1.691097,
              32.8146927
            ],
            [
              -1.6894147,
              32.8158901
            ],
            [
              -1.6892945,
              32.8173905
            ],
            [
              -1.6897237,
              32.8193957
            ],
            [
              -1.6914746,
              32.8179531
            ],
            [
              -1.6946332,
              32.8171885
            ],
            [
              -1.6959035,
              32.8163374
            ],
            [
              -1.6975858,
              32.8163085
            ],
            [
              -1.6973283,
              32.8182561
            ],
            [
              -1.6982724,
              32.8200449
            ],
            [
              -1.6999375,
              32.8213865
            ],
            [
              -1.7022206,
              32.8220501
            ],
            [
              -1.705053,
              32.8224829
            ],
            [
              -1.7055509,
              32.8208528
            ],
            [
              -1.7050702,
              32.8191072
            ],
            [
              -1.7032849,
              32.8183138
            ],
            [
              -1.7023408,
              32.81778
            ]
          ]
        ]
      },
      "id": "way/1047657426"
    },
    {
      "type": "Feature",
      "properties": {
        "@id": "way/1102721650",
        "building": "yes",
        "name": "Bab Maalga",
        "tourism": "attraction"
      },
      "geometry": {
        "type": "Polygon",
        "coordinates": [
          [
            [
              -6.8288123,
              34.0385037
            ],
            [
              -6.8288977,
              34.0384294
            ],
            [
              -6.828784,
              34.0383425
            ],
            [
              -6.828712,
              34.0384072
            ],
            [
              -6.8286933,
              34.038424
            ],
            [
              -6.8288123,
              34.0385037
            ]
          ]
        ]
      },
      "id": "way/1102721650"
    },
    {
      "type": "Feature",
      "properties": {
        "@id": "way/1102721651",
        "historic": "fort",
        "name": "Borj Ilkibir",
        "tourism": "attraction"
      },
      "geometry": {
        "type": "Polygon",
        "coordinates": [
          [
            [
              -6.8284516,
              34.0466052
            ],
            [
              -6.828943,
              34.0469557
            ],
            [
              -6.8285943,
              34.0473291
            ],
            [
              -6.8286729,
              34.0473829
            ],
            [
              -6.8287616,
              34.0474334
            ],
            [
              -6.8288566,
              34.0474531
            ],
            [
              -6.8289545,
              34.0474504
            ],
            [
              -6.8290477,
              34.0474256
            ],
            [
              -6.8291291,
              34.0473805
            ],
            [
              -6.8291924,
              34.0473187
            ],
            [
              -6.8292328,
              34.0472448
            ],
            [
              -6.8292471,
              34.0471645
            ],
            [
              -6.8292343,
              34.0470841
            ],
            [
              -6.8291954,
              34.0470097
            ],
            [
              -6.8291333,
              34.046947
            ],
            [
              -6.8286648,
              34.046625
            ],
            [
              -6.8286278,
              34.046589
            ],
            [
              -6.8286173,
              34.0465306
            ],
            [
              -6.8285645,
              34.0464946
            ],
            [
              -6.8284516,
              34.0466052
            ]
          ]
        ]
      },
      "id": "way/1102721651"
    },
    {
      "type": "Feature",
      "properties": {
        "@id": "way/1102721665",
        "building": "yes",
        "man_made": "tower",
        "name": "Borj Mellah",
        "tourism": "attraction",
        "tower:type": "defensive"
      },
      "geometry": {
        "type": "Polygon",
        "coordinates": [
          [
            [
              -6.8206189,
              34.0326163
            ],
            [
              -6.8206278,
              34.0325847
            ],
            [
              -6.8206235,
              34.032563
            ],
            [
              -6.8206023,
              34.0325438
            ],
            [
              -6.8205665,
              34.0325358
            ],
            [
              -6.8205375,
              34.0325431
            ],
            [
              -6.8205139,
              34.0325648
            ],
            [
              -6.8205085,
              34.0325932
            ],
            [
              -6.8205253,
              34.0326218
            ],
            [
              -6.8205447,
              34.032633
            ],
            [
              -6.8206189,
              34.0326163
            ]
          ]
        ]
      },
      "id": "way/1102721665"
    },
    {
      "type": "Feature",
      "properties": {
        "@id": "way/1102721680",
        "addr:street": "Avenue Abdelkader Al Harrati",
        "heritage": "2",
        "historic": "fort",
        "name": "Borj Adoumoue, Bastion des Larmes",
        "name:ar": "برج الدموع",
        "name:fr": "Bastion des Larmes",
        "start_date": "1261",
        "tourism": "attraction",
        "wikidata": "Q2374157",
        "wikimedia_commons": "Category:Bordj Addoumoue",
        "wikipedia": "fr:Borj Adoumoue"
      },
      "geometry": {
        "type": "Polygon",
        "coordinates": [
          [
            [
              -6.8322116,
              34.04272
            ],
            [
              -6.832277,
              34.0427487
            ],
            [
              -6.8325972,
              34.0422771
            ],
            [
              -6.8326266,
              34.0422846
            ],
            [
              -6.8326573,
              34.0422825
            ],
            [
              -6.8326848,
              34.0422709
            ],
            [
              -6.8327051,
              34.0422516
            ],
            [
              -6.8327152,
              34.0422275
            ],
            [
              -6.8327136,
              34.042202
            ],
            [
              -6.8327005,
              34.0421788
            ],
            [
              -6.832678,
              34.0421614
            ],
            [
              -6.8326492,
              34.0421522
            ],
            [
              -6.8326183,
              34.0421527
            ],
            [
              -6.8325499,
              34.0421225
            ],
            [
              -6.8323736,
              34.0423891
            ],
            [
              -6.8323266,
              34.0423686
            ],
            [
              -6.8321804,
              34.0425886
            ],
            [
              -6.8321201,
              34.0426798
            ],
            [
              -6.8322116,
              34.04272
            ]
          ]
        ]
      },
      "id": "way/1102721680"
    },
    {
      "type": "Feature",
      "properties": {
        "@id": "way/1132585098",
        "landuse": "retail",
        "lit": "yes",
        "name": "ⵊⴰⵎⵄ ⵍⴼⵏⴰ جامع الفناء",
        "name:ar": "جامع الفناء",
        "name:ber": "ⵊⴰⵎⵄ ⵍⴼⵏⴰ",
        "name:de": "Djemaa el Fna",
        "name:en": "Jemaa El-Fna",
        "name:es": "Plaza de Yamaa el Fna",
        "name:fr": "Place Jemaa el-Fna",
        "name:it": "Jamaa el Fna",
        "name:ja": "ジャマ・エル・フナ広場",
        "name:ko": "제마 엘 프나(자마엘프나)",
        "name:nl": "Djemaa el Fna",
        "name:no": "Djemaa al-Fna",
        "name:pl": "Dżami al-Fana",
        "name:pt": "Jemaa el-Fna",
        "name:ru": "Джамаа-эль-Фна",
        "opening_hours": "24/7",
        "tourism": "attraction",
        "wheelchair": "yes",
        "wikidata": "Q258348",
        "wikimedia_commons": "Category:Jamaa El Fna",
        "wikipedia": "en:Jemaa el-Fnaa"
      },
      "geometry": {
        "type": "Polygon",
        "coordinates": [
          [
            [
              -7.988835,
              31.6250942
            ],
            [
              -7.9885993,
              31.6254955
            ],
            [
              -7.9884295,
              31.6254329
            ],
            [
              -7.9884121,
              31.6254241
            ],
            [
              -7.9876665,
              31.6251354
            ],
            [
              -7.9878338,
              31.6254882
            ],
            [
              -7.9877679,
              31.6255189
            ],
            [
              -7.9877662,
              31.6255614
            ],
            [
              -7.9877364,
              31.6256941
            ],
            [
              -7.9875626,
              31.6261382
            ],
            [
              -7.9876038,
              31.6261542
            ],
            [
              -7.9875552,
              31.6262146
            ],
            [
              -7.9873787,
              31.6264523
            ],
            [
              -7.9872763,
              31.626482
            ],
            [
              -7.9871742,
              31.6266473
            ],
            [
              -7.9871783,
              31.6266682
            ],
            [
              -7.9870993,
              31.6268063
            ],
            [
              -7.9869817,
              31.6268974
            ],
            [
              -7.9869914,
              31.626922
            ],
            [
              -7.9868601,
              31.6269859
            ],
            [
              -7.9868714,
              31.6270456
            ],
            [
              -7.987107,
              31.6270585
            ],
            [
              -7.9871558,
              31.626941
            ],
            [
              -7.9873457,
              31.6267742
            ],
            [
              -7.987519,
              31.6267035
            ],
            [
              -7.9877178,
              31.6266992
            ],
            [
              -7.9878109,
              31.6266532
            ],
            [
              -7.9878178,
              31.6265234
            ],
            [
              -7.9882273,
              31.6260232
            ],
            [
              -7.9890718,
              31.6265422
            ],
            [
              -7.9891377,
              31.6269598
            ],
            [
              -7.9892425,
              31.6266296
            ],
            [
              -7.9896587,
              31.6267665
            ],
            [
              -7.9898849,
              31.6266805
            ],
            [
              -7.990279,
              31.626548
            ],
            [
              -7.9902073,
              31.6263734
            ],
            [
              -7.9900556,
              31.6264105
            ],
            [
              -7.990063,
              31.6264455
            ],
            [
              -7.9899631,
              31.6264722
            ],
            [
              -7.9898983,
              31.6262955
            ],
            [
              -7.9898426,
              31.6263031
            ],
            [
              -7.9897387,
              31.6260286
            ],
            [
              -7.9901914,
              31.6258693
            ],
            [
              -7.9901216,
              31.6257919
            ],
            [
              -7.9900913,
              31.6257112
            ],
            [
              -7.9901353,
              31.6256968
            ],
            [
              -7.9901193,
              31.6256213
            ],
            [
              -7.9900548,
              31.6256391
            ],
            [
              -7.9900269,
              31.6255602
            ],
            [
              -7.9901158,
              31.6255219
            ],
            [
              -7.9901127,
              31.6254757
            ],
            [
              -7.990314,
              31.6254183
            ],
            [
              -7.9903039,
              31.6253947
            ],
            [
              -7.9904254,
              31.6253626
            ],
            [
              -7.9903724,
              31.625223
            ],
            [
              -7.9915531,
              31.6248081
            ],
            [
              -7.9916178,
              31.6247688
            ],
            [
              -7.9916017,
              31.6247427
            ],
            [
              -7.9915022,
              31.6245808
            ],
            [
              -7.991118,
              31.6246919
            ],
            [
              -7.9907406,
              31.624801
            ],
            [
              -7.9901338,
              31.6249764
            ],
            [
              -7.9900248,
              31.624972
            ],
            [
              -7.9899846,
              31.6249383
            ],
            [
              -7.9898541,
              31.6249908
            ],
            [
              -7.9897102,
              31.6250486
            ],
            [
              -7.9894005,
              31.6249882
            ],
            [
              -7.9892731,
              31.6251876
            ],
            [
              -7.9891848,
              31.6251736
            ],
            [
              -7.9890171,
              31.625126
            ],
            [
              -7.9888999,
              31.6251031
            ],
            [
              -7.988835,
              31.6250942
            ]
          ]
        ]
      },
      "id": "way/1132585098"
    },
    {
      "type": "Feature",
      "properties": {
        "@id": "way/1151970759",
        "area": "yes",
        "name": "roches colorées",
        "tourism": "attraction"
      },
      "geometry": {
        "type": "Polygon",
        "coordinates": [
          [
            [
              -8.9765292,
              29.6714024
            ],
            [
              -8.9765984,
              29.6675117
            ],
            [
              -8.9774655,
              29.6641966
            ],
            [
              -8.9759778,
              29.6642442
            ],
            [
              -8.9704072,
              29.6731102
            ],
            [
              -8.9715235,
              29.6737772
            ],
            [
              -8.9765292,
              29.6714024
            ]
          ]
        ]
      },
      "id": "way/1151970759"
    },
    {
      "type": "Feature",
      "properties": {
        "@id": "way/1217080027",
        "natural": "sand",
        "surface": "sand",
        "tourism": "attraction"
      },
      "geometry": {
        "type": "Polygon",
        "coordinates": [
          [
            [
              -1.7126598,
              32.7962339
            ],
            [
              -1.7136684,
              32.7961708
            ],
            [
              -1.714237,
              32.7960626
            ],
            [
              -1.7148056,
              32.7957018
            ],
            [
              -1.7151811,
              32.7950976
            ],
            [
              -1.7151167,
              32.7945204
            ],
            [
              -1.7144623,
              32.7945023
            ],
            [
              -1.71384,
              32.7944933
            ],
            [
              -1.7132607,
              32.7947548
            ],
            [
              -1.7128637,
              32.795305
            ],
            [
              -1.7127349,
              32.795792
            ],
            [
              -1.7126598,
              32.7962339
            ]
          ]
        ]
      },
      "id": "way/1217080027"
    },
    {
      "type": "Feature",
      "properties": {
        "@id": "way/1217080028",
        "natural": "sand",
        "surface": "sand",
        "tourism": "attraction"
      },
      "geometry": {
        "type": "Polygon",
        "coordinates": [
          [
            [
              -1.7224295,
              32.7935017
            ],
            [
              -1.725661,
              32.7931168
            ],
            [
              -1.7282481,
              32.7928301
            ],
            [
              -1.7303449,
              32.791933
            ],
            [
              -1.7330395,
              32.7919781
            ],
            [
              -1.7333642,
              32.7917332
            ],
            [
              -1.7339491,
              32.7913177
            ],
            [
              -1.734756,
              32.7910654
            ],
            [
              -1.7348061,
              32.7901372
            ],
            [
              -1.7350963,
              32.7893283
            ],
            [
              -1.7354028,
              32.7885331
            ],
            [
              -1.7350821,
              32.786599
            ],
            [
              -1.7335115,
              32.7857644
            ],
            [
              -1.7320724,
              32.787263
            ],
            [
              -1.7313716,
              32.7887347
            ],
            [
              -1.730185,
              32.7885889
            ],
            [
              -1.7296431,
              32.7877146
            ],
            [
              -1.7283728,
              32.7877198
            ],
            [
              -1.7260448,
              32.7886151
            ],
            [
              -1.7242211,
              32.7905313
            ],
            [
              -1.7228025,
              32.7919604
            ],
            [
              -1.7211223,
              32.7930597
            ],
            [
              -1.7224295,
              32.7935017
            ]
          ]
        ]
      },
      "id": "way/1217080028"
    },
    {
      "type": "Feature",
      "properties": {
        "@id": "way/1217125462",
        "natural": "sand",
        "surface": "sand",
        "tourism": "attraction"
      },
      "geometry": {
        "type": "Polygon",
        "coordinates": [
          [
            [
              -1.7356353,
              32.7912902
            ],
            [
              -1.7355377,
              32.7923975
            ],
            [
              -1.7366761,
              32.7927802
            ],
            [
              -1.7380421,
              32.7930126
            ],
            [
              -1.7394894,
              32.7926435
            ],
            [
              -1.7402862,
              32.7921651
            ],
            [
              -1.7397984,
              32.7902649
            ],
            [
              -1.7411969,
              32.7893763
            ],
            [
              -1.7423677,
              32.7881322
            ],
            [
              -1.7438313,
              32.7875033
            ],
            [
              -1.7449696,
              32.7872846
            ],
            [
              -1.7452667,
              32.7884877
            ],
            [
              -1.7455106,
              32.7892669
            ],
            [
              -1.746779,
              32.7899778
            ],
            [
              -1.7489581,
              32.7899778
            ],
            [
              -1.7512637,
              32.7890755
            ],
            [
              -1.7514263,
              32.7883099
            ],
            [
              -1.750353,
              32.7878998
            ],
            [
              -1.7506783,
              32.7871342
            ],
            [
              -1.7503368,
              32.786437
            ],
            [
              -1.749914,
              32.7858901
            ],
            [
              -1.7497188,
              32.7851792
            ],
            [
              -1.7487268,
              32.7850699
            ],
            [
              -1.7486943,
              32.7838531
            ],
            [
              -1.7471494,
              32.7836207
            ],
            [
              -1.7459948,
              32.7839488
            ],
            [
              -1.7444012,
              32.7842769
            ],
            [
              -1.7429701,
              32.7834429
            ],
            [
              -1.7413439,
              32.7839078
            ],
            [
              -1.7398479,
              32.7843316
            ],
            [
              -1.7379452,
              32.7862456
            ],
            [
              -1.7368719,
              32.7867241
            ],
            [
              -1.7358312,
              32.7869702
            ],
            [
              -1.7359287,
              32.7882963
            ],
            [
              -1.7363353,
              32.7891029
            ],
            [
              -1.7353758,
              32.7897317
            ],
            [
              -1.7352783,
              32.7904563
            ],
            [
              -1.7356353,
              32.7912902
            ]
          ]
        ]
      },
      "id": "way/1217125462"
    },
    {
      "type": "Feature",
      "properties": {
        "@id": "way/1217125463",
        "natural": "sand",
        "surface": "sand",
        "tourism": "attraction"
      },
      "geometry": {
        "type": "Polygon",
        "coordinates": [
          [
            [
              -1.7514344,
              32.7831314
            ],
            [
              -1.7500825,
              32.7840695
            ],
            [
              -1.7505332,
              32.7853684
            ],
            [
              -1.7512198,
              32.7859817
            ],
            [
              -1.7519279,
              32.7857833
            ],
            [
              -1.7514558,
              32.7871723
            ],
            [
              -1.752872,
              32.787515
            ],
            [
              -1.7545457,
              32.7880743
            ],
            [
              -1.7555757,
              32.7890484
            ],
            [
              -1.7558332,
              32.7901126
            ],
            [
              -1.7569919,
              32.7904734
            ],
            [
              -1.7574425,
              32.7903111
            ],
            [
              -1.7587085,
              32.790762
            ],
            [
              -1.7601891,
              32.7909605
            ],
            [
              -1.7612835,
              32.791682
            ],
            [
              -1.7615195,
              32.7923855
            ],
            [
              -1.7640515,
              32.791682
            ],
            [
              -1.7649098,
              32.7906718
            ],
            [
              -1.7655535,
              32.7898421
            ],
            [
              -1.765575,
              32.7887958
            ],
            [
              -1.7657252,
              32.7878758
            ],
            [
              -1.7651244,
              32.7862523
            ],
            [
              -1.7646952,
              32.7845746
            ],
            [
              -1.7659612,
              32.7837809
            ],
            [
              -1.7676349,
              32.7831855
            ],
            [
              -1.7695017,
              32.7819408
            ],
            [
              -1.7701455,
              32.7807321
            ],
            [
              -1.7684289,
              32.7796496
            ],
            [
              -1.7659183,
              32.7794151
            ],
            [
              -1.7634507,
              32.7796496
            ],
            [
              -1.7605753,
              32.7793069
            ],
            [
              -1.7594381,
              32.7795594
            ],
            [
              -1.7583438,
              32.7800285
            ],
            [
              -1.757228,
              32.7799744
            ],
            [
              -1.7566057,
              32.7802811
            ],
            [
              -1.756198,
              32.7808042
            ],
            [
              -1.7555972,
              32.7808764
            ],
            [
              -1.7543955,
              32.7809305
            ],
            [
              -1.7534729,
              32.7810388
            ],
            [
              -1.752636,
              32.7818686
            ],
            [
              -1.7517562,
              32.7826804
            ],
            [
              -1.7514344,
              32.7831314
            ]
          ]
        ]
      },
      "id": "way/1217125463"
    },
    {
      "type": "Feature",
      "properties": {
        "@id": "way/1217125464",
        "natural": "sand",
        "surface": "sand",
        "tourism": "attraction"
      },
      "geometry": {
        "type": "Polygon",
        "coordinates": [
          [
            [
              -1.6785843,
              32.8252292
            ],
            [
              -1.678949,
              32.8241112
            ],
            [
              -1.6800434,
              32.8231555
            ],
            [
              -1.6798503,
              32.8218933
            ],
            [
              -1.6805369,
              32.8206491
            ],
            [
              -1.6822106,
              32.820631
            ],
            [
              -1.6831118,
              32.8195851
            ],
            [
              -1.6825754,
              32.818413
            ],
            [
              -1.6801936,
              32.818413
            ],
            [
              -1.6778547,
              32.8186294
            ],
            [
              -1.6784555,
              32.8198196
            ],
            [
              -1.6777689,
              32.8213703
            ],
            [
              -1.6772753,
              32.8226687
            ],
            [
              -1.6765029,
              32.8241112
            ],
            [
              -1.6771895,
              32.8249587
            ],
            [
              -1.6785843,
              32.8252292
            ]
          ]
        ]
      },
      "id": "way/1217125464"
    },
    {
      "type": "Feature",
      "properties": {
        "@id": "way/1217125465",
        "natural": "sand",
        "surface": "sand",
        "tourism": "attraction"
      },
      "geometry": {
        "type": "Polygon",
        "coordinates": [
          [
            [
              -1.7403617,
              32.8313457
            ],
            [
              -1.7422286,
              32.8310482
            ],
            [
              -1.741853,
              32.829714
            ],
            [
              -1.7421641,
              32.8288665
            ],
            [
              -1.7425825,
              32.8282986
            ],
            [
              -1.7427971,
              32.8275413
            ],
            [
              -1.7418423,
              32.8275683
            ],
            [
              -1.7407051,
              32.827992
            ],
            [
              -1.7399004,
              32.8284879
            ],
            [
              -1.7396857,
              32.8294255
            ],
            [
              -1.7396696,
              32.8305028
            ],
            [
              -1.7403617,
              32.8313457
            ]
          ]
        ]
      },
      "id": "way/1217125465"
    },
    {
      "type": "Feature",
      "properties": {
        "@id": "way/1217125466",
        "natural": "sand",
        "surface": "sand",
        "tourism": "attraction"
      },
      "geometry": {
        "type": "Polygon",
        "coordinates": [
          [
            [
              -1.7419917,
              32.8269962
            ],
            [
              -1.7429144,
              32.8271225
            ],
            [
              -1.7437512,
              32.8269241
            ],
            [
              -1.7430431,
              32.8263471
            ],
            [
              -1.7436654,
              32.825734
            ],
            [
              -1.7446095,
              32.8255177
            ],
            [
              -1.7453176,
              32.8249226
            ],
            [
              -1.7462403,
              32.8243276
            ],
            [
              -1.7469269,
              32.8243637
            ],
            [
              -1.7467982,
              32.8234621
            ],
            [
              -1.7469699,
              32.8227949
            ],
            [
              -1.7459613,
              32.8224523
            ],
            [
              -1.7445237,
              32.8230293
            ],
            [
              -1.7431289,
              32.8237145
            ],
            [
              -1.74285,
              32.8243997
            ],
            [
              -1.7418415,
              32.8248505
            ],
            [
              -1.7416913,
              32.8256078
            ],
            [
              -1.7403609,
              32.82568
            ],
            [
              -1.7394597,
              32.8260947
            ],
            [
              -1.739524,
              32.8266536
            ],
            [
              -1.7404682,
              32.8271044
            ],
            [
              -1.7419917,
              32.8269962
            ]
          ]
        ]
      },
      "id": "way/1217125466"
    },
    {
      "type": "Feature",
      "properties": {
        "@id": "way/1217125467",
        "natural": "sand",
        "surface": "sand",
        "tourism": "attraction"
      },
      "geometry": {
        "type": "Polygon",
        "coordinates": [
          [
            [
              -1.7302671,
              32.8469391
            ],
            [
              -1.731812,
              32.846867
            ],
            [
              -1.7322841,
              32.8461099
            ],
            [
              -1.7314902,
              32.8454969
            ],
            [
              -1.7302671,
              32.8452806
            ],
            [
              -1.7294517,
              32.8458394
            ],
            [
              -1.7292586,
              32.8463983
            ],
            [
              -1.7302671,
              32.8469391
            ]
          ]
        ]
      },
      "id": "way/1217125467"
    },
    {
      "type": "Feature",
      "properties": {
        "@id": "way/1217125468",
        "natural": "sand",
        "surface": "sand",
        "tourism": "attraction"
      },
      "geometry": {
        "type": "Polygon",
        "coordinates": [
          [
            [
              -1.7811432,
              32.8292888
            ],
            [
              -1.7830959,
              32.8288922
            ],
            [
              -1.7843619,
              32.8285316
            ],
            [
              -1.786336,
              32.8286217
            ],
            [
              -1.7861858,
              32.8275398
            ],
            [
              -1.7850056,
              32.827648
            ],
            [
              -1.7851129,
              32.8265121
            ],
            [
              -1.7859712,
              32.8252679
            ],
            [
              -1.7851558,
              32.8244204
            ],
            [
              -1.7831173,
              32.82415
            ],
            [
              -1.7815938,
              32.8249614
            ],
            [
              -1.7822161,
              32.8262236
            ],
            [
              -1.7813793,
              32.8269629
            ],
            [
              -1.780757,
              32.8278103
            ],
            [
              -1.7811432,
              32.8292888
            ]
          ]
        ]
      },
      "id": "way/1217125468"
    },
    {
      "type": "Feature",
      "properties": {
        "@id": "way/1217125469",
        "natural": "sand",
        "surface": "sand",
        "tourism": "attraction"
      },
      "geometry": {
        "type": "Polygon",
        "coordinates": [
          [
            [
              -1.7836967,
              32.8222386
            ],
            [
              -1.7842546,
              32.8229058
            ],
            [
              -1.7857781,
              32.8226172
            ],
            [
              -1.7876234,
              32.8219861
            ],
            [
              -1.786851,
              32.8210484
            ],
            [
              -1.7865506,
              32.8200747
            ],
            [
              -1.7859712,
              32.8194436
            ],
            [
              -1.7859497,
              32.8187583
            ],
            [
              -1.786336,
              32.818037
            ],
            [
              -1.7849198,
              32.8181632
            ],
            [
              -1.7836752,
              32.8191009
            ],
            [
              -1.7828384,
              32.8206337
            ],
            [
              -1.7823019,
              32.8220763
            ],
            [
              -1.7836967,
              32.8222386
            ]
          ]
        ]
      },
      "id": "way/1217125469"
    },
    {
      "type": "Feature",
      "properties": {
        "@id": "way/1217125470",
        "natural": "sand",
        "surface": "sand",
        "tourism": "attraction"
      },
      "geometry": {
        "type": "Polygon",
        "coordinates": [
          [
            [
              -1.7996183,
              32.824204
            ],
            [
              -1.8000689,
              32.8233385
            ],
            [
              -1.8001547,
              32.8214993
            ],
            [
              -1.7990389,
              32.821355
            ],
            [
              -1.798245,
              32.8216615
            ],
            [
              -1.7979231,
              32.8222566
            ],
            [
              -1.7974511,
              32.8229959
            ],
            [
              -1.7968717,
              32.8237533
            ],
            [
              -1.7954555,
              32.8240057
            ],
            [
              -1.794447,
              32.8245467
            ],
            [
              -1.7938247,
              32.8258269
            ],
            [
              -1.7940178,
              32.8270169
            ],
            [
              -1.7946616,
              32.8276661
            ],
            [
              -1.7965498,
              32.8275939
            ],
            [
              -1.7970219,
              32.8268186
            ],
            [
              -1.7978158,
              32.8267104
            ],
            [
              -1.7988673,
              32.8267825
            ],
            [
              -1.7986741,
              32.8258629
            ],
            [
              -1.7994681,
              32.8256646
            ],
            [
              -1.7989102,
              32.8250696
            ],
            [
              -1.7995968,
              32.8247991
            ],
            [
              -1.7996183,
              32.824204
            ]
          ]
        ]
      },
      "id": "way/1217125470"
    },
    {
      "type": "Feature",
      "properties": {
        "@id": "way/1217125471",
        "natural": "sand",
        "surface": "sand",
        "tourism": "attraction"
      },
      "geometry": {
        "type": "Polygon",
        "coordinates": [
          [
            [
              -1.7845335,
              32.8122122
            ],
            [
              -1.7860356,
              32.8118154
            ],
            [
              -1.7867222,
              32.8103546
            ],
            [
              -1.787087,
              32.8096693
            ],
            [
              -1.7883745,
              32.8099579
            ],
            [
              -1.7883745,
              32.8091102
            ],
            [
              -1.7867866,
              32.8088217
            ],
            [
              -1.7858425,
              32.8089299
            ],
            [
              -1.7856493,
              32.8080101
            ],
            [
              -1.7864647,
              32.8068919
            ],
            [
              -1.7857995,
              32.8063689
            ],
            [
              -1.7846408,
              32.8064952
            ],
            [
              -1.7833105,
              32.8072887
            ],
            [
              -1.7826667,
              32.8081183
            ],
            [
              -1.783053,
              32.8091463
            ],
            [
              -1.7829886,
              32.8103907
            ],
            [
              -1.7835894,
              32.8112924
            ],
            [
              -1.7837825,
              32.8119777
            ],
            [
              -1.7845335,
              32.8122122
            ]
          ]
        ]
      },
      "id": "way/1217125471"
    },
    {
      "type": "Feature",
      "properties": {
        "@id": "way/1217125472",
        "natural": "sand",
        "surface": "sand",
        "tourism": "attraction"
      },
      "geometry": {
        "type": "Polygon",
        "coordinates": [
          [
            [
              -1.7884174,
              32.8076675
            ],
            [
              -1.7887392,
              32.8083888
            ],
            [
              -1.7902627,
              32.8083708
            ],
            [
              -1.7917648,
              32.8078478
            ],
            [
              -1.7907992,
              32.8070723
            ],
            [
              -1.7909494,
              32.8061705
            ],
            [
              -1.7906275,
              32.805395
            ],
            [
              -1.7917004,
              32.804908
            ],
            [
              -1.7905202,
              32.8045113
            ],
            [
              -1.7902842,
              32.8035373
            ],
            [
              -1.7903057,
              32.802383
            ],
            [
              -1.7896619,
              32.8017698
            ],
            [
              -1.7877736,
              32.802383
            ],
            [
              -1.786057,
              32.8033209
            ],
            [
              -1.785821,
              32.8042047
            ],
            [
              -1.7853275,
              32.8050343
            ],
            [
              -1.7850485,
              32.8057016
            ],
            [
              -1.7864862,
              32.8058098
            ],
            [
              -1.7869368,
              32.8063509
            ],
            [
              -1.7871085,
              32.8068739
            ],
            [
              -1.7872372,
              32.8075232
            ],
            [
              -1.7884174,
              32.8076675
            ]
          ]
        ]
      },
      "id": "way/1217125472"
    },
    {
      "type": "Feature",
      "properties": {
        "@id": "way/1217125473",
        "natural": "sand",
        "surface": "sand",
        "tourism": "attraction"
      },
      "geometry": {
        "type": "Polygon",
        "coordinates": [
          [
            [
              -1.7895761,
              32.799912
            ],
            [
              -1.7903271,
              32.7991004
            ],
            [
              -1.7903486,
              32.7966654
            ],
            [
              -1.789898,
              32.7951863
            ],
            [
              -1.7889753,
              32.7939778
            ],
            [
              -1.7879024,
              32.7932563
            ],
            [
              -1.7875162,
              32.7927151
            ],
            [
              -1.7882457,
              32.7920297
            ],
            [
              -1.7884174,
              32.7910376
            ],
            [
              -1.7875162,
              32.790767
            ],
            [
              -1.7865935,
              32.7911458
            ],
            [
              -1.7852846,
              32.7908572
            ],
            [
              -1.7850271,
              32.7898651
            ],
            [
              -1.7838254,
              32.7902078
            ],
            [
              -1.7824521,
              32.7910376
            ],
            [
              -1.7813793,
              32.792643
            ],
            [
              -1.7811003,
              32.793581
            ],
            [
              -1.7821303,
              32.7943927
            ],
            [
              -1.7811647,
              32.7958537
            ],
            [
              -1.7820874,
              32.7963407
            ],
            [
              -1.7818084,
              32.7973688
            ],
            [
              -1.7823663,
              32.798433
            ],
            [
              -1.7820445,
              32.8000744
            ],
            [
              -1.7831602,
              32.800886
            ],
            [
              -1.7845979,
              32.8009582
            ],
            [
              -1.7846837,
              32.8001826
            ],
            [
              -1.7848554,
              32.7995513
            ],
            [
              -1.7855206,
              32.7989561
            ],
            [
              -1.7857566,
              32.7980001
            ],
            [
              -1.7858639,
              32.7970261
            ],
            [
              -1.785821,
              32.7959619
            ],
            [
              -1.7856493,
              32.7951683
            ],
            [
              -1.784555,
              32.7941221
            ],
            [
              -1.7849842,
              32.7935629
            ],
            [
              -1.7857566,
              32.7933284
            ],
            [
              -1.7859927,
              32.7937974
            ],
            [
              -1.7861,
              32.7952945
            ],
            [
              -1.7861,
              32.79598
            ],
            [
              -1.7862716,
              32.7973508
            ],
            [
              -1.7861,
              32.7985412
            ],
            [
              -1.7858425,
              32.7995874
            ],
            [
              -1.7870655,
              32.8005794
            ],
            [
              -1.7878809,
              32.8003269
            ],
            [
              -1.7895761,
              32.799912
            ]
          ]
        ]
      },
      "id": "way/1217125473"
    },
    {
      "type": "Feature",
      "properties": {
        "@id": "way/1217125474",
        "natural": "sand",
        "surface": "sand",
        "tourism": "attraction"
      },
      "geometry": {
        "type": "Polygon",
        "coordinates": [
          [
            [
              -1.7918506,
              32.795998
            ],
            [
              -1.7927518,
              32.7962505
            ],
            [
              -1.7932239,
              32.7952585
            ],
            [
              -1.7927089,
              32.7945911
            ],
            [
              -1.793181,
              32.7938335
            ],
            [
              -1.7940822,
              32.7936531
            ],
            [
              -1.7948976,
              32.7928053
            ],
            [
              -1.795477,
              32.7915246
            ],
            [
              -1.7954126,
              32.7905686
            ],
            [
              -1.7946616,
              32.7901176
            ],
            [
              -1.7931381,
              32.7895945
            ],
            [
              -1.7918506,
              32.7899012
            ],
            [
              -1.7910996,
              32.7906949
            ],
            [
              -1.7902413,
              32.7915427
            ],
            [
              -1.7897907,
              32.7925167
            ],
            [
              -1.7903057,
              32.7930759
            ],
            [
              -1.7902842,
              32.7937794
            ],
            [
              -1.7903915,
              32.7943205
            ],
            [
              -1.7906275,
              32.7947895
            ],
            [
              -1.7906061,
              32.7952044
            ],
            [
              -1.7918506,
              32.795998
            ]
          ]
        ]
      },
      "id": "way/1217125474"
    },
    {
      "type": "Feature",
      "properties": {
        "@id": "way/1217125475",
        "natural": "sand",
        "surface": "sand",
        "tourism": "attraction"
      },
      "geometry": {
        "type": "Polygon",
        "coordinates": [
          [
            [
              -1.7905417,
              32.7886024
            ],
            [
              -1.791164,
              32.7891255
            ],
            [
              -1.7925158,
              32.7890533
            ],
            [
              -1.7930952,
              32.7881153
            ],
            [
              -1.793417,
              32.7873036
            ],
            [
              -1.7930737,
              32.7869969
            ],
            [
              -1.7932239,
              32.7863294
            ],
            [
              -1.7930093,
              32.7855357
            ],
            [
              -1.7925587,
              32.7848863
            ],
            [
              -1.7919579,
              32.7854816
            ],
            [
              -1.7907992,
              32.785662
            ],
            [
              -1.7900911,
              32.7865279
            ],
            [
              -1.7901769,
              32.787033
            ],
            [
              -1.7898765,
              32.7873757
            ],
            [
              -1.7896619,
              32.7880612
            ],
            [
              -1.7905417,
              32.7886024
            ]
          ]
        ]
      },
      "id": "way/1217125475"
    },
    {
      "type": "Feature",
      "properties": {
        "@id": "way/1217125476",
        "natural": "sand",
        "surface": "sand",
        "tourism": "attraction"
      },
      "geometry": {
        "type": "Polygon",
        "coordinates": [
          [
            [
              -1.7755428,
              32.7888369
            ],
            [
              -1.7768088,
              32.788891
            ],
            [
              -1.777474,
              32.7883679
            ],
            [
              -1.7780962,
              32.7882055
            ],
            [
              -1.7791047,
              32.7883137
            ],
            [
              -1.7802205,
              32.7879169
            ],
            [
              -1.7808857,
              32.7874298
            ],
            [
              -1.7802849,
              32.7866541
            ],
            [
              -1.779727,
              32.7858784
            ],
            [
              -1.7786541,
              32.785698
            ],
            [
              -1.7786112,
              32.7846157
            ],
            [
              -1.7774954,
              32.7844533
            ],
            [
              -1.7767873,
              32.7848141
            ],
            [
              -1.7761436,
              32.7852831
            ],
            [
              -1.7753067,
              32.7857522
            ],
            [
              -1.773912,
              32.7860228
            ],
            [
              -1.7729893,
              32.7864918
            ],
            [
              -1.772882,
              32.7869608
            ],
            [
              -1.7731395,
              32.7876824
            ],
            [
              -1.7735043,
              32.7888369
            ],
            [
              -1.7755428,
              32.7888369
            ]
          ]
        ]
      },
      "id": "way/1217125476"
    },
    {
      "type": "Feature",
      "properties": {
        "@id": "way/1218229131",
        "landform": "dune_system",
        "name": "Dunes",
        "natural": "sand",
        "tourism": "attraction"
      },
      "geometry": {
        "type": "Polygon",
        "coordinates": [
          [
            [
              -4.5447705,
              31.6283143
            ],
            [
              -4.5449117,
              31.6284307
            ],
            [
              -4.5450395,
              31.6285487
            ],
            [
              -4.5452816,
              31.6287864
            ],
            [
              -4.5454217,
              31.628912
            ],
            [
              -4.5455999,
              31.6290514
            ],
            [
              -4.5457568,
              31.6291579
            ],
            [
              -4.5460494,
              31.6293383
            ],
            [
              -4.5461887,
              31.6293726
            ],
            [
              -4.5463142,
              31.6292953
            ],
            [
              -4.5463841,
              31.6291321
            ],
            [
              -4.5464681,
              31.6287199
            ],
            [
              -4.5465126,
              31.6284867
            ],
            [
              -4.5465619,
              31.6281994
            ],
            [
              -4.5465996,
              31.6279538
            ],
            [
              -4.5466635,
              31.6275044
            ],
            [
              -4.546634,
              31.6272855
            ],
            [
              -4.5464816,
              31.6270784
            ],
            [
              -4.546257,
              31.6269521
            ],
            [
              -4.5451781,
              31.6265972
            ],
            [
              -4.5446248,
              31.6264168
            ],
            [
              -4.544451,
              31.626391
            ],
            [
              -4.5442728,
              31.6264253
            ],
            [
              -4.5441496,
              31.6265084
            ],
            [
              -4.5438608,
              31.6268287
            ],
            [
              -4.543692,
              31.6269954
            ],
            [
              -4.5435212,
              31.627136
            ],
            [
              -4.5434394,
              31.6271914
            ],
            [
              -4.5432283,
              31.6273091
            ],
            [
              -4.5431718,
              31.6273507
            ],
            [
              -4.5431405,
              31.6274013
            ],
            [
              -4.5431446,
              31.6274439
            ],
            [
              -4.5431883,
              31.6275213
            ],
            [
              -4.5432223,
              31.627561
            ],
            [
              -4.5432806,
              31.627603
            ],
            [
              -4.5434749,
              31.6276819
            ],
            [
              -4.5435544,
              31.6277036
            ],
            [
              -4.543662,
              31.6277198
            ],
            [
              -4.5437618,
              31.6277252
            ],
            [
              -4.5439534,
              31.6277252
            ],
            [
              -4.5440465,
              31.6277373
            ],
            [
              -4.5441339,
              31.6277736
            ],
            [
              -4.5441866,
              31.6278219
            ],
            [
              -4.5442571,
              31.6279307
            ],
            [
              -4.5443087,
              31.6279915
            ],
            [
              -4.5443928,
              31.6280649
            ],
            [
              -4.5444813,
              31.6281266
            ],
            [
              -4.5446629,
              31.6282383
            ],
            [
              -4.5447705,
              31.6283143
            ]
          ]
        ]
      },
      "id": "way/1218229131"
    },
    {
      "type": "Feature",
      "properties": {
        "@id": "way/1218229132",
        "landform": "dune_system",
        "name": "Dunes",
        "natural": "sand",
        "tourism": "attraction"
      },
      "geometry": {
        "type": "Polygon",
        "coordinates": [
          [
            [
              -4.5388403,
              31.6194238
            ],
            [
              -4.5389135,
              31.6194223
            ],
            [
              -4.539136,
              31.6193801
            ],
            [
              -4.5392397,
              31.6193653
            ],
            [
              -4.5395008,
              31.6193385
            ],
            [
              -4.5395839,
              31.6193456
            ],
            [
              -4.539663,
              31.6193835
            ],
            [
              -4.539712,
              31.6194394
            ],
            [
              -4.539819,
              31.6196407
            ],
            [
              -4.5398699,
              31.6197251
            ],
            [
              -4.5400001,
              31.6199177
            ],
            [
              -4.5400402,
              31.619963
            ],
            [
              -4.5400756,
              31.6199756
            ],
            [
              -4.5400945,
              31.6199513
            ],
            [
              -4.5401157,
              31.6198658
            ],
            [
              -4.5401211,
              31.619716
            ],
            [
              -4.5400872,
              31.6194357
            ],
            [
              -4.5400906,
              31.6193553
            ],
            [
              -4.5401261,
              31.6193015
            ],
            [
              -4.5401816,
              31.6192924
            ],
            [
              -4.540313,
              31.6193187
            ],
            [
              -4.5403943,
              31.6193247
            ],
            [
              -4.5405069,
              31.6193165
            ],
            [
              -4.5406134,
              31.6192968
            ],
            [
              -4.5409316,
              31.6192208
            ],
            [
              -4.5410597,
              31.6191967
            ],
            [
              -4.5413393,
              31.6191601
            ],
            [
              -4.5414294,
              31.6191186
            ],
            [
              -4.5415221,
              31.6190156
            ],
            [
              -4.5415865,
              31.6188853
            ],
            [
              -4.5416869,
              31.6185975
            ],
            [
              -4.541715,
              31.6184683
            ],
            [
              -4.5416989,
              31.6183686
            ],
            [
              -4.541644,
              31.6183315
            ],
            [
              -4.5413144,
              31.6183095
            ],
            [
              -4.5410859,
              31.6183035
            ],
            [
              -4.541003,
              31.618309
            ],
            [
              -4.5409013,
              31.6183287
            ],
            [
              -4.5408146,
              31.6183562
            ],
            [
              -4.5406563,
              31.6184186
            ],
            [
              -4.5405681,
              31.6184462
            ],
            [
              -4.5404619,
              31.6184665
            ],
            [
              -4.540373,
              31.6184727
            ],
            [
              -4.5401141,
              31.6184733
            ],
            [
              -4.5399782,
              31.6184815
            ],
            [
              -4.5396033,
              31.6185193
            ],
            [
              -4.5394752,
              31.6185369
            ],
            [
              -4.5393381,
              31.6185632
            ],
            [
              -4.5392377,
              31.6185895
            ],
            [
              -4.5390736,
              31.6186421
            ],
            [
              -4.5389845,
              31.6186849
            ],
            [
              -4.5388816,
              31.6187605
            ],
            [
              -4.5387989,
              31.6188438
            ],
            [
              -4.5386541,
              31.6190182
            ],
            [
              -4.5386002,
              31.6191066
            ],
            [
              -4.5385835,
              31.6191976
            ],
            [
              -4.5386094,
              31.6192608
            ],
            [
              -4.5387041,
              31.6193595
            ],
            [
              -4.5387618,
              31.6194002
            ],
            [
              -4.5388403,
              31.6194238
            ]
          ]
        ]
      },
      "id": "way/1218229132"
    },
    {
      "type": "Feature",
      "properties": {
        "@id": "way/1218229141",
        "landform": "dune_system",
        "name": "Dunes",
        "natural": "sand",
        "tourism": "attraction"
      },
      "geometry": {
        "type": "Polygon",
        "coordinates": [
          [
            [
              -4.4817969,
              31.5978611
            ],
            [
              -4.4819875,
              31.5979614
            ],
            [
              -4.4822919,
              31.5981509
            ],
            [
              -4.4824545,
              31.5982395
            ],
            [
              -4.482638,
              31.598316
            ],
            [
              -4.4827811,
              31.5983548
            ],
            [
              -4.4830269,
              31.5983946
            ],
            [
              -4.4831518,
              31.5983924
            ],
            [
              -4.4832806,
              31.5983459
            ],
            [
              -4.4833704,
              31.5982705
            ],
            [
              -4.4835109,
              31.5980911
            ],
            [
              -4.4835916,
              31.5980129
            ],
            [
              -4.483693,
              31.5979581
            ],
            [
              -4.4837815,
              31.5979448
            ],
            [
              -4.4839454,
              31.5979597
            ],
            [
              -4.4840274,
              31.5979824
            ],
            [
              -4.4841093,
              31.5980356
            ],
            [
              -4.484164,
              31.5981015
            ],
            [
              -4.4842459,
              31.5982462
            ],
            [
              -4.4843084,
              31.5983138
            ],
            [
              -4.4844138,
              31.5983719
            ],
            [
              -4.484527,
              31.5984013
            ],
            [
              -4.4847611,
              31.5984312
            ],
            [
              -4.4848587,
              31.5984024
            ],
            [
              -4.4849172,
              31.598286
            ],
            [
              -4.4849172,
              31.5981209
            ],
            [
              -4.4848587,
              31.597742
            ],
            [
              -4.48486,
              31.5975636
            ],
            [
              -4.4849224,
              31.5974073
            ],
            [
              -4.4850252,
              31.5973253
            ],
            [
              -4.485271,
              31.5972356
            ],
            [
              -4.4854194,
              31.5972051
            ],
            [
              -4.4856184,
              31.5972035
            ],
            [
              -4.4858019,
              31.5972312
            ],
            [
              -4.4861531,
              31.5973159
            ],
            [
              -4.4863379,
              31.5973364
            ],
            [
              -4.4865408,
              31.5973132
            ],
            [
              -4.4866944,
              31.5972539
            ],
            [
              -4.4869519,
              31.5970993
            ],
            [
              -4.487097,
              31.5970555
            ],
            [
              -4.4872746,
              31.5970788
            ],
            [
              -4.4874255,
              31.5971614
            ],
            [
              -4.4877006,
              31.5973857
            ],
            [
              -4.4878262,
              31.5974572
            ],
            [
              -4.4879276,
              31.5974472
            ],
            [
              -4.4879712,
              31.5973592
            ],
            [
              -4.4880005,
              31.5971048
            ],
            [
              -4.4880369,
              31.5969902
            ],
            [
              -4.4881169,
              31.5969004
            ],
            [
              -4.4882138,
              31.5968655
            ],
            [
              -4.4884246,
              31.5968505
            ],
            [
              -4.4885475,
              31.5968765
            ],
            [
              -4.4887056,
              31.5969696
            ],
            [
              -4.4888461,
              31.5970987
            ],
            [
              -4.4891095,
              31.597393
            ],
            [
              -4.4892461,
              31.5975259
            ],
            [
              -4.4893925,
              31.5976307
            ],
            [
              -4.4894998,
              31.5976722
            ],
            [
              -4.4896755,
              31.5976922
            ],
            [
              -4.4897522,
              31.5976683
            ],
            [
              -4.4898069,
              31.5975769
            ],
            [
              -4.4898212,
              31.5974484
            ],
            [
              -4.4898094,
              31.5971542
            ],
            [
              -4.4898315,
              31.5970295
            ],
            [
              -4.4899096,
              31.5969498
            ],
            [
              -4.4900176,
              31.5969414
            ],
            [
              -4.4902634,
              31.5969963
            ],
            [
              -4.4903883,
              31.597045
            ],
            [
              -4.4905171,
              31.5971364
            ],
            [
              -4.4906069,
              31.59724
            ],
            [
              -4.4907474,
              31.5974595
            ],
            [
              -4.4908313,
              31.597532
            ],
            [
              -4.4909426,
              31.5975304
            ],
            [
              -4.491044,
              31.597455
            ],
            [
              -4.4912373,
              31.5972307
            ],
            [
              -4.491353,
              31.5971343
            ],
            [
              -4.4915072,
              31.5970694
            ],
            [
              -4.4916484,
              31.5970578
            ],
            [
              -4.4919176,
              31.5970877
            ],
            [
              -4.4920549,
              31.5970844
            ],
            [
              -4.4921973,
              31.5970445
            ],
            [
              -4.4922975,
              31.5969813
            ],
            [
              -4.4924556,
              31.5968317
            ],
            [
              -4.4925304,
              31.5967824
            ],
            [
              -4.4925967,
              31.596784
            ],
            [
              -4.4926325,
              31.5968361
            ],
            [
              -4.4926735,
              31.5969907
            ],
            [
              -4.4927229,
              31.5970788
            ],
            [
              -4.4928302,
              31.5971885
            ],
            [
              -4.4929597,
              31.5972832
            ],
            [
              -4.4933942,
              31.597552
            ],
            [
              -4.4935738,
              31.59766
            ],
            [
              -4.493977,
              31.5978954
            ],
            [
              -4.4941162,
              31.5979652
            ],
            [
              -4.4942763,
              31.5980251
            ],
            [
              -4.4944038,
              31.598055
            ],
            [
              -4.4946262,
              31.5980849
            ],
            [
              -4.4947271,
              31.5980816
            ],
            [
              -4.4948071,
              31.5980417
            ],
            [
              -4.4948396,
              31.5979785
            ],
            [
              -4.4948571,
              31.597829
            ],
            [
              -4.4948512,
              31.5977359
            ],
            [
              -4.4948161,
              31.5976063
            ],
            [
              -4.4947634,
              31.5974833
            ],
            [
              -4.4946405,
              31.5972439
            ],
            [
              -4.4945982,
              31.5971071
            ],
            [
              -4.4945943,
              31.5969359
            ],
            [
              -4.4946301,
              31.5967874
            ],
            [
              -4.4947413,
              31.5965131
            ],
            [
              -4.4948142,
              31.5963652
            ],
            [
              -4.4949215,
              31.5961956
            ],
            [
              -4.4950275,
              31.596061
            ],
            [
              -4.4952383,
              31.5958266
            ],
            [
              -4.4953879,
              31.595702
            ],
            [
              -4.495626,
              31.5955623
            ],
            [
              -4.4958732,
              31.5954543
            ],
            [
              -4.4963766,
              31.5952698
            ],
            [
              -4.4966524,
              31.5951836
            ],
            [
              -4.4969761,
              31.5951095
            ],
            [
              -4.4972398,
              31.5950722
            ],
            [
              -4.4977074,
              31.5950345
            ],
            [
              -4.4979436,
              31.5950235
            ],
            [
              -4.4981849,
              31.5950285
            ],
            [
              -4.4983506,
              31.5950477
            ],
            [
              -4.4986067,
              31.5951005
            ],
            [
              -4.4987403,
              31.595101
            ],
            [
              -4.4988852,
              31.59505
            ],
            [
              -4.498993,
              31.5949645
            ],
            [
              -4.4992648,
              31.5946468
            ],
            [
              -4.4993664,
              31.5945162
            ],
            [
              -4.4995685,
              31.5942249
            ],
            [
              -4.4996472,
              31.5941293
            ],
            [
              -4.4997572,
              31.5940283
            ],
            [
              -4.4998617,
              31.5939556
            ],
            [
              -4.5000652,
              31.5938384
            ],
            [
              -4.5001719,
              31.5938022
            ],
            [
              -4.5002881,
              31.5938106
            ],
            [
              -4.5003753,
              31.5938609
            ],
            [
              -4.5005206,
              31.5940032
            ],
            [
              -4.5005781,
              31.5940785
            ],
            [
              -4.5006055,
              31.594162
            ],
            [
              -4.5005935,
              31.5942258
            ],
            [
              -4.5005304,
              31.5943338
            ],
            [
              -4.5004838,
              31.5943963
            ],
            [
              -4.5004071,
              31.5944756
            ],
            [
              -4.500326,
              31.5945454
            ],
            [
              -4.5000623,
              31.5947463
            ],
            [
              -4.4999381,
              31.5948286
            ],
            [
              -4.4996224,
              31.595012
            ],
            [
              -4.4995286,
              31.5950741
            ],
            [
              -4.4994529,
              31.5951433
            ],
            [
              -4.4994205,
              31.5951966
            ],
            [
              -4.4993991,
              31.5952873
            ],
            [
              -4.4994162,
              31.5953306
            ],
            [
              -4.499489,
              31.5953697
            ],
            [
              -4.4995931,
              31.5953917
            ],
            [
              -4.4998327,
              31.5954185
            ],
            [
              -4.4999648,
              31.5954249
            ],
            [
              -4.5001215,
              31.5954173
            ],
            [
              -4.5002505,
              31.5953982
            ],
            [
              -4.500481,
              31.5953487
            ],
            [
              -4.5006069,
              31.595329
            ],
            [
              -4.5007545,
              31.5953195
            ],
            [
              -4.5008743,
              31.5953234
            ],
            [
              -4.5010864,
              31.5953446
            ],
            [
              -4.5012046,
              31.5953651
            ],
            [
              -4.5013472,
              31.5954053
            ],
            [
              -4.5014666,
              31.5954519
            ],
            [
              -4.5016822,
              31.5955515
            ],
            [
              -4.5018028,
              31.5956026
            ],
            [
              -4.501949,
              31.5956564
            ],
            [
              -4.5020719,
              31.5956949
            ],
            [
              -4.5022948,
              31.5957566
            ],
            [
              -4.5023873,
              31.595743
            ],
            [
              -4.5024419,
              31.5956406
            ],
            [
              -4.5024406,
              31.5954833
            ],
            [
              -4.5023819,
              31.5951142
            ],
            [
              -4.5023427,
              31.594903
            ],
            [
              -4.502284,
              31.5946389
            ],
            [
              -4.5022253,
              31.5944097
            ],
            [
              -4.5021079,
              31.5939864
            ],
            [
              -4.5020288,
              31.5937621
            ],
            [
              -4.5019092,
              31.5935125
            ],
            [
              -4.5017887,
              31.5933209
            ],
            [
              -4.5014078,
              31.5928116
            ],
            [
              -4.5012312,
              31.5925855
            ],
            [
              -4.5007881,
              31.5920395
            ],
            [
              -4.5006221,
              31.5918997
            ],
            [
              -4.5004124,
              31.5918332
            ],
            [
              -4.5002288,
              31.5918621
            ],
            [
              -4.4998879,
              31.5920155
            ],
            [
              -4.4997196,
              31.5921088
            ],
            [
              -4.4995557,
              31.5922354
            ],
            [
              -4.4994508,
              31.5923531
            ],
            [
              -4.4993002,
              31.5925796
            ],
            [
              -4.4992019,
              31.5926886
            ],
            [
              -4.499058,
              31.592789
            ],
            [
              -4.4989163,
              31.5928475
            ],
            [
              -4.4986351,
              31.5929225
            ],
            [
              -4.4984835,
              31.5929514
            ],
            [
              -4.49831,
              31.5929634
            ],
            [
              -4.4981722,
              31.5929543
            ],
            [
              -4.4979327,
              31.5929152
            ],
            [
              -4.4977983,
              31.5929075
            ],
            [
              -4.497635,
              31.5929238
            ],
            [
              -4.497497,
              31.5929584
            ],
            [
              -4.4971168,
              31.5930886
            ],
            [
              -4.4968767,
              31.5931511
            ],
            [
              -4.4966037,
              31.593197
            ],
            [
              -4.4964471,
              31.5932137
            ],
            [
              -4.495989,
              31.5932459
            ],
            [
              -4.4958231,
              31.5932376
            ],
            [
              -4.4956299,
              31.5931927
            ],
            [
              -4.4954738,
              31.5931262
            ],
            [
              -4.4951987,
              31.5929716
            ],
            [
              -4.4950237,
              31.5929118
            ],
            [
              -4.4947739,
              31.5928868
            ],
            [
              -4.4945326,
              31.5929051
            ],
            [
              -4.4940583,
              31.5929849
            ],
            [
              -4.4938137,
              31.5930215
            ],
            [
              -4.4935542,
              31.5930514
            ],
            [
              -4.4933662,
              31.5930647
            ],
            [
              -4.4930618,
              31.5930746
            ],
            [
              -4.4929018,
              31.593048
            ],
            [
              -4.4927262,
              31.5929583
            ],
            [
              -4.4925935,
              31.5928353
            ],
            [
              -4.492371,
              31.592556
            ],
            [
              -4.4922058,
              31.5924208
            ],
            [
              -4.4919326,
              31.5922945
            ],
            [
              -4.4916425,
              31.5922192
            ],
            [
              -4.4910454,
              31.5921194
            ],
            [
              -4.4907299,
              31.5920862
            ],
            [
              -4.4903806,
              31.5920862
            ],
            [
              -4.4901139,
              31.5921194
            ],
            [
              -4.4896631,
              31.5922192
            ],
            [
              -4.4894628,
              31.5923034
            ],
            [
              -4.4893125,
              31.5924563
            ],
            [
              -4.4892624,
              31.5926269
            ],
            [
              -4.4892624,
              31.592986
            ],
            [
              -4.4891967,
              31.5931666
            ],
            [
              -4.4889996,
              31.5933494
            ],
            [
              -4.4887368,
              31.5934735
            ],
            [
              -4.4881455,
              31.5936631
            ],
            [
              -4.487843,
              31.5937512
            ],
            [
              -4.4875269,
              31.593826
            ],
            [
              -4.4873025,
              31.5938625
            ],
            [
              -4.4869454,
              31.5938975
            ],
            [
              -4.4867269,
              31.5939368
            ],
            [
              -4.4864283,
              31.5940199
            ],
            [
              -4.4861492,
              31.5941191
            ],
            [
              -4.4856107,
              31.5943335
            ],
            [
              -4.4853108,
              31.5944643
            ],
            [
              -4.4849498,
              31.5946421
            ],
            [
              -4.4846479,
              31.5948078
            ],
            [
              -4.4841035,
              31.5951269
            ],
            [
              -4.4838068,
              31.5952749
            ],
            [
              -4.4834614,
              31.5953995
            ],
            [
              -4.4831824,
              31.5954593
            ],
            [
              -4.4826906,
              31.5955142
            ],
            [
              -4.48242,
              31.5955635
            ],
            [
              -4.4821,
              31.5956565
            ],
            [
              -4.4818372,
              31.5957624
            ],
            [
              -4.4813689,
              31.5959867
            ],
            [
              -4.4811341,
              31.5961147
            ],
            [
              -4.4808979,
              31.5962743
            ],
            [
              -4.4807392,
              31.5964123
            ],
            [
              -4.4804992,
              31.5966666
            ],
            [
              -4.4803944,
              31.5967996
            ],
            [
              -4.4803203,
              31.5969442
            ],
            [
              -4.4803014,
              31.5970523
            ],
            [
              -4.480319,
              31.5972317
            ],
            [
              -4.4803821,
              31.5973276
            ],
            [
              -4.4805538,
              31.5974356
            ],
            [
              -4.4807769,
              31.5975198
            ],
            [
              -4.4812746,
              31.5976645
            ],
            [
              -4.4815296,
              31.5977498
            ],
            [
              -4.4817969,
              31.5978611
            ]
          ]
        ]
      },
      "id": "way/1218229141"
    },
    {
      "type": "Feature",
      "properties": {
        "@id": "way/1218229142",
        "landform": "dune_system",
        "name": "Dunes",
        "natural": "sand",
        "tourism": "attraction"
      },
      "geometry": {
        "type": "Polygon",
        "coordinates": [
          [
            [
              -4.4833633,
              31.5930624
            ],
            [
              -4.4835948,
              31.5929738
            ],
            [
              -4.4839695,
              31.5928192
            ],
            [
              -4.4841867,
              31.59275
            ],
            [
              -4.4844638,
              31.5926968
            ],
            [
              -4.4847084,
              31.5926774
            ],
            [
              -4.4851651,
              31.5926724
            ],
            [
              -4.4854097,
              31.5926824
            ],
            [
              -4.4856868,
              31.5927173
            ],
            [
              -4.485904,
              31.5927655
            ],
            [
              -4.4862787,
              31.5928752
            ],
            [
              -4.4864901,
              31.5928974
            ],
            [
              -4.4867496,
              31.5928541
            ],
            [
              -4.4869708,
              31.5927599
            ],
            [
              -4.4873747,
              31.5925206
            ],
            [
              -4.4875679,
              31.5923859
            ],
            [
              -4.4877436,
              31.5922214
            ],
            [
              -4.4878431,
              31.5920818
            ],
            [
              -4.487966,
              31.5918274
            ],
            [
              -4.4880395,
              31.5917061
            ],
            [
              -4.4881371,
              31.5915964
            ],
            [
              -4.4882262,
              31.5915349
            ],
            [
              -4.488396,
              31.5914601
            ],
            [
              -4.4884545,
              31.5913886
            ],
            [
              -4.4884604,
              31.591249
            ],
            [
              -4.4884116,
              31.5910877
            ],
            [
              -4.4882594,
              31.5907437
            ],
            [
              -4.4881996,
              31.5905608
            ],
            [
              -4.4881722,
              31.5903564
            ],
            [
              -4.4881865,
              31.5901984
            ],
            [
              -4.4882568,
              31.5899292
            ],
            [
              -4.4883283,
              31.5898017
            ],
            [
              -4.4884727,
              31.5896887
            ],
            [
              -4.4886418,
              31.5896278
            ],
            [
              -4.4890048,
              31.5895579
            ],
            [
              -4.4891596,
              31.589487
            ],
            [
              -4.4892611,
              31.5893441
            ],
            [
              -4.4892754,
              31.5891767
            ],
            [
              -4.4892168,
              31.5888177
            ],
            [
              -4.4891563,
              31.588647
            ],
            [
              -4.4890334,
              31.5884941
            ],
            [
              -4.488889,
              31.5884098
            ],
            [
              -4.4885787,
              31.5883101
            ],
            [
              -4.4883946,
              31.588294
            ],
            [
              -4.4881527,
              31.5883455
            ],
            [
              -4.4879335,
              31.5884475
            ],
            [
              -4.4875178,
              31.5887018
            ],
            [
              -4.4872921,
              31.5888149
            ],
            [
              -4.4870307,
              31.5888996
            ],
            [
              -4.4868206,
              31.5889279
            ],
            [
              -4.4864517,
              31.5889279
            ],
            [
              -4.4862241,
              31.5889345
            ],
            [
              -4.4859099,
              31.5889545
            ],
            [
              -4.4856139,
              31.5889811
            ],
            [
              -4.4850402,
              31.5890409
            ],
            [
              -4.4847384,
              31.589083
            ],
            [
              -4.4844066,
              31.5891495
            ],
            [
              -4.4841555,
              31.5892182
            ],
            [
              -4.483734,
              31.5893579
            ],
            [
              -4.4835109,
              31.5894371
            ],
            [
              -4.483263,
              31.5895352
            ],
            [
              -4.4830731,
              31.5896194
            ],
            [
              -4.4827511,
              31.589774
            ],
            [
              -4.4825696,
              31.5898782
            ],
            [
              -4.4823472,
              31.5900361
            ],
            [
              -4.4821579,
              31.5901951
            ],
            [
              -4.4818125,
              31.5905143
            ],
            [
              -4.4816356,
              31.5906639
            ],
            [
              -4.4814502,
              31.5907936
            ],
            [
              -4.4813182,
              31.59086
            ],
            [
              -4.4809793,
              31.590972
            ],
            [
              -4.480334,
              31.5911803
            ],
            [
              -4.480161,
              31.5912551
            ],
            [
              -4.4799522,
              31.5913797
            ],
            [
              -4.4797772,
              31.5915127
            ],
            [
              -4.479461,
              31.591787
            ],
            [
              -4.4793016,
              31.5919372
            ],
            [
              -4.4791397,
              31.5921133
            ],
            [
              -4.4790291,
              31.5922568
            ],
            [
              -4.4788593,
              31.5925112
            ],
            [
              -4.4787774,
              31.5926641
            ],
            [
              -4.4787012,
              31.5928685
            ],
            [
              -4.4786564,
              31.5930563
            ],
            [
              -4.4785978,
              31.5934154
            ],
            [
              -4.4786525,
              31.5935555
            ],
            [
              -4.4788749,
              31.593617
            ],
            [
              -4.4791911,
              31.5935794
            ],
            [
              -4.479917,
              31.5934048
            ],
            [
              -4.4802826,
              31.5933417
            ],
            [
              -4.4806534,
              31.5933267
            ],
            [
              -4.4809058,
              31.593365
            ],
            [
              -4.4812921,
              31.5934946
            ],
            [
              -4.4815289,
              31.5935323
            ],
            [
              -4.4818529,
              31.5935157
            ],
            [
              -4.482156,
              31.5934503
            ],
            [
              -4.4827414,
              31.5932708
            ],
            [
              -4.4830432,
              31.5931738
            ],
            [
              -4.4833633,
              31.5930624
            ]
          ]
        ]
      },
      "id": "way/1218229142"
    },
    {
      "type": "Feature",
      "properties": {
        "@id": "way/1218229143",
        "landform": "dune_system",
        "name": "Dunes",
        "natural": "sand",
        "tourism": "attraction"
      },
      "geometry": {
        "type": "Polygon",
        "coordinates": [
          [
            [
              -4.4738931,
              31.5793495
            ],
            [
              -4.4740244,
              31.579389
            ],
            [
              -4.474166,
              31.5794044
            ],
            [
              -4.4744596,
              31.5794109
            ],
            [
              -4.4746158,
              31.5794073
            ],
            [
              -4.4747909,
              31.5793897
            ],
            [
              -4.4749265,
              31.5793642
            ],
            [
              -4.4751583,
              31.5793049
            ],
            [
              -4.4752888,
              31.5792801
            ],
            [
              -4.4754484,
              31.5792647
            ],
            [
              -4.475584,
              31.579264
            ],
            [
              -4.476123,
              31.5792962
            ],
            [
              -4.4764741,
              31.5793262
            ],
            [
              -4.4765719,
              31.5793627
            ],
            [
              -4.4766414,
              31.5794526
            ],
            [
              -4.4766595,
              31.579566
            ],
            [
              -4.476644,
              31.579816
            ],
            [
              -4.4766578,
              31.5799272
            ],
            [
              -4.4767144,
              31.5800105
            ],
            [
              -4.4767951,
              31.5800383
            ],
            [
              -4.4770954,
              31.580039
            ],
            [
              -4.4776997,
              31.5800507
            ],
            [
              -4.4778559,
              31.5800639
            ],
            [
              -4.478031,
              31.5800968
            ],
            [
              -4.4781666,
              31.5801385
            ],
            [
              -4.4783984,
              31.5802306
            ],
            [
              -4.4785108,
              31.5802847
            ],
            [
              -4.4786164,
              31.5803549
            ],
            [
              -4.4786799,
              31.5804178
            ],
            [
              -4.4788164,
              31.5806043
            ],
            [
              -4.4788859,
              31.5806899
            ],
            [
              -4.4790738,
              31.5809027
            ],
            [
              -4.4791708,
              31.5809582
            ],
            [
              -4.4793382,
              31.5809867
            ],
            [
              -4.4795201,
              31.5809787
            ],
            [
              -4.4798987,
              31.580926
            ],
            [
              -4.4800918,
              31.5809114
            ],
            [
              -4.4802926,
              31.5809202
            ],
            [
              -4.4804342,
              31.5809494
            ],
            [
              -4.4806583,
              31.5810284
            ],
            [
              -4.4807853,
              31.5810533
            ],
            [
              -4.4809424,
              31.5810489
            ],
            [
              -4.4810771,
              31.5810167
            ],
            [
              -4.4813244,
              31.5809246
            ],
            [
              -4.4814608,
              31.5808851
            ],
            [
              -4.481623,
              31.5808588
            ],
            [
              -4.4817569,
              31.5808544
            ],
            [
              -4.4819964,
              31.5808675
            ],
            [
              -4.4821414,
              31.5808829
            ],
            [
              -4.4823371,
              31.5809158
            ],
            [
              -4.4825182,
              31.5809553
            ],
            [
              -4.4828658,
              31.5810408
            ],
            [
              -4.4830461,
              31.5810686
            ],
            [
              -4.4832392,
              31.5810664
            ],
            [
              -4.4833808,
              31.581035
            ],
            [
              -4.4836126,
              31.5809428
            ],
            [
              -4.4837465,
              31.5808997
            ],
            [
              -4.4839164,
              31.5808624
            ],
            [
              -4.4840658,
              31.5808434
            ],
            [
              -4.4843439,
              31.5808236
            ],
            [
              -4.4844666,
              31.5807988
            ],
            [
              -4.4845568,
              31.5807439
            ],
            [
              -4.4845842,
              31.5806774
            ],
            [
              -4.4845765,
              31.5805326
            ],
            [
              -4.4845833,
              31.5804631
            ],
            [
              -4.4846117,
              31.5803995
            ],
            [
              -4.484652,
              31.580363
            ],
            [
              -4.4848082,
              31.5802899
            ],
            [
              -4.4849061,
              31.5802548
            ],
            [
              -4.4852065,
              31.5801641
            ],
            [
              -4.4853112,
              31.5801473
            ],
            [
              -4.4854245,
              31.5801561
            ],
            [
              -4.4855086,
              31.5801875
            ],
            [
              -4.4856476,
              31.5802731
            ],
            [
              -4.4857463,
              31.5802957
            ],
            [
              -4.4859034,
              31.5802782
            ],
            [
              -4.4860665,
              31.5802263
            ],
            [
              -4.4865866,
              31.580012
            ],
            [
              -4.4868184,
              31.5799221
            ],
            [
              -4.4873797,
              31.5797166
            ],
            [
              -4.4875685,
              31.5796537
            ],
            [
              -4.4877719,
              31.5795967
            ],
            [
              -4.4879221,
              31.5795645
            ],
            [
              -4.4881694,
              31.579525
            ],
            [
              -4.4883196,
              31.5794892
            ],
            [
              -4.488523,
              31.5794212
            ],
            [
              -4.4887118,
              31.5793437
            ],
            [
              -4.4890749,
              31.5791791
            ],
            [
              -4.489262,
              31.5791126
            ],
            [
              -4.4894603,
              31.5790775
            ],
            [
              -4.4896036,
              31.5790856
            ],
            [
              -4.4899692,
              31.5791814
            ],
            [
              -4.4901392,
              31.5792319
            ],
            [
              -4.4905666,
              31.5793715
            ],
            [
              -4.4906739,
              31.5793715
            ],
            [
              -4.4907177,
              31.5792794
            ],
            [
              -4.4906833,
              31.5791258
            ],
            [
              -4.4905366,
              31.5787573
            ],
            [
              -4.4904516,
              31.5785811
            ],
            [
              -4.4903434,
              31.5784209
            ],
            [
              -4.4902482,
              31.5783302
            ],
            [
              -4.4900705,
              31.5782184
            ],
            [
              -4.4899435,
              31.5781752
            ],
            [
              -4.4897401,
              31.5781577
            ],
            [
              -4.4895281,
              31.5781715
            ],
            [
              -4.4890954,
              31.5782308
            ],
            [
              -4.4888731,
              31.5782505
            ],
            [
              -4.4886388,
              31.5782505
            ],
            [
              -4.4884706,
              31.5782308
            ],
            [
              -4.4882002,
              31.5781715
            ],
            [
              -4.4880844,
              31.5781277
            ],
            [
              -4.4880071,
              31.5780553
            ],
            [
              -4.4879942,
              31.5779785
            ],
            [
              -4.4880329,
              31.5778206
            ],
            [
              -4.4880449,
              31.5777285
            ],
            [
              -4.4880423,
              31.57761
            ],
            [
              -4.488026,
              31.5775047
            ],
            [
              -4.4879796,
              31.5773073
            ],
            [
              -4.4879753,
              31.5772064
            ],
            [
              -4.4880088,
              31.5771011
            ],
            [
              -4.4880689,
              31.5770265
            ],
            [
              -4.4882156,
              31.576908
            ],
            [
              -4.4883083,
              31.5768605
            ],
            [
              -4.4884397,
              31.5768363
            ],
            [
              -4.4885658,
              31.5768437
            ],
            [
              -4.4901709,
              31.577142
            ],
            [
              -4.4904542,
              31.5772086
            ],
            [
              -4.4907013,
              31.5772963
            ],
            [
              -4.4908301,
              31.577376
            ],
            [
              -4.4909691,
              31.5775274
            ],
            [
              -4.4910326,
              31.5776173
            ],
            [
              -4.4910841,
              31.5777358
            ],
            [
              -4.4911064,
              31.5778432
            ],
            [
              -4.4911219,
              31.5780473
            ],
            [
              -4.4911562,
              31.578154
            ],
            [
              -4.4912438,
              31.5782703
            ],
            [
              -4.4913553,
              31.5783573
            ],
            [
              -4.4916026,
              31.5785021
            ],
            [
              -4.4917674,
              31.5785401
            ],
            [
              -4.4920146,
              31.5785094
            ],
            [
              -4.4922618,
              31.5784202
            ],
            [
              -4.4927561,
              31.5781833
            ],
            [
              -4.4930059,
              31.578089
            ],
            [
              -4.4932608,
              31.5780429
            ],
            [
              -4.4934359,
              31.5780604
            ],
            [
              -4.4937063,
              31.5781592
            ],
            [
              -4.4938805,
              31.578195
            ],
            [
              -4.4941328,
              31.5782038
            ],
            [
              -4.4943792,
              31.5781825
            ],
            [
              -4.4948658,
              31.5781102
            ],
            [
              -4.495095,
              31.5780429
            ],
            [
              -4.4952958,
              31.5779134
            ],
            [
              -4.4954014,
              31.577765
            ],
            [
              -4.4955173,
              31.5774491
            ],
            [
              -4.4955422,
              31.5772597
            ],
            [
              -4.495501,
              31.5770074
            ],
            [
              -4.4954074,
              31.5767764
            ],
            [
              -4.495168,
              31.5763354
            ],
            [
              -4.4950384,
              31.5761161
            ],
            [
              -4.494889,
              31.5758989
            ],
            [
              -4.4947697,
              31.5757563
            ],
            [
              -4.4945611,
              31.5755457
            ],
            [
              -4.4943972,
              31.5754821
            ],
            [
              -4.4941139,
              31.5755018
            ],
            [
              -4.4938058,
              31.5755984
            ],
            [
              -4.4931647,
              31.5758682
            ],
            [
              -4.4928677,
              31.5759626
            ],
            [
              -4.492618,
              31.5759757
            ],
            [
              -4.4924987,
              31.5759033
            ],
            [
              -4.4923905,
              31.575673
            ],
            [
              -4.4923193,
              31.5755413
            ],
            [
              -4.4922137,
              31.5753768
            ],
            [
              -4.492109,
              31.5752342
            ],
            [
              -4.4919004,
              31.574971
            ],
            [
              -4.4917648,
              31.5748635
            ],
            [
              -4.4915665,
              31.5748043
            ],
            [
              -4.4913717,
              31.574813
            ],
            [
              -4.4909854,
              31.5748986
            ],
            [
              -4.4907717,
              31.5749629
            ],
            [
              -4.4905168,
              31.5750704
            ],
            [
              -4.4903057,
              31.5751852
            ],
            [
              -4.4899271,
              31.5754222
            ],
            [
              -4.4897486,
              31.5755114
            ],
            [
              -4.4895916,
              31.5755421
            ],
            [
              -4.4895083,
              31.5755041
            ],
            [
              -4.4894156,
              31.5753593
            ],
            [
              -4.4893195,
              31.5752986
            ],
            [
              -4.4891238,
              31.5752613
            ],
            [
              -4.4888937,
              31.5752598
            ],
            [
              -4.4883994,
              31.5752928
            ],
            [
              -4.488147,
              31.5753235
            ],
            [
              -4.4878844,
              31.5753827
            ],
            [
              -4.487699,
              31.5754507
            ],
            [
              -4.4874054,
              31.5755955
            ],
            [
              -4.4872209,
              31.5756408
            ],
            [
              -4.4869608,
              31.5756321
            ],
            [
              -4.4867119,
              31.5755721
            ],
            [
              -4.4862253,
              31.575401
            ],
            [
              -4.4859764,
              31.5753425
            ],
            [
              -4.4857163,
              31.5753381
            ],
            [
              -4.4855318,
              31.5753893
            ],
            [
              -4.4852382,
              31.5755472
            ],
            [
              -4.48507,
              31.575632
            ],
            [
              -4.4848589,
              31.5757285
            ],
            [
              -4.4846752,
              31.5758046
            ],
            [
              -4.4843353,
              31.5759362
            ],
            [
              -4.4841482,
              31.576021
            ],
            [
              -4.4839268,
              31.5761439
            ],
            [
              -4.4837448,
              31.5762638
            ],
            [
              -4.4834203,
              31.5765007
            ],
            [
              -4.4832298,
              31.5765994
            ],
            [
              -4.4829826,
              31.5766587
            ],
            [
              -4.4827611,
              31.5766587
            ],
            [
              -4.482344,
              31.5765994
            ],
            [
              -4.4821071,
              31.576538
            ],
            [
              -4.4818136,
              31.576413
            ],
            [
              -4.4815612,
              31.576266
            ],
            [
              -4.4810978,
              31.5759501
            ],
            [
              -4.4808489,
              31.5758199
            ],
            [
              -4.4805656,
              31.5757453
            ],
            [
              -4.4803425,
              31.5757512
            ],
            [
              -4.4781538,
              31.5762733
            ],
            [
              -4.4777787,
              31.5763318
            ],
            [
              -4.4774259,
              31.576323
            ],
            [
              -4.4772131,
              31.5762499
            ],
            [
              -4.4769272,
              31.5760393
            ],
            [
              -4.4767796,
              31.5759633
            ],
            [
              -4.4766226,
              31.5759457
            ],
            [
              -4.4765084,
              31.5759925
            ],
            [
              -4.476323,
              31.5761505
            ],
            [
              -4.4762234,
              31.5762573
            ],
            [
              -4.4761101,
              31.5764196
            ],
            [
              -4.4760209,
              31.5765834
            ],
            [
              -4.4758663,
              31.5769124
            ],
            [
              -4.4757745,
              31.5770689
            ],
            [
              -4.4756535,
              31.5772093
            ],
            [
              -4.4755436,
              31.5772868
            ],
            [
              -4.4753351,
              31.5773789
            ],
            [
              -4.4752287,
              31.5774462
            ],
            [
              -4.4751179,
              31.5775559
            ],
            [
              -4.4750398,
              31.5776714
            ],
            [
              -4.4749163,
              31.5779083
            ],
            [
              -4.4748424,
              31.5780151
            ],
            [
              -4.4747446,
              31.5780984
            ],
            [
              -4.4746553,
              31.5781306
            ],
            [
              -4.4744854,
              31.5781438
            ],
            [
              -4.474391,
              31.578157
            ],
            [
              -4.4742776,
              31.5781833
            ],
            [
              -4.4741832,
              31.578214
            ],
            [
              -4.4740133,
              31.5782798
            ],
            [
              -4.4739326,
              31.5783259
            ],
            [
              -4.4738605,
              31.5783983
            ],
            [
              -4.473821,
              31.5784728
            ],
            [
              -4.4736605,
              31.5789825
            ],
            [
              -4.4736545,
              31.5790476
            ],
            [
              -4.4736751,
              31.5791243
            ],
            [
              -4.4737154,
              31.5791872
            ],
            [
              -4.4738159,
              31.5792991
            ],
            [
              -4.4738931,
              31.5793495
            ]
          ]
        ]
      },
      "id": "way/1218229143"
    },
    {
      "type": "Feature",
      "properties": {
        "@id": "way/1218229144",
        "landform": "dune_system",
        "name": "Dunes",
        "natural": "sand",
        "tourism": "attraction"
      },
      "geometry": {
        "type": "Polygon",
        "coordinates": [
          [
            [
              -4.4945703,
              31.6049729
            ],
            [
              -4.4948716,
              31.6050671
            ],
            [
              -4.4951471,
              31.6051973
            ],
            [
              -4.4956724,
              31.6054933
            ],
            [
              -4.4959333,
              31.6055891
            ],
            [
              -4.4961908,
              31.6055803
            ],
            [
              -4.496359,
              31.6054699
            ],
            [
              -4.4966063,
              31.6051476
            ],
            [
              -4.496741,
              31.6049809
            ],
            [
              -4.4968981,
              31.6048033
            ],
            [
              -4.4970251,
              31.6046739
            ],
            [
              -4.4972491,
              31.6044633
            ],
            [
              -4.4973753,
              31.6043793
            ],
            [
              -4.4975297,
              31.6043376
            ],
            [
              -4.4976611,
              31.6043522
            ],
            [
              -4.4979005,
              31.6044378
            ],
            [
              -4.4980147,
              31.6044261
            ],
            [
              -4.4981177,
              31.6043055
            ],
            [
              -4.4981752,
              31.6041161
            ],
            [
              -4.4982447,
              31.6036688
            ],
            [
              -4.4982696,
              31.6034458
            ],
            [
              -4.4982747,
              31.6032243
            ],
            [
              -4.4982584,
              31.6030781
            ],
            [
              -4.4982044,
              31.602861
            ],
            [
              -4.4981683,
              31.6027477
            ],
            [
              -4.4981142,
              31.6026249
            ],
            [
              -4.4980602,
              31.6025335
            ],
            [
              -4.4978911,
              31.60229
            ],
            [
              -4.4978164,
              31.602165
            ],
            [
              -4.4976371,
              31.601825
            ],
            [
              -4.4975547,
              31.6017359
            ],
            [
              -4.4974234,
              31.601692
            ],
            [
              -4.4972869,
              31.6017081
            ],
            [
              -4.4970088,
              31.6018002
            ],
            [
              -4.4968878,
              31.6018061
            ],
            [
              -4.4968028,
              31.6017315
            ],
            [
              -4.4967822,
              31.6016014
            ],
            [
              -4.4968054,
              31.6012856
            ],
            [
              -4.4967796,
              31.6011387
            ],
            [
              -4.4966792,
              31.6010137
            ],
            [
              -4.4965376,
              31.6009523
            ],
            [
              -4.4962131,
              31.600893
            ],
            [
              -4.4960732,
              31.600847
            ],
            [
              -4.4959779,
              31.600768
            ],
            [
              -4.495959,
              31.6006825
            ],
            [
              -4.4959977,
              31.6005048
            ],
            [
              -4.4959891,
              31.6004215
            ],
            [
              -4.4959247,
              31.6003491
            ],
            [
              -4.495826,
              31.6003118
            ],
            [
              -4.4955943,
              31.6002724
            ],
            [
              -4.4954647,
              31.6002424
            ],
            [
              -4.4953076,
              31.600192
            ],
            [
              -4.4951754,
              31.6001379
            ],
            [
              -4.494936,
              31.600026
            ],
            [
              -4.4948149,
              31.59995
            ],
            [
              -4.4946913,
              31.5998337
            ],
            [
              -4.4946064,
              31.599716
            ],
            [
              -4.494475,
              31.5994792
            ],
            [
              -4.4943875,
              31.5993578
            ],
            [
              -4.4942562,
              31.5992306
            ],
            [
              -4.4941249,
              31.59914
            ],
            [
              -4.4938622,
              31.5989952
            ],
            [
              -4.493712,
              31.5989221
            ],
            [
              -4.4935241,
              31.5988476
            ],
            [
              -4.493361,
              31.5987964
            ],
            [
              -4.4930597,
              31.5987175
            ],
            [
              -4.4929095,
              31.5986992
            ],
            [
              -4.4927601,
              31.5987233
            ],
            [
              -4.4926614,
              31.5987818
            ],
            [
              -4.4925147,
              31.5989331
            ],
            [
              -4.4924211,
              31.599012
            ],
            [
              -4.4922872,
              31.5990976
            ],
            [
              -4.4921576,
              31.5991612
            ],
            [
              -4.4919027,
              31.5992664
            ],
            [
              -4.4917739,
              31.5992906
            ],
            [
              -4.4916426,
              31.5992577
            ],
            [
              -4.4915525,
              31.5991787
            ],
            [
              -4.4914135,
              31.5989748
            ],
            [
              -4.4913217,
              31.5988819
            ],
            [
              -4.4911852,
              31.5988074
            ],
            [
              -4.4910496,
              31.5987759
            ],
            [
              -4.4907792,
              31.5987562
            ],
            [
              -4.4906522,
              31.5987752
            ],
            [
              -4.4905415,
              31.5988519
            ],
            [
              -4.490484,
              31.5989608
            ],
            [
              -4.4904221,
              31.5992109
            ],
            [
              -4.4903869,
              31.5993359
            ],
            [
              -4.4903432,
              31.5994609
            ],
            [
              -4.4903054,
              31.5995442
            ],
            [
              -4.4902359,
              31.5996693
            ],
            [
              -4.4901792,
              31.5997161
            ],
            [
              -4.4900788,
              31.5997314
            ],
            [
              -4.4899681,
              31.5997102
            ],
            [
              -4.4897364,
              31.5996313
            ],
            [
              -4.4896094,
              31.5995713
            ],
            [
              -4.48946,
              31.5994704
            ],
            [
              -4.4893381,
              31.5993623
            ],
            [
              -4.4891218,
              31.5991385
            ],
            [
              -4.4889982,
              31.5990479
            ],
            [
              -4.4888437,
              31.5989996
            ],
            [
              -4.4887098,
              31.5990099
            ],
            [
              -4.4884626,
              31.5990888
            ],
            [
              -4.4883304,
              31.5991415
            ],
            [
              -4.4881811,
              31.5992204
            ],
            [
              -4.4880644,
              31.5992994
            ],
            [
              -4.4877554,
              31.5995406
            ],
            [
              -4.4876318,
              31.5996327
            ],
            [
              -4.487364,
              31.5998213
            ],
            [
              -4.4872833,
              31.5998974
            ],
            [
              -4.4872112,
              31.600007
            ],
            [
              -4.4871717,
              31.6001137
            ],
            [
              -4.4871254,
              31.6003243
            ],
            [
              -4.4870773,
              31.6004332
            ],
            [
              -4.4869795,
              31.6005494
            ],
            [
              -4.4868645,
              31.6006342
            ],
            [
              -4.4866172,
              31.6007724
            ],
            [
              -4.4864679,
              31.6008111
            ],
            [
              -4.486267,
              31.6007892
            ],
            [
              -4.4860817,
              31.6007139
            ],
            [
              -4.4857263,
              31.60051
            ],
            [
              -4.4855384,
              31.6004413
            ],
            [
              -4.4853298,
              31.6004391
            ],
            [
              -4.4851702,
              31.6005041
            ],
            [
              -4.4848998,
              31.6007015
            ],
            [
              -4.4847531,
              31.6008184
            ],
            [
              -4.4845831,
              31.6009719
            ],
            [
              -4.4844466,
              31.6011109
            ],
            [
              -4.4842072,
              31.601374
            ],
            [
              -4.4841291,
              31.601521
            ],
            [
              -4.4841342,
              31.6016986
            ],
            [
              -4.4842209,
              31.6018478
            ],
            [
              -4.4844758,
              31.6021175
            ],
            [
              -4.4846269,
              31.6022593
            ],
            [
              -4.4848251,
              31.602415
            ],
            [
              -4.4850045,
              31.6025327
            ],
            [
              -4.4853444,
              31.6027301
            ],
            [
              -4.4855075,
              31.602839
            ],
            [
              -4.4856568,
              31.6029684
            ],
            [
              -4.4857426,
              31.6030751
            ],
            [
              -4.4858508,
              31.6032659
            ],
            [
              -4.4858817,
              31.6033748
            ],
            [
              -4.4858662,
              31.6035108
            ],
            [
              -4.4858096,
              31.6036285
            ],
            [
              -4.4856551,
              31.6038456
            ],
            [
              -4.4855633,
              31.6039348
            ],
            [
              -4.4854423,
              31.6039852
            ],
            [
              -4.4853324,
              31.6039801
            ],
            [
              -4.4851238,
              31.6039144
            ],
            [
              -4.4850071,
              31.6038961
            ],
            [
              -4.4848654,
              31.6039071
            ],
            [
              -4.4847461,
              31.6039436
            ],
            [
              -4.4845299,
              31.6040423
            ],
            [
              -4.4844071,
              31.6041095
            ],
            [
              -4.4842552,
              31.6042126
            ],
            [
              -4.4841247,
              31.6043171
            ],
            [
              -4.4838853,
              31.6045277
            ],
            [
              -4.4837256,
              31.6046578
            ],
            [
              -4.4834861,
              31.6048376
            ],
            [
              -4.4832467,
              31.6050072
            ],
            [
              -4.4827677,
              31.6053362
            ],
            [
              -4.4825317,
              31.6055167
            ],
            [
              -4.4823025,
              31.6057295
            ],
            [
              -4.4821566,
              31.6059034
            ],
            [
              -4.4819481,
              31.6062127
            ],
            [
              -4.4818974,
              31.6063735
            ],
            [
              -4.4819541,
              31.6065467
            ],
            [
              -4.4820991,
              31.6066746
            ],
            [
              -4.4824777,
              31.6068852
            ],
            [
              -4.4826828,
              31.6069824
            ],
            [
              -4.4829197,
              31.6070635
            ],
            [
              -4.4831094,
              31.6071015
            ],
            [
              -4.4834415,
              31.6071344
            ],
            [
              -4.4836046,
              31.6071293
            ],
            [
              -4.4837617,
              31.607081
            ],
            [
              -4.4838604,
              31.6070057
            ],
            [
              -4.4839994,
              31.6068281
            ],
            [
              -4.4840835,
              31.6067396
            ],
            [
              -4.4841968,
              31.6066519
            ],
            [
              -4.4843015,
              31.6065942
            ],
            [
              -4.4846182,
              31.6064567
            ],
            [
              -4.484765,
              31.6063866
            ],
            [
              -4.4851332,
              31.6061965
            ],
            [
              -4.4852646,
              31.6061329
            ],
            [
              -4.4854191,
              31.6060671
            ],
            [
              -4.4855452,
              31.6060211
            ],
            [
              -4.4857693,
              31.6059487
            ],
            [
              -4.4858997,
              31.6059458
            ],
            [
              -4.4860671,
              31.6060094
            ],
            [
              -4.4862156,
              31.6061183
            ],
            [
              -4.4864937,
              31.6063815
            ],
            [
              -4.4866302,
              31.6064926
            ],
            [
              -4.4867615,
              31.6065628
            ],
            [
              -4.4868439,
              31.6065686
            ],
            [
              -4.4869597,
              31.606516
            ],
            [
              -4.4869932,
              31.6064443
            ],
            [
              -4.4869777,
              31.6062821
            ],
            [
              -4.4869185,
              31.6060832
            ],
            [
              -4.4867563,
              31.6056491
            ],
            [
              -4.4867288,
              31.6054787
            ],
            [
              -4.4868087,
              31.605402
            ],
            [
              -4.4869692,
              31.6054444
            ],
            [
              -4.4873708,
              31.6056483
            ],
            [
              -4.4875803,
              31.6057624
            ],
            [
              -4.4878069,
              31.6059005
            ],
            [
              -4.4879751,
              31.6060167
            ],
            [
              -4.4882532,
              31.6062273
            ],
            [
              -4.4883957,
              31.6063157
            ],
            [
              -4.488545,
              31.6063705
            ],
            [
              -4.4886515,
              31.6063735
            ],
            [
              -4.4888214,
              31.6063274
            ],
            [
              -4.4888841,
              31.6062909
            ],
            [
              -4.4889021,
              31.6062273
            ],
            [
              -4.4888695,
              31.6061578
            ],
            [
              -4.4887536,
              31.6060131
            ],
            [
              -4.4886892,
              31.6059224
            ],
            [
              -4.488612,
              31.6057952
            ],
            [
              -4.4885476,
              31.6056739
            ],
            [
              -4.4884317,
              31.605437
            ],
            [
              -4.4884034,
              31.6053266
            ],
            [
              -4.4884343,
              31.6052324
            ],
            [
              -4.4885141,
              31.6051856
            ],
            [
              -4.4887227,
              31.6051395
            ],
            [
              -4.4888738,
              31.6051191
            ],
            [
              -4.4891184,
              31.6051037
            ],
            [
              -4.489375,
              31.6050986
            ],
            [
              -4.4899003,
              31.6050986
            ],
            [
              -4.4901715,
              31.6050884
            ],
            [
              -4.4904599,
              31.6050577
            ],
            [
              -4.4906693,
              31.6050167
            ],
            [
              -4.4910092,
              31.6049246
            ],
            [
              -4.4911886,
              31.604907
            ],
            [
              -4.4913868,
              31.6049465
            ],
            [
              -4.4915379,
              31.6050298
            ],
            [
              -4.4917928,
              31.6052404
            ],
            [
              -4.4919705,
              31.6053157
            ],
            [
              -4.4922486,
              31.605331
            ],
            [
              -4.4925344,
              31.6052813
            ],
            [
              -4.4931138,
              31.6051169
            ],
            [
              -4.4934134,
              31.6050423
            ],
            [
              -4.4937326,
              31.6049831
            ],
            [
              -4.4939652,
              31.604959
            ],
            [
              -4.4943438,
              31.6049458
            ],
            [
              -4.4945703,
              31.6049729
            ]
          ]
        ]
      },
      "id": "way/1218229144"
    },
    {
      "type": "Feature",
      "properties": {
        "@id": "way/1218229791",
        "landform": "dune_system",
        "name": "Dunes",
        "natural": "sand",
        "tourism": "attraction"
      },
      "geometry": {
        "type": "Polygon",
        "coordinates": [
          [
            [
              -4.465625,
              31.5872764
            ],
            [
              -4.4654563,
              31.586876
            ],
            [
              -4.4651352,
              31.586164
            ],
            [
              -4.4649863,
              31.5858172
            ],
            [
              -4.4648606,
              31.5854887
            ],
            [
              -4.4648,
              31.585288
            ],
            [
              -4.4647439,
              31.5850145
            ],
            [
              -4.4647264,
              31.5848679
            ],
            [
              -4.4647298,
              31.5847015
            ],
            [
              -4.464753,
              31.5845707
            ],
            [
              -4.4648192,
              31.584345
            ],
            [
              -4.4648102,
              31.5841978
            ],
            [
              -4.4647167,
              31.5839822
            ],
            [
              -4.4645701,
              31.58377
            ],
            [
              -4.4642235,
              31.5833488
            ],
            [
              -4.4640729,
              31.5831154
            ],
            [
              -4.4639676,
              31.582836
            ],
            [
              -4.4639427,
              31.582604
            ],
            [
              -4.4639732,
              31.5821872
            ],
            [
              -4.463997,
              31.5819629
            ],
            [
              -4.4640378,
              31.5817067
            ],
            [
              -4.4640819,
              31.5815041
            ],
            [
              -4.4641737,
              31.5811524
            ],
            [
              -4.4642348,
              31.5809435
            ],
            [
              -4.4643266,
              31.5806686
            ],
            [
              -4.4644183,
              31.5804192
            ],
            [
              -4.4646018,
              31.5799459
            ],
            [
              -4.464642,
              31.5796835
            ],
            [
              -4.4645792,
              31.5793695
            ],
            [
              -4.4644342,
              31.5791085
            ],
            [
              -4.463869,
              31.5783973
            ],
            [
              -4.4636618,
              31.5781397
            ],
            [
              -4.4632598,
              31.5776486
            ],
            [
              -4.4631929,
              31.5774759
            ],
            [
              -4.4632422,
              31.5772618
            ],
            [
              -4.4633911,
              31.5770775
            ],
            [
              -4.4637887,
              31.5767388
            ],
            [
              -4.4639432,
              31.5765536
            ],
            [
              -4.4640095,
              31.5763365
            ],
            [
              -4.4639653,
              31.5761599
            ],
            [
              -4.4637666,
              31.5758473
            ],
            [
              -4.463668,
              31.5756591
            ],
            [
              -4.4635712,
              31.5754073
            ],
            [
              -4.4635084,
              31.5751757
            ],
            [
              -4.4634166,
              31.5747329
            ],
            [
              -4.4633617,
              31.5745008
            ],
            [
              -4.4632887,
              31.5742475
            ],
            [
              -4.4632218,
              31.5740574
            ],
            [
              -4.4630944,
              31.5737405
            ],
            [
              -4.4630094,
              31.5735861
            ],
            [
              -4.462882,
              31.5734399
            ],
            [
              -4.4627546,
              31.5733506
            ],
            [
              -4.4624998,
              31.5732291
            ],
            [
              -4.4623894,
              31.573148
            ],
            [
              -4.4623129,
              31.5730264
            ],
            [
              -4.462296,
              31.5729049
            ],
            [
              -4.4623214,
              31.5726617
            ],
            [
              -4.4623979,
              31.5725537
            ],
            [
              -4.4626017,
              31.5724726
            ],
            [
              -4.4628651,
              31.5724456
            ],
            [
              -4.4634511,
              31.5724456
            ],
            [
              -4.4637988,
              31.5724316
            ],
            [
              -4.4642558,
              31.5723896
            ],
            [
              -4.4646698,
              31.5723337
            ],
            [
              -4.4654546,
              31.5722077
            ],
            [
              -4.4658595,
              31.5721643
            ],
            [
              -4.4662893,
              31.57216
            ],
            [
              -4.4666008,
              31.5721962
            ],
            [
              -4.4671053,
              31.572309
            ],
            [
              -4.4673522,
              31.5723298
            ],
            [
              -4.4675883,
              31.5722791
            ],
            [
              -4.467735,
              31.5721739
            ],
            [
              -4.4679389,
              31.5719091
            ],
            [
              -4.468085,
              31.5717788
            ],
            [
              -4.4683194,
              31.5716529
            ],
            [
              -4.468564,
              31.5715733
            ],
            [
              -4.4690635,
              31.5714604
            ],
            [
              -4.4693171,
              31.5714252
            ],
            [
              -4.4695788,
              31.5714325
            ],
            [
              -4.4697611,
              31.5714797
            ],
            [
              -4.4700465,
              31.5716144
            ],
            [
              -4.4702051,
              31.571665
            ],
            [
              -4.4703953,
              31.5716824
            ],
            [
              -4.4705539,
              31.5716607
            ],
            [
              -4.4708393,
              31.5715781
            ],
            [
              -4.4709973,
              31.5715699
            ],
            [
              -4.4711859,
              31.5716278
            ],
            [
              -4.4713422,
              31.5717325
            ],
            [
              -4.4716224,
              31.5719887
            ],
            [
              -4.4717674,
              31.5720953
            ],
            [
              -4.471922,
              31.572159
            ],
            [
              -4.4720347,
              31.5721585
            ],
            [
              -4.4722181,
              31.5720934
            ],
            [
              -4.4723382,
              31.5720828
            ],
            [
              -4.4725148,
              31.5721161
            ],
            [
              -4.4726893,
              31.5721822
            ],
            [
              -4.4730358,
              31.5723471
            ],
            [
              -4.4732176,
              31.5724012
            ],
            [
              -4.4734164,
              31.5723983
            ],
            [
              -4.4735659,
              31.5723394
            ],
            [
              -4.4738156,
              31.5721658
            ],
            [
              -4.4739362,
              31.5720616
            ],
            [
              -4.4740484,
              31.5719226
            ],
            [
              -4.4741146,
              31.5717952
            ],
            [
              -4.4742013,
              31.5715521
            ],
            [
              -4.4742245,
              31.5714324
            ],
            [
              -4.4742075,
              31.5713166
            ],
            [
              -4.474156,
              31.5712433
            ],
            [
              -4.4740183,
              31.5711391
            ],
            [
              -4.4739679,
              31.5710629
            ],
            [
              -4.4739543,
              31.5709384
            ],
            [
              -4.4739821,
              31.5708072
            ],
            [
              -4.4740789,
              31.5705379
            ],
            [
              -4.4740948,
              31.5703908
            ],
            [
              -4.4740455,
              31.5702185
            ],
            [
              -4.4739476,
              31.5700786
            ],
            [
              -4.4737029,
              31.5698311
            ],
            [
              -4.4735489,
              31.5697158
            ],
            [
              -4.4733315,
              31.5696174
            ],
            [
              -4.4731231,
              31.5695687
            ],
            [
              -4.4727153,
              31.5695209
            ],
            [
              -4.4724928,
              31.5695089
            ],
            [
              -4.4722329,
              31.5695205
            ],
            [
              -4.4720222,
              31.5695518
            ],
            [
              -4.4716502,
              31.5696343
            ],
            [
              -4.4714531,
              31.5696869
            ],
            [
              -4.471234,
              31.5697621
            ],
            [
              -4.4710658,
              31.569835
            ],
            [
              -4.4707804,
              31.5699783
            ],
            [
              -4.4706235,
              31.5700338
            ],
            [
              -4.4704384,
              31.570057
            ],
            [
              -4.4702866,
              31.5700401
            ],
            [
              -4.4700165,
              31.5699662
            ],
            [
              -4.469871,
              31.5699431
            ],
            [
              -4.4697045,
              31.5699474
            ],
            [
              -4.4695725,
              31.5699778
            ],
            [
              -4.4693432,
              31.5700646
            ],
            [
              -4.4692203,
              31.5701032
            ],
            [
              -4.469081,
              31.5701322
            ],
            [
              -4.4689717,
              31.5701418
            ],
            [
              -4.4687831,
              31.5701418
            ],
            [
              -4.4686314,
              31.5701495
            ],
            [
              -4.4683646,
              31.5701727
            ],
            [
              -4.4680719,
              31.5702036
            ],
            [
              -4.4674603,
              31.570273
            ],
            [
              -4.4671608,
              31.5703044
            ],
            [
              -4.4668737,
              31.570329
            ],
            [
              -4.4666947,
              31.5703387
            ],
            [
              -4.466445,
              31.570343
            ],
            [
              -4.4663057,
              31.5703339
            ],
            [
              -4.4661375,
              31.570302
            ],
            [
              -4.4659965,
              31.5702581
            ],
            [
              -4.4657417,
              31.5701583
            ],
            [
              -4.4656064,
              31.5701293
            ],
            [
              -4.4654552,
              31.5701423
            ],
            [
              -4.4653385,
              31.570193
            ],
            [
              -4.4651398,
              31.5703319
            ],
            [
              -4.4650226,
              31.5704023
            ],
            [
              -4.4648697,
              31.5704747
            ],
            [
              -4.4647321,
              31.5705249
            ],
            [
              -4.4644721,
              31.570603
            ],
            [
              -4.4643141,
              31.5706368
            ],
            [
              -4.4641001,
              31.57066
            ],
            [
              -4.4639013,
              31.5706648
            ],
            [
              -4.4635191,
              31.5706561
            ],
            [
              -4.4632988,
              31.5706561
            ],
            [
              -4.4630202,
              31.5706648
            ],
            [
              -4.4627761,
              31.5706793
            ],
            [
              -4.4623226,
              31.570714
            ],
            [
              -4.4620723,
              31.5707401
            ],
            [
              -4.461775,
              31.5707835
            ],
            [
              -4.4615298,
              31.5708298
            ],
            [
              -4.4610915,
              31.5709254
            ],
            [
              -4.4608525,
              31.5709838
            ],
            [
              -4.4605739,
              31.5710634
            ],
            [
              -4.4603486,
              31.5711377
            ],
            [
              -4.459951,
              31.5712809
            ],
            [
              -4.4597194,
              31.5713586
            ],
            [
              -4.4594222,
              31.5714483
            ],
            [
              -4.4591583,
              31.5715202
            ],
            [
              -4.4580688,
              31.5717981
            ],
            [
              -4.4573292,
              31.5719877
            ],
            [
              -4.4566616,
              31.5721518
            ],
            [
              -4.4556372,
              31.5723911
            ],
            [
              -4.4553008,
              31.572461
            ],
            [
              -4.4549644,
              31.5725146
            ],
            [
              -4.4547402,
              31.5725339
            ],
            [
              -4.4544038,
              31.5725382
            ],
            [
              -4.4542232,
              31.5725479
            ],
            [
              -4.4540176,
              31.5725725
            ],
            [
              -4.4538556,
              31.5726038
            ],
            [
              -4.4535754,
              31.5726733
            ],
            [
              -4.4534077,
              31.5726983
            ],
            [
              -4.4531852,
              31.5727041
            ],
            [
              -4.4529819,
              31.5726887
            ],
            [
              -4.4525946,
              31.5726366
            ],
            [
              -4.4524066,
              31.5726352
            ],
            [
              -4.4522299,
              31.5726829
            ],
            [
              -4.4521235,
              31.572764
            ],
            [
              -4.4519807,
              31.5729594
            ],
            [
              -4.4519264,
              31.5730791
            ],
            [
              -4.451906,
              31.5732426
            ],
            [
              -4.4519264,
              31.5733955
            ],
            [
              -4.4520079,
              31.5736908
            ],
            [
              -4.452077,
              31.5738649
            ],
            [
              -4.4522027,
              31.5740922
            ],
            [
              -4.4523432,
              31.5742967
            ],
            [
              -4.4526387,
              31.5746832
            ],
            [
              -4.4527741,
              31.5748988
            ],
            [
              -4.4528845,
              31.5751594
            ],
            [
              -4.4529332,
              31.5753779
            ],
            [
              -4.4529689,
              31.575773
            ],
            [
              -4.4530006,
              31.5759819
            ],
            [
              -4.4530601,
              31.5762135
            ],
            [
              -4.4531274,
              31.5763905
            ],
            [
              -4.4532702,
              31.5766901
            ],
            [
              -4.4533534,
              31.5768517
            ],
            [
              -4.4534604,
              31.577037
            ],
            [
              -4.4535556,
              31.5771841
            ],
            [
              -4.4537339,
              31.5774403
            ],
            [
              -4.4538364,
              31.5776
            ],
            [
              -4.4539655,
              31.5778228
            ],
            [
              -4.4540782,
              31.5780346
            ],
            [
              -4.4544033,
              31.5786801
            ],
            [
              -4.4545425,
              31.5789666
            ],
            [
              -4.4548676,
              31.5796584
            ],
            [
              -4.4549689,
              31.5798914
            ],
            [
              -4.4550641,
              31.5801432
            ],
            [
              -4.4551213,
              31.5803299
            ],
            [
              -4.455243,
              31.5808104
            ],
            [
              -4.4553025,
              31.5810188
            ],
            [
              -4.4554582,
              31.5815109
            ],
            [
              -4.455533,
              31.5816889
            ],
            [
              -4.4556553,
              31.581906
            ],
            [
              -4.4557844,
              31.5820898
            ],
            [
              -4.4560494,
              31.582424
            ],
            [
              -4.4562159,
              31.5826049
            ],
            [
              -4.4564504,
              31.5828133
            ],
            [
              -4.4566746,
              31.5829798
            ],
            [
              -4.4573507,
              31.5834265
            ],
            [
              -4.4576259,
              31.583603
            ],
            [
              -4.4582341,
              31.5839802
            ],
            [
              -4.4584646,
              31.5841037
            ],
            [
              -4.4587687,
              31.5842354
            ],
            [
              -4.459045,
              31.5843314
            ],
            [
              -4.4595699,
              31.5844878
            ],
            [
              -4.4598332,
              31.584563
            ],
            [
              -4.4600982,
              31.5846325
            ],
            [
              -4.4602766,
              31.584673
            ],
            [
              -4.4605467,
              31.5847251
            ],
            [
              -4.4606979,
              31.5847487
            ],
            [
              -4.4608814,
              31.5847675
            ],
            [
              -4.461036,
              31.5847752
            ],
            [
              -4.4613163,
              31.5847796
            ],
            [
              -4.4614704,
              31.5848056
            ],
            [
              -4.4616521,
              31.5848794
            ],
            [
              -4.4618011,
              31.5849764
            ],
            [
              -4.462066,
              31.5851934
            ],
            [
              -4.4621968,
              31.585315
            ],
            [
              -4.4623243,
              31.5854626
            ],
            [
              -4.4624058,
              31.5855871
            ],
            [
              -4.462523,
              31.5858128
            ],
            [
              -4.4626023,
              31.5859421
            ],
            [
              -4.4627229,
              31.5861042
            ],
            [
              -4.4628446,
              31.5862451
            ],
            [
              -4.4630893,
              31.5865055
            ],
            [
              -4.4632161,
              31.5866353
            ],
            [
              -4.463352,
              31.5867641
            ],
            [
              -4.4634517,
              31.586849
            ],
            [
              -4.4636148,
              31.5869749
            ],
            [
              -4.4637179,
              31.5870362
            ],
            [
              -4.463864,
              31.587094
            ],
            [
              -4.4640044,
              31.5871293
            ],
            [
              -4.4642796,
              31.587177
            ],
            [
              -4.4644138,
              31.5872238
            ],
            [
              -4.4645412,
              31.5873164
            ],
            [
              -4.4646193,
              31.587424
            ],
            [
              -4.4647875,
              31.587793
            ],
            [
              -4.464864,
              31.5879797
            ],
            [
              -4.4650526,
              31.5884818
            ],
            [
              -4.4651228,
              31.5886531
            ],
            [
              -4.4652111,
              31.5888368
            ],
            [
              -4.4652881,
              31.5889719
            ],
            [
              -4.4654309,
              31.5891933
            ],
            [
              -4.4655115,
              31.5893033
            ],
            [
              -4.4656109,
              31.5894118
            ],
            [
              -4.4656959,
              31.5894827
            ],
            [
              -4.4658513,
              31.5895869
            ],
            [
              -4.4659365,
              31.5896303
            ],
            [
              -4.4660368,
              31.5896564
            ],
            [
              -4.4661186,
              31.5896564
            ],
            [
              -4.4662638,
              31.5896303
            ],
            [
              -4.4663023,
              31.5895348
            ],
            [
              -4.4662726,
              31.5892744
            ],
            [
              -4.4661845,
              31.5889357
            ],
            [
              -4.4659501,
              31.5881804
            ],
            [
              -4.4658102,
              31.5877655
            ],
            [
              -4.465625,
              31.5872764
            ]
          ]
        ]
      },
      "id": "way/1218229791"
    },
    {
      "type": "Feature",
      "properties": {
        "@id": "way/1228863463",
        "alt_name": "Al-Kamra;Alqamra;Borj al-Kamra",
        "building": "yes",
        "building:material": "stone",
        "historic": "watchtower",
        "int_name": "Alqamra Tower",
        "man_made": "tower",
        "name": "برج القمرة",
        "name:ar": "برج القمرة",
        "name:en": "Al Qamra Tower",
        "name:fr": "Tour Al Qamra",
        "start_date": "C16",
        "tourism": "attraction",
        "tower:construction": "freestanding",
        "tower:type": "defensive",
        "wikidata": "Q55188883",
        "wikimedia_commons": "File:Al Qamra tower - Asilah.jpg"
      },
      "geometry": {
        "type": "Polygon",
        "coordinates": [
          [
            [
              -6.0377645,
              35.4663261
            ],
            [
              -6.0378732,
              35.4662542
            ],
            [
              -6.0378879,
              35.4662444
            ],
            [
              -6.0378142,
              35.4661706
            ],
            [
              -6.0376908,
              35.4662522
            ],
            [
              -6.0377645,
              35.4663261
            ]
          ]
        ]
      },
      "id": "way/1228863463"
    },
    {
      "type": "Feature",
      "properties": {
        "@id": "way/1272038718",
        "building": "yes",
        "name": "Zoo",
        "name:en": "Small animals",
        "name:fr": "Paons et pigeons",
        "opening_hours": "Tu-Su 09:00-20:00",
        "tourism": "attraction",
        "wheelchair": "yes"
      },
      "geometry": {
        "type": "Polygon",
        "coordinates": [
          [
            [
              -4.9891044,
              34.0589734
            ],
            [
              -4.9891328,
              34.0586485
            ],
            [
              -4.9890721,
              34.0586449
            ],
            [
              -4.9890437,
              34.0589698
            ],
            [
              -4.9891044,
              34.0589734
            ]
          ]
        ]
      },
      "id": "way/1272038718"
    },
    {
      "type": "Feature",
      "properties": {
        "@id": "way/1353906713",
        "abandoned": "1549",
        "access": "yes",
        "area": "yes",
        "condition": "ruins",
        "description": "Une forteresse historique construite par les Portugais en 1458, située stratégiquement sur le détroit de Gibraltar.",
        "description:ar": "قلعة تاريخية بناها البرتغاليون عام 1458، وتقع بشكل استراتيجي على مضيق جبل طارق.",
        "description:de": "Eine historische Festung, die 1458 von den Portugiesen errichtet wurde und strategisch an der Straße von Gibraltar liegt.",
        "description:en": "A historic fortress built by the Portuguese in 1458, strategically located on the Strait of Gibraltar.",
        "heritage": "yes",
        "historic": "fort",
        "material": "stone",
        "name": "Forteresse portugaise de Ksar es-Seghir",
        "name:ar": "القلعة البرتغالية بالقصر الصغير",
        "name:de": "Portugiesische Festung von Ksar es-Seghir",
        "name:en": "Portuguese Fortress of Ksar es-Seghir",
        "start_date": "1458",
        "tourism": "attraction"
      },
      "geometry": {
        "type": "Polygon",
        "coordinates": [
          [
            [
              -5.5598737,
              35.8416355
            ],
            [
              -5.5585768,
              35.8411251
            ],
            [
              -5.5577099,
              35.8414196
            ],
            [
              -5.5574713,
              35.8418547
            ],
            [
              -5.5574078,
              35.8420294
            ],
            [
              -5.5572881,
              35.8423586
            ],
            [
              -5.5570505,
              35.8423202
            ],
            [
              -5.5570486,
              35.8426184
            ],
            [
              -5.5570759,
              35.8426576
            ],
            [
              -5.5572164,
              35.8427003
            ],
            [
              -5.5572618,
              35.8426204
            ],
            [
              -5.5576078,
              35.8427921
            ],
            [
              -5.5575356,
              35.8429044
            ],
            [
              -5.5574004,
              35.8428495
            ],
            [
              -5.5573889,
              35.8428448
            ],
            [
              -5.5572954,
              35.8428162
            ],
            [
              -5.5572905,
              35.8428389
            ],
            [
              -5.5571793,
              35.8432349
            ],
            [
              -5.5571672,
              35.8432839
            ],
            [
              -5.5570539,
              35.8436509
            ],
            [
              -5.5570439,
              35.8437843
            ],
            [
              -5.5577242,
              35.8438137
            ],
            [
              -5.5582084,
              35.8438176
            ],
            [
              -5.5584999,
              35.843836
            ],
            [
              -5.5588018,
              35.843855
            ],
            [
              -5.5587896,
              35.8442055
            ],
            [
              -5.5588755,
              35.8443486
            ],
            [
              -5.5590124,
              35.8444222
            ],
            [
              -5.5591826,
              35.8441065
            ],
            [
              -5.5592829,
              35.8438952
            ],
            [
              -5.5594741,
              35.8429797
            ],
            [
              -5.5595481,
              35.8428537
            ],
            [
              -5.5598999,
              35.8418808
            ],
            [
              -5.5598737,
              35.8416355
            ]
          ]
        ]
      },
      "id": "way/1353906713"
    },
    {
      "type": "Feature",
      "properties": {
        "@id": "way/1361559339",
        "building": "roof",
        "layer": "1",
        "name:en": "Monumental porch",
        "name:fr": "Porche monumental",
        "tourism": "attraction"
      },
      "geometry": {
        "type": "Polygon",
        "coordinates": [
          [
            [
              -6.8387901,
              34.0257255
            ],
            [
              -6.8387266,
              34.0256009
            ],
            [
              -6.8386974,
              34.0256111
            ],
            [
              -6.8386724,
              34.0256198
            ],
            [
              -6.8387359,
              34.0257445
            ],
            [
              -6.8387635,
              34.0257349
            ],
            [
              -6.8387901,
              34.0257255
            ]
          ]
        ]
      },
      "id": "way/1361559339"
    },
    {
      "type": "Feature",
      "properties": {
        "@id": "way/1420165393",
        "addr:city": "Ait Hassan آيت حسان ⴰⵢⵜ ⵃⴰⵙⵙⴰⵏ",
        "addr:street": "ROUTE SECONDAIRE AIT HASSAN",
        "name": "تلاتٌ نفلوين Tlat Neflouine",
        "name:ar": "تلاتٌ نفلوين",
        "name:fr": "Tlat Neflouine",
        "tourism": "attraction"
      },
      "geometry": {
        "type": "Polygon",
        "coordinates": [
          [
            [
              -4.0364357,
              33.4957348
            ],
            [
              -4.037349,
              33.4956946
            ],
            [
              -4.0376651,
              33.4953124
            ],
            [
              -4.0367781,
              33.4944424
            ],
            [
              -4.0359692,
              33.4940512
            ],
            [
              -4.0351598,
              33.4946394
            ],
            [
              -4.0349969,
              33.4951064
            ],
            [
              -4.0364674,
              33.4958261
            ],
            [
              -4.0364357,
              33.4957348
            ]
          ]
        ]
      },
      "id": "way/1420165393"
    },
    {
      "type": "Feature",
      "properties": {
        "@id": "way/1446994950",
        "area": "yes",
        "historic": "city_gate",
        "name": "Bab Moulay Youssef",
        "tourism": "attraction"
      },
      "geometry": {
        "type": "Polygon",
        "coordinates": [
          [
            [
              -9.7700774,
              31.5127724
            ],
            [
              -9.7700027,
              31.5127095
            ],
            [
              -9.7699354,
              31.5126532
            ],
            [
              -9.769888,
              31.5126945
            ],
            [
              -9.7698669,
              31.5127126
            ],
            [
              -9.7699336,
              31.5127691
            ],
            [
              -9.7700239,
              31.5128445
            ],
            [
              -9.7700689,
              31.5128061
            ],
            [
              -9.7700534,
              31.5127929
            ],
            [
              -9.7700774,
              31.5127724
            ]
          ]
        ]
      },
      "id": "way/1446994950"
    },
    {
      "type": "Feature",
      "properties": {
        "@id": "way/1472686412",
        "historic": "fort",
        "name": "Fuerte Kol-La",
        "ruins": "yes",
        "tourism": "attraction"
      },
      "geometry": {
        "type": "Polygon",
        "coordinates": [
          [
            [
              -2.9683712,
              35.226349
            ],
            [
              -2.9682317,
              35.226349
            ],
            [
              -2.9682317,
              35.2264498
            ],
            [
              -2.9683685,
              35.2264498
            ],
            [
              -2.9683712,
              35.226349
            ]
          ]
        ]
      },
      "id": "way/1472686412"
    },
    {
      "type": "Feature",
      "properties": {
        "@id": "way/1489603778",
        "addr:city": "Marrakech",
        "addr:housename": "Ranch",
        "addr:postcode": "40000",
        "area": "yes",
        "name": "The Burn Marrakech",
        "tourism": "attraction"
      },
      "geometry": {
        "type": "Polygon",
        "coordinates": [
          [
            [
              -7.8884897,
              31.7417636
            ],
            [
              -7.8885642,
              31.7417394
            ],
            [
              -7.8884656,
              31.7415089
            ],
            [
              -7.8883278,
              31.7415663
            ],
            [
              -7.8883775,
              31.7416834
            ],
            [
              -7.8884219,
              31.7417896
            ],
            [
              -7.8884897,
              31.7417636
            ]
          ]
        ]
      },
      "id": "way/1489603778"
    },
    {
      "type": "Feature",
      "properties": {
        "@id": "way/1490981685",
        "building": "yes",
        "historic": "city_gate",
        "name": "Bab Kabish",
        "name:ar": "باب كبيش",
        "name:en": "Bab Kabish",
        "tourism": "attraction"
      },
      "geometry": {
        "type": "Polygon",
        "coordinates": [
          [
            [
              -5.5514705,
              33.8613573
            ],
            [
              -5.5514747,
              33.861361
            ],
            [
              -5.5515276,
              33.8613251
            ],
            [
              -5.5516013,
              33.8612749
            ],
            [
              -5.5514993,
              33.8611715
            ],
            [
              -5.5513709,
              33.861259
            ],
            [
              -5.5514484,
              33.8613355
            ],
            [
              -5.5511645,
              33.8615243
            ],
            [
              -5.5511254,
              33.8615506
            ],
            [
              -5.5509037,
              33.8616981
            ],
            [
              -5.5508319,
              33.8616259
            ],
            [
              -5.5507055,
              33.861712
            ],
            [
              -5.5507756,
              33.8617829
            ],
            [
              -5.5507852,
              33.8617927
            ],
            [
              -5.5508074,
              33.8618152
            ],
            [
              -5.5509087,
              33.8617462
            ],
            [
              -5.5509343,
              33.8617288
            ],
            [
              -5.5509275,
              33.8617221
            ],
            [
              -5.5511475,
              33.8615746
            ],
            [
              -5.5511867,
              33.8615484
            ],
            [
              -5.5514705,
              33.8613573
            ]
          ]
        ]
      },
      "id": "way/1490981685"
    },
    {
      "type": "Feature",
      "properties": {
        "@id": "way/1493145287",
        "area": "yes",
        "historic": "heritage",
        "name": "Tannery of Meknes",
        "tourism": "attraction"
      },
      "geometry": {
        "type": "Polygon",
        "coordinates": [
          [
            [
              -5.5707861,
              33.896774
            ],
            [
              -5.570913,
              33.8969673
            ],
            [
              -5.5717731,
              33.8966132
            ],
            [
              -5.5719409,
              33.896521
            ],
            [
              -5.5719267,
              33.8965032
            ],
            [
              -5.571998,
              33.8964603
            ],
            [
              -5.5714577,
              33.8958362
            ],
            [
              -5.5704982,
              33.896337
            ],
            [
              -5.5707861,
              33.896774
            ]
          ]
        ]
      },
      "id": "way/1493145287"
    },
    {
      "type": "Feature",
      "properties": {
        "@id": "way/1493502007",
        "historic": "heritage",
        "layer": "1",
        "man_made": "bridge",
        "name": "Pont Al Foursane",
        "tourism": "attraction"
      },
      "geometry": {
        "type": "Polygon",
        "coordinates": [
          [
            [
              -5.5616664,
              33.8777501
            ],
            [
              -5.5622604,
              33.8771487
            ],
            [
              -5.5635432,
              33.8758101
            ],
            [
              -5.5634848,
              33.8757712
            ],
            [
              -5.5634271,
              33.8757327
            ],
            [
              -5.5621354,
              33.8770774
            ],
            [
              -5.5615499,
              33.8776724
            ],
            [
              -5.5616099,
              33.8777124
            ],
            [
              -5.5616664,
              33.8777501
            ]
          ]
        ]
      },
      "id": "way/1493502007"
    },
    {
      "type": "Feature",
      "properties": {
        "@id": "way/1531664454",
        "area": "yes",
        "building": "yes",
        "historic": "tower",
        "name": "Borj El Ghandouri",
        "name:ar": "برج الغاندوري",
        "tourism": "attraction"
      },
      "geometry": {
        "type": "Polygon",
        "coordinates": [
          [
            [
              -5.7593957,
              35.7879173
            ],
            [
              -5.7594201,
              35.78787
            ],
            [
              -5.7593677,
              35.7878522
            ],
            [
              -5.7593433,
              35.7878995
            ],
            [
              -5.7593957,
              35.7879173
            ]
          ]
        ]
      },
      "id": "way/1531664454"
    },
    {
      "type": "Feature",
      "properties": {
        "@id": "way/377807191",
        "addr:city": "Tinghir",
        "addr:postcode": "45800",
        "area": "yes",
        "name": "Gorges de Todgha Aghbalou N Todra",
        "name:de": "Todra-Schlucht",
        "name:es": "Gargantas del Todra",
        "name:fr": "Gorges du Todra",
        "name:it": "Gole di Todra",
        "tourism": "attraction",
        "wheelchair": "no",
        "wikidata": "Q3111026",
        "wikimedia_commons": "Category:Todgha Gorge",
        "wikipedia": "en:Todgha Gorge",
        "@relations": [
          {
            "role": "",
            "rel": 18157938,
            "reltags": {
              "alt_name": "Todra Gorge",
              "int_name": "Todgha Canyon",
              "name": "Todgha Gorge",
              "place": "locality",
              "tourism": "attraction",
              "type": "site",
              "wikidata": "Q3111026",
              "wikipedia": "en:Todgha Gorge"
            }
          }
        ]
      },
      "geometry": {
        "type": "Polygon",
        "coordinates": [
          [
            [
              -5.5945084,
              31.5949149
            ],
            [
              -5.5950697,
              31.5941923
            ],
            [
              -5.5962072,
              31.5924875
            ],
            [
              -5.5967254,
              31.5916779
            ],
            [
              -5.5971426,
              31.5909541
            ],
            [
              -5.5973196,
              31.5905573
            ],
            [
              -5.5974335,
              31.5900908
            ],
            [
              -5.5974361,
              31.5898191
            ],
            [
              -5.5973299,
              31.5894706
            ],
            [
              -5.5971503,
              31.5891614
            ],
            [
              -5.5967176,
              31.5885823
            ],
            [
              -5.5964207,
              31.5882855
            ],
            [
              -5.5959623,
              31.587974
            ],
            [
              -5.5954954,
              31.5877518
            ],
            [
              -5.594553,
              31.5873964
            ],
            [
              -5.5940578,
              31.5871435
            ],
            [
              -5.5935145,
              31.5867399
            ],
            [
              -5.5931042,
              31.5863202
            ],
            [
              -5.5924167,
              31.5854647
            ],
            [
              -5.5921781,
              31.5850311
            ],
            [
              -5.5921498,
              31.5845859
            ],
            [
              -5.5923412,
              31.5842773
            ],
            [
              -5.5929437,
              31.5837969
            ],
            [
              -5.5931969,
              31.5835286
            ],
            [
              -5.593354,
              31.5832039
            ],
            [
              -5.5933626,
              31.5829312
            ],
            [
              -5.5932312,
              31.5824377
            ],
            [
              -5.5931179,
              31.5821891
            ],
            [
              -5.5929094,
              31.5819368
            ],
            [
              -5.592675,
              31.581765
            ],
            [
              -5.5921807,
              31.5815018
            ],
            [
              -5.5918493,
              31.581406
            ],
            [
              -5.5913498,
              31.5813819
            ],
            [
              -5.5908486,
              31.5814374
            ],
            [
              -5.5898443,
              31.5816283
            ],
            [
              -5.5893663,
              31.5818345
            ],
            [
              -5.5889363,
              31.5822622
            ],
            [
              -5.5886977,
              31.5827689
            ],
            [
              -5.5884118,
              31.5838613
            ],
            [
              -5.588417,
              31.5845142
            ],
            [
              -5.5887183,
              31.5853807
            ],
            [
              -5.5892152,
              31.5861718
            ],
            [
              -5.5904048,
              31.5876787
            ],
            [
              -5.5909807,
              31.5883937
            ],
            [
              -5.5915189,
              31.589032
            ],
            [
              -5.5918399,
              31.5893807
            ],
            [
              -5.5922647,
              31.5897887
            ],
            [
              -5.5925197,
              31.5899685
            ],
            [
              -5.5928595,
              31.5901001
            ],
            [
              -5.5931711,
              31.5901396
            ],
            [
              -5.5937659,
              31.5901265
            ],
            [
              -5.5940534,
              31.5901331
            ],
            [
              -5.5943212,
              31.590166
            ],
            [
              -5.59448,
              31.5902142
            ],
            [
              -5.5946886,
              31.5903261
            ],
            [
              -5.5947916,
              31.5904167
            ],
            [
              -5.594892,
              31.5905768
            ],
            [
              -5.5949564,
              31.590753
            ],
            [
              -5.5950491,
              31.5911215
            ],
            [
              -5.5950362,
              31.5913671
            ],
            [
              -5.5949049,
              31.5917356
            ],
            [
              -5.5946989,
              31.5921041
            ],
            [
              -5.5942123,
              31.592841
            ],
            [
              -5.5939514,
              31.5932219
            ],
            [
              -5.5936552,
              31.5936277
            ],
            [
              -5.5934226,
              31.5939231
            ],
            [
              -5.593021,
              31.5944034
            ],
            [
              -5.5928982,
              31.594652
            ],
            [
              -5.5929317,
              31.5949174
            ],
            [
              -5.5931102,
              31.5951111
            ],
            [
              -5.5936123,
              31.595427
            ],
            [
              -5.5939618,
              31.5953779
            ],
            [
              -5.5945084,
              31.5949149
            ]
          ]
        ]
      },
      "id": "way/377807191"
    },
    {
      "type": "Feature",
      "properties": {
        "@id": "way/307355883",
        "name": "Prison de Qara سجن قارا",
        "name:ar": "سجن قارا",
        "name:fr": "Prison de Qara",
        "tourism": "attraction"
      },
      "geometry": {
        "type": "LineString",
        "coordinates": [
          [
            -5.5646064,
            33.8904592
          ],
          [
            -5.5649998,
            33.8907629
          ],
          [
            -5.5648313,
            33.890931
          ],
          [
            -5.564997,
            33.8910471
          ],
          [
            -5.5651621,
            33.890896
          ]
        ]
      },
      "id": "way/307355883"
    },
    {
      "type": "Feature",
      "properties": {
        "@id": "way/444467924",
        "barrier": "wall",
        "historic": "citywalls",
        "historic:civilization": "ottoman",
        "name": "Muraille ottomane الجدار العثماني",
        "name:ar": "الجدار العثماني",
        "name:fr": "Muraille ottomane",
        "tourism": "attraction",
        "year_of_construction": "1508"
      },
      "geometry": {
        "type": "LineString",
        "coordinates": [
          [
            -1.2390864,
            32.1121923
          ],
          [
            -1.2385187,
            32.1127651
          ],
          [
            -1.2378227,
            32.1135511
          ],
          [
            -1.2377191,
            32.1136743
          ],
          [
            -1.2373833,
            32.1140738
          ],
          [
            -1.237023,
            32.1146549
          ],
          [
            -1.2366182,
            32.1147762
          ],
          [
            -1.2365197,
            32.1147956
          ],
          [
            -1.2363489,
            32.1147423
          ]
        ]
      },
      "id": "way/444467924"
    },
    {
      "type": "Feature",
      "properties": {
        "@id": "way/561377825",
        "description": "Helical mountain tunnel excavated in the early 20th century by the French Foreign Legion. It spirals through the rock to overcome steep elevation and was part of a former military track. Located in a remote High Atlas area near Agoudim.",
        "highway": "tertiary",
        "lanes": "1",
        "layer": "-1",
        "name": "Tunnel du Tagountsa",
        "name:en": "Tagounsta Tunnel",
        "name:fr": "Tunnel du Tagountsa",
        "name:pt": "Túnel de Tagounsta",
        "ref": "RP7113",
        "start_date": "1933",
        "surface": "compacted",
        "tourism": "attraction",
        "tunnel": "yes"
      },
      "geometry": {
        "type": "LineString",
        "coordinates": [
          [
            -4.9428606,
            32.1687061
          ],
          [
            -4.9429894,
            32.1687673
          ],
          [
            -4.9430926,
            32.1688264
          ],
          [
            -4.9431677,
            32.1688854
          ],
          [
            -4.9432173,
            32.1689478
          ],
          [
            -4.9432281,
            32.1690126
          ],
          [
            -4.9432254,
            32.1690909
          ],
          [
            -4.9432173,
            32.169142
          ],
          [
            -4.943209,
            32.1691698
          ]
        ]
      },
      "id": "way/561377825"
    },
    {
      "type": "Feature",
      "properties": {
        "@id": "way/57853969",
        "@relations": [
          {
            "role": "part",
            "rel": 6002963,
            "reltags": {
              "addr:city": "Casablanca ⵜⴰⴷⴷⴰⵔⵜ ⵜⵓⵎⵍⵉⵍⵜ الدار البيضاء",
              "amenity": "place_of_worship",
              "building": "yes",
              "layer": "1",
              "name": "Mosquée Hassan II مسجد الحسن الثاني",
              "name:ar": "مسجد الحسن الثاني",
              "name:de": "Hassan II.-Moschee",
              "name:en": "Hassan II Mosque",
              "name:es": "Mezquita Hassan II",
              "name:fr": "Mosquée Hassan II",
              "name:he": "מסגד חסן השני",
              "name:hi": "हसन द्वितीय मस्जिद",
              "name:it": "Moschea di Hassan II",
              "name:ml": "ഹസ്സൻ II മുസ്ലിം പള്ളി",
              "name:nl": "Hassan II-moskee",
              "name:zh": "哈桑二世清真寺",
              "religion": "muslim",
              "start_date": "1993",
              "tourism": "attraction",
              "type": "building",
              "wheelchair": "yes",
              "wikidata": "Q41346",
              "wikipedia": "en:Hassan II Mosque"
            }
          }
        ]
      },
      "geometry": {
        "type": "LineString",
        "coordinates": [
          [
            -7.6334504,
            33.6081067
          ],
          [
            -7.6333597,
            33.6081029
          ],
          [
            -7.6333736,
            33.6078803
          ],
          [
            -7.6333507,
            33.6078801
          ],
          [
            -7.6333553,
            33.6078209
          ],
          [
            -7.6333026,
            33.6077937
          ],
          [
            -7.6333147,
            33.6077795
          ],
          [
            -7.6328941,
            33.6075652
          ],
          [
            -7.6328847,
            33.6075774
          ],
          [
            -7.6328304,
            33.6075493
          ],
          [
            -7.6327662,
            33.6075764
          ],
          [
            -7.6327596,
            33.6075628
          ],
          [
            -7.6323181,
            33.6077506
          ],
          [
            -7.6323243,
            33.6077627
          ],
          [
            -7.6322656,
            33.6077874
          ],
          [
            -7.6322681,
            33.607854
          ],
          [
            -7.6322553,
            33.607854
          ],
          [
            -7.6322463,
            33.6080495
          ],
          [
            -7.6321497,
            33.6080447
          ],
          [
            -7.6321601,
            33.6078505
          ],
          [
            -7.632162,
            33.6078152
          ],
          [
            -7.6321456,
            33.6078148
          ],
          [
            -7.632147,
            33.6077716
          ],
          [
            -7.6321491,
            33.6077091
          ],
          [
            -7.6322008,
            33.6076865
          ],
          [
            -7.632269,
            33.6076567
          ],
          [
            -7.6322764,
            33.6076706
          ],
          [
            -7.6327176,
            33.6074789
          ],
          [
            -7.6327101,
            33.607464
          ],
          [
            -7.632772,
            33.607437
          ],
          [
            -7.6328401,
            33.6074073
          ],
          [
            -7.6329138,
            33.6074411
          ],
          [
            -7.6329633,
            33.6074638
          ],
          [
            -7.6329548,
            33.6074754
          ],
          [
            -7.6333878,
            33.6076784
          ],
          [
            -7.6333965,
            33.6076624
          ],
          [
            -7.6334641,
            33.6076933
          ],
          [
            -7.6335026,
            33.607711
          ],
          [
            -7.6334961,
            33.6078338
          ],
          [
            -7.6334936,
            33.6078815
          ],
          [
            -7.6334645,
            33.6078812
          ],
          [
            -7.6334504,
            33.6081067
          ]
        ]
      },
      "id": "way/57853969"
    },
    {
      "type": "Feature",
      "properties": {
        "@id": "way/118173667",
        "@relations": [
          {
            "role": "part",
            "rel": 6002963,
            "reltags": {
              "addr:city": "Casablanca ⵜⴰⴷⴷⴰⵔⵜ ⵜⵓⵎⵍⵉⵍⵜ الدار البيضاء",
              "amenity": "place_of_worship",
              "building": "yes",
              "layer": "1",
              "name": "Mosquée Hassan II مسجد الحسن الثاني",
              "name:ar": "مسجد الحسن الثاني",
              "name:de": "Hassan II.-Moschee",
              "name:en": "Hassan II Mosque",
              "name:es": "Mezquita Hassan II",
              "name:fr": "Mosquée Hassan II",
              "name:he": "מסגד חסן השני",
              "name:hi": "हसन द्वितीय मस्जिद",
              "name:it": "Moschea di Hassan II",
              "name:ml": "ഹസ്സൻ II മുസ്ലിം പള്ളി",
              "name:nl": "Hassan II-moskee",
              "name:zh": "哈桑二世清真寺",
              "religion": "muslim",
              "start_date": "1993",
              "tourism": "attraction",
              "type": "building",
              "wheelchair": "yes",
              "wikidata": "Q41346",
              "wikipedia": "en:Hassan II Mosque"
            }
          }
        ]
      },
      "geometry": {
        "type": "LineString",
        "coordinates": [
          [
            -7.6316626,
            33.6081026
          ],
          [
            -7.6316074,
            33.6088731
          ],
          [
            -7.6313572,
            33.6088648
          ],
          [
            -7.6312715,
            33.6088437
          ],
          [
            -7.6311783,
            33.6088016
          ],
          [
            -7.6311057,
            33.6087496
          ],
          [
            -7.6310457,
            33.6086842
          ],
          [
            -7.6310048,
            33.6086128
          ],
          [
            -7.630982,
            33.6085366
          ],
          [
            -7.6309421,
            33.6085351
          ],
          [
            -7.6309509,
            33.608364
          ],
          [
            -7.6309982,
            33.6083645
          ],
          [
            -7.6310337,
            33.6082942
          ],
          [
            -7.6310659,
            33.6082515
          ],
          [
            -7.6311229,
            33.6081971
          ],
          [
            -7.6311878,
            33.608154
          ],
          [
            -7.6312693,
            33.6081181
          ],
          [
            -7.6313405,
            33.6080992
          ],
          [
            -7.6314298,
            33.6080892
          ],
          [
            -7.6316626,
            33.6081026
          ]
        ]
      },
      "id": "way/118173667"
    },
    {
      "type": "Feature",
      "properties": {
        "@id": "way/416251743",
        "@relations": [
          {
            "role": "part",
            "rel": 6002963,
            "reltags": {
              "addr:city": "Casablanca ⵜⴰⴷⴷⴰⵔⵜ ⵜⵓⵎⵍⵉⵍⵜ الدار البيضاء",
              "amenity": "place_of_worship",
              "building": "yes",
              "layer": "1",
              "name": "Mosquée Hassan II مسجد الحسن الثاني",
              "name:ar": "مسجد الحسن الثاني",
              "name:de": "Hassan II.-Moschee",
              "name:en": "Hassan II Mosque",
              "name:es": "Mezquita Hassan II",
              "name:fr": "Mosquée Hassan II",
              "name:he": "מסגד חסן השני",
              "name:hi": "हसन द्वितीय मस्जिद",
              "name:it": "Moschea di Hassan II",
              "name:ml": "ഹസ്സൻ II മുസ്ലിം പള്ളി",
              "name:nl": "Hassan II-moskee",
              "name:zh": "哈桑二世清真寺",
              "religion": "muslim",
              "start_date": "1993",
              "tourism": "attraction",
              "type": "building",
              "wheelchair": "yes",
              "wikidata": "Q41346",
              "wikipedia": "en:Hassan II Mosque"
            }
          }
        ]
      },
      "geometry": {
        "type": "LineString",
        "coordinates": [
          [
            -7.632809,
            33.6078423
          ],
          [
            -7.6329813,
            33.6080021
          ],
          [
            -7.6328777,
            33.6080798
          ],
          [
            -7.6327735,
            33.608157
          ],
          [
            -7.6326812,
            33.608071
          ],
          [
            -7.6326017,
            33.6079972
          ],
          [
            -7.632809,
            33.6078423
          ]
        ]
      },
      "id": "way/416251743"
    },
    {
      "type": "Feature",
      "properties": {
        "@id": "way/416251746",
        "@relations": [
          {
            "role": "part",
            "rel": 6002963,
            "reltags": {
              "addr:city": "Casablanca ⵜⴰⴷⴷⴰⵔⵜ ⵜⵓⵎⵍⵉⵍⵜ الدار البيضاء",
              "amenity": "place_of_worship",
              "building": "yes",
              "layer": "1",
              "name": "Mosquée Hassan II مسجد الحسن الثاني",
              "name:ar": "مسجد الحسن الثاني",
              "name:de": "Hassan II.-Moschee",
              "name:en": "Hassan II Mosque",
              "name:es": "Mezquita Hassan II",
              "name:fr": "Mosquée Hassan II",
              "name:he": "מסגד חסן השני",
              "name:hi": "हसन द्वितीय मस्जिद",
              "name:it": "Moschea di Hassan II",
              "name:ml": "ഹസ്സൻ II മുസ്ലിം പള്ളി",
              "name:nl": "Hassan II-moskee",
              "name:zh": "哈桑二世清真寺",
              "religion": "muslim",
              "start_date": "1993",
              "tourism": "attraction",
              "type": "building",
              "wheelchair": "yes",
              "wikidata": "Q41346",
              "wikipedia": "en:Hassan II Mosque"
            }
          }
        ]
      },
      "geometry": {
        "type": "LineString",
        "coordinates": [
          [
            -7.6327837,
            33.6081121
          ],
          [
            -7.6326656,
            33.6079996
          ],
          [
            -7.6328072,
            33.6078965
          ],
          [
            -7.6329253,
            33.608009
          ],
          [
            -7.6327837,
            33.6081121
          ]
        ]
      },
      "id": "way/416251746"
    },
    {
      "type": "Feature",
      "properties": {
        "@id": "way/416471474",
        "@relations": [
          {
            "role": "part",
            "rel": 6002963,
            "reltags": {
              "addr:city": "Casablanca ⵜⴰⴷⴷⴰⵔⵜ ⵜⵓⵎⵍⵉⵍⵜ الدار البيضاء",
              "amenity": "place_of_worship",
              "building": "yes",
              "layer": "1",
              "name": "Mosquée Hassan II مسجد الحسن الثاني",
              "name:ar": "مسجد الحسن الثاني",
              "name:de": "Hassan II.-Moschee",
              "name:en": "Hassan II Mosque",
              "name:es": "Mezquita Hassan II",
              "name:fr": "Mosquée Hassan II",
              "name:he": "מסגד חסן השני",
              "name:hi": "हसन द्वितीय मस्जिद",
              "name:it": "Moschea di Hassan II",
              "name:ml": "ഹസ്സൻ II മുസ്ലിം പള്ളി",
              "name:nl": "Hassan II-moskee",
              "name:zh": "哈桑二世清真寺",
              "religion": "muslim",
              "start_date": "1993",
              "tourism": "attraction",
              "type": "building",
              "wheelchair": "yes",
              "wikidata": "Q41346",
              "wikipedia": "en:Hassan II Mosque"
            }
          }
        ]
      },
      "geometry": {
        "type": "LineString",
        "coordinates": [
          [
            -7.6316626,
            33.6081026
          ],
          [
            -7.6316709,
            33.6080211
          ],
          [
            -7.6321497,
            33.6080447
          ],
          [
            -7.6322463,
            33.6080495
          ],
          [
            -7.6326812,
            33.608071
          ],
          [
            -7.6327735,
            33.608157
          ],
          [
            -7.6328777,
            33.6080798
          ],
          [
            -7.6333597,
            33.6081029
          ],
          [
            -7.6334504,
            33.6081067
          ],
          [
            -7.6338561,
            33.6081238
          ],
          [
            -7.6338103,
            33.6090464
          ],
          [
            -7.6329355,
            33.6090061
          ],
          [
            -7.6329346,
            33.6090393
          ],
          [
            -7.6328348,
            33.6090357
          ],
          [
            -7.6328365,
            33.6090016
          ],
          [
            -7.6326425,
            33.6089927
          ],
          [
            -7.6326406,
            33.6090284
          ],
          [
            -7.6325352,
            33.6090231
          ],
          [
            -7.6325388,
            33.6089879
          ],
          [
            -7.6316053,
            33.6089486
          ],
          [
            -7.6316074,
            33.6088731
          ],
          [
            -7.6316626,
            33.6081026
          ]
        ]
      },
      "id": "way/416471474"
    },
    {
      "type": "Feature",
      "properties": {
        "@id": "way/431785409",
        "@relations": [
          {
            "role": "",
            "rel": 18157938,
            "reltags": {
              "alt_name": "Todra Gorge",
              "int_name": "Todgha Canyon",
              "name": "Todgha Gorge",
              "place": "locality",
              "tourism": "attraction",
              "type": "site",
              "wikidata": "Q3111026",
              "wikipedia": "en:Todgha Gorge"
            }
          }
        ]
      },
      "geometry": {
        "type": "LineString",
        "coordinates": [
          [
            -5.5185226,
            31.6832659
          ],
          [
            -5.5187935,
            31.6830782
          ],
          [
            -5.519295,
            31.6828218
          ],
          [
            -5.519479,
            31.6827277
          ],
          [
            -5.5208559,
            31.6820238
          ],
          [
            -5.5216322,
            31.6813631
          ],
          [
            -5.522291,
            31.6811896
          ],
          [
            -5.5234751,
            31.6806825
          ],
          [
            -5.523828,
            31.680222
          ],
          [
            -5.5242201,
            31.6799951
          ],
          [
            -5.5246749,
            31.6798416
          ],
          [
            -5.5264001,
            31.6787872
          ],
          [
            -5.5269376,
            31.6787109
          ],
          [
            -5.5269632,
            31.6787073
          ],
          [
            -5.5273412,
            31.6786537
          ],
          [
            -5.5283057,
            31.678627
          ],
          [
            -5.5288939,
            31.6783801
          ],
          [
            -5.5290507,
            31.6782667
          ],
          [
            -5.5292075,
            31.677606
          ],
          [
            -5.5294193,
            31.6770721
          ],
          [
            -5.5297565,
            31.6767718
          ],
          [
            -5.5308386,
            31.6766183
          ],
          [
            -5.5324619,
            31.6760377
          ],
          [
            -5.5329011,
            31.6758508
          ],
          [
            -5.5332007,
            31.6756704
          ],
          [
            -5.533599,
            31.6754304
          ],
          [
            -5.534242,
            31.6741223
          ],
          [
            -5.5345087,
            31.6737686
          ],
          [
            -5.5349792,
            31.6737886
          ],
          [
            -5.5353242,
            31.6740756
          ],
          [
            -5.5356222,
            31.6740956
          ],
          [
            -5.5362339,
            31.6736618
          ],
          [
            -5.5368063,
            31.6734282
          ],
          [
            -5.5372847,
            31.6730478
          ],
          [
            -5.5374258,
            31.6728009
          ],
          [
            -5.5379277,
            31.6723537
          ],
          [
            -5.5384923,
            31.6720801
          ],
          [
            -5.5389629,
            31.6720868
          ],
          [
            -5.5395667,
            31.6721935
          ],
          [
            -5.5399745,
            31.6719666
          ],
          [
            -5.5404293,
            31.6718198
          ],
          [
            -5.5413625,
            31.671733
          ],
          [
            -5.5421859,
            31.6717797
          ],
          [
            -5.5428289,
            31.6717063
          ],
          [
            -5.5434014,
            31.6714327
          ],
          [
            -5.5442718,
            31.6713793
          ],
          [
            -5.5455109,
            31.6706452
          ],
          [
            -5.5460833,
            31.6701112
          ],
          [
            -5.5462475,
            31.6699214
          ],
          [
            -5.546593,
            31.6691768
          ],
          [
            -5.5466871,
            31.6683359
          ],
          [
            -5.5467734,
            31.6680622
          ],
          [
            -5.5470372,
            31.6676306
          ],
          [
            -5.547365,
            31.6673189
          ],
          [
            -5.5479398,
            31.6668968
          ],
          [
            -5.5482596,
            31.6667587
          ],
          [
            -5.5485053,
            31.666668
          ],
          [
            -5.5486536,
            31.6665851
          ],
          [
            -5.5488901,
            31.6664312
          ],
          [
            -5.5491496,
            31.6663089
          ],
          [
            -5.5493165,
            31.6662182
          ],
          [
            -5.5497105,
            31.6660091
          ],
          [
            -5.5498542,
            31.6658552
          ],
          [
            -5.5504244,
            31.6655002
          ],
          [
            -5.5509435,
            31.6652871
          ],
          [
            -5.5516389,
            31.665295
          ],
          [
            -5.5520931,
            31.6654094
          ],
          [
            -5.5526308,
            31.6656698
          ],
          [
            -5.5529831,
            31.6658907
          ],
          [
            -5.5534606,
            31.6659144
          ],
          [
            -5.5537897,
            31.6659381
          ],
          [
            -5.5539751,
            31.6658986
          ],
          [
            -5.5543784,
            31.6657763
          ],
          [
            -5.5545592,
            31.6655751
          ],
          [
            -5.5549346,
            31.6651056
          ],
          [
            -5.5550088,
            31.6648965
          ],
          [
            -5.5551571,
            31.6645927
          ],
          [
            -5.555171,
            31.6642376
          ],
          [
            -5.5551247,
            31.6639891
          ],
          [
            -5.5549161,
            31.6636892
          ],
          [
            -5.554726,
            31.6634959
          ],
          [
            -5.5546565,
            31.6633144
          ],
          [
            -5.5546658,
            31.6630737
          ],
          [
            -5.5547863,
            31.6627739
          ],
          [
            -5.5549995,
            31.6624661
          ],
          [
            -5.5553611,
            31.6619256
          ],
          [
            -5.5556439,
            31.6616139
          ],
          [
            -5.5558432,
            31.6613298
          ],
          [
            -5.5559869,
            31.6611641
          ],
          [
            -5.5561352,
            31.6610142
          ],
          [
            -5.5563484,
            31.6609116
          ],
          [
            -5.556951,
            31.6607301
          ],
          [
            -5.5572616,
            31.6606078
          ],
          [
            -5.5576232,
            31.6604816
          ],
          [
            -5.5582026,
            31.6603316
          ],
          [
            -5.5584437,
            31.6602724
          ],
          [
            -5.5589396,
            31.660229
          ],
          [
            -5.5594264,
            31.6601896
          ],
          [
            -5.5602839,
            31.6600831
          ],
          [
            -5.5610858,
            31.6601067
          ],
          [
            -5.5618924,
            31.6603671
          ],
          [
            -5.5621149,
            31.6606473
          ],
          [
            -5.5624996,
            31.6609037
          ],
          [
            -5.5630003,
            31.6611365
          ],
          [
            -5.5634453,
            31.6613772
          ],
          [
            -5.5641406,
            31.661606
          ],
          [
            -5.5649564,
            31.6616692
          ],
          [
            -5.5658047,
            31.6617244
          ],
          [
            -5.5662172,
            31.6617126
          ],
          [
            -5.566996,
            31.661756
          ],
          [
            -5.5675383,
            31.6618388
          ],
          [
            -5.5680482,
            31.6618941
          ],
          [
            -5.5689568,
            31.6621387
          ],
          [
            -5.5699627,
            31.6624188
          ],
          [
            -5.5703242,
            31.6625411
          ],
          [
            -5.5709964,
            31.6626397
          ],
          [
            -5.5716778,
            31.6626161
          ],
          [
            -5.5721181,
            31.6625253
          ],
          [
            -5.5726929,
            31.6623123
          ],
          [
            -5.5728691,
            31.66204
          ],
          [
            -5.5732214,
            31.6615705
          ],
          [
            -5.5733164,
            31.6615153
          ],
          [
            -5.5739074,
            31.661172
          ],
          [
            -5.5741624,
            31.6609629
          ],
          [
            -5.5744776,
            31.6605723
          ],
          [
            -5.5743709,
            31.6600988
          ],
          [
            -5.5742041,
            31.6599055
          ],
          [
            -5.5737359,
            31.6596293
          ],
          [
            -5.5733233,
            31.6592861
          ],
          [
            -5.5731426,
            31.6590335
          ],
          [
            -5.5727543,
            31.6583904
          ],
          [
            -5.5725808,
            31.6576779
          ],
          [
            -5.5725345,
            31.6571896
          ],
          [
            -5.5723375,
            31.6568345
          ],
          [
            -5.5720999,
            31.656504
          ],
          [
            -5.5718508,
            31.656144
          ],
          [
            -5.5716943,
            31.6557987
          ],
          [
            -5.5716537,
            31.6555373
          ],
          [
            -5.571648,
            31.6552019
          ],
          [
            -5.5717349,
            31.6548369
          ],
          [
            -5.5718392,
            31.6543832
          ],
          [
            -5.5720072,
            31.6540971
          ],
          [
            -5.5721926,
            31.6538702
          ],
          [
            -5.572378,
            31.6534855
          ],
          [
            -5.5726562,
            31.6529775
          ],
          [
            -5.572662,
            31.6526026
          ],
          [
            -5.5726909,
            31.6521784
          ],
          [
            -5.5727315,
            31.6518677
          ],
          [
            -5.5728995,
            31.6512216
          ],
          [
            -5.5730618,
            31.6507875
          ],
          [
            -5.5733746,
            31.6502745
          ],
          [
            -5.5739715,
            31.6498701
          ],
          [
            -5.5742554,
            31.6496925
          ],
          [
            -5.5744176,
            31.6494952
          ],
          [
            -5.574632,
            31.6491844
          ],
          [
            -5.5748985,
            31.6489082
          ],
          [
            -5.5753563,
            31.6485975
          ],
          [
            -5.5759821,
            31.6483508
          ],
          [
            -5.5763008,
            31.6482818
          ],
          [
            -5.5765499,
            31.6481831
          ],
          [
            -5.5768164,
            31.6479118
          ],
          [
            -5.5768049,
            31.6475912
          ],
          [
            -5.5763365,
            31.6468281
          ],
          [
            -5.5757089,
            31.6461412
          ],
          [
            -5.5754698,
            31.645715
          ],
          [
            -5.5753801,
            31.6453333
          ],
          [
            -5.5756491,
            31.6448562
          ],
          [
            -5.5757313,
            31.6444427
          ],
          [
            -5.5756715,
            31.643972
          ],
          [
            -5.5755818,
            31.6434886
          ],
          [
            -5.5756416,
            31.6428397
          ],
          [
            -5.5760003,
            31.6422863
          ],
          [
            -5.5765383,
            31.6418219
          ],
          [
            -5.5768147,
            31.6414402
          ],
          [
            -5.5770613,
            31.6409822
          ],
          [
            -5.577136,
            31.6403143
          ],
          [
            -5.5772257,
            31.6395827
          ],
          [
            -5.5773453,
            31.6390229
          ],
          [
            -5.5777487,
            31.6386348
          ],
          [
            -5.5781821,
            31.6385076
          ],
          [
            -5.578623,
            31.6385076
          ],
          [
            -5.5796018,
            31.6386603
          ],
          [
            -5.5808945,
            31.6391183
          ],
          [
            -5.58144,
            31.6390929
          ],
          [
            -5.5818061,
            31.6390611
          ],
          [
            -5.5820926,
            31.6388986
          ],
          [
            -5.5823133,
            31.6386623
          ],
          [
            -5.5822645,
            31.6384056
          ],
          [
            -5.5823887,
            31.6380353
          ],
          [
            -5.5824036,
            31.6375521
          ],
          [
            -5.5821515,
            31.6368882
          ],
          [
            -5.58169,
            31.6361989
          ],
          [
            -5.5804303,
            31.6349355
          ],
          [
            -5.5801327,
            31.6346061
          ],
          [
            -5.5796765,
            31.6337999
          ],
          [
            -5.5794748,
            31.6331904
          ],
          [
            -5.5795738,
            31.6324439
          ],
          [
            -5.579515,
            31.6321005
          ],
          [
            -5.5792526,
            31.6313305
          ],
          [
            -5.579243,
            31.6308643
          ],
          [
            -5.5793301,
            31.6303968
          ],
          [
            -5.579338,
            31.629771
          ],
          [
            -5.579385,
            31.6295096
          ],
          [
            -5.579555,
            31.6293054
          ],
          [
            -5.5796071,
            31.6291387
          ],
          [
            -5.5797046,
            31.6288687
          ],
          [
            -5.579926,
            31.6276855
          ],
          [
            -5.5801621,
            31.6270396
          ],
          [
            -5.5805447,
            31.6258554
          ],
          [
            -5.5809543,
            31.6252428
          ],
          [
            -5.5811859,
            31.6248293
          ],
          [
            -5.5815437,
            31.6241735
          ],
          [
            -5.581801,
            31.6235279
          ],
          [
            -5.5821102,
            31.6230013
          ],
          [
            -5.5823803,
            31.6225509
          ],
          [
            -5.582741,
            31.622099
          ],
          [
            -5.5832081,
            31.6218326
          ],
          [
            -5.5833436,
            31.6216383
          ],
          [
            -5.5833893,
            31.6214
          ],
          [
            -5.5833325,
            31.6211382
          ],
          [
            -5.5831542,
            31.6208211
          ],
          [
            -5.5829491,
            31.6206197
          ],
          [
            -5.5816779,
            31.6202431
          ],
          [
            -5.5811453,
            31.6202592
          ],
          [
            -5.5808805,
            31.6203119
          ],
          [
            -5.5801275,
            31.6202982
          ],
          [
            -5.5797869,
            31.6202005
          ],
          [
            -5.5792792,
            31.6198756
          ],
          [
            -5.5790937,
            31.6196352
          ],
          [
            -5.5790288,
            31.6192036
          ],
          [
            -5.5790576,
            31.6188888
          ],
          [
            -5.5788724,
            31.6184223
          ],
          [
            -5.5782156,
            31.6180279
          ],
          [
            -5.5776565,
            31.6179952
          ],
          [
            -5.5774004,
            31.6180206
          ],
          [
            -5.5771614,
            31.618097
          ],
          [
            -5.5767217,
            31.6182387
          ],
          [
            -5.5764529,
            31.6185077
          ],
          [
            -5.5761584,
            31.619111
          ],
          [
            -5.5760095,
            31.6195455
          ],
          [
            -5.5760523,
            31.6200745
          ],
          [
            -5.5758639,
            31.620583
          ],
          [
            -5.5755992,
            31.6213462
          ],
          [
            -5.5754072,
            31.6218586
          ],
          [
            -5.5749419,
            31.622571
          ],
          [
            -5.574654,
            31.6227614
          ],
          [
            -5.5744677,
            31.6227814
          ],
          [
            -5.5740576,
            31.622726
          ],
          [
            -5.573605,
            31.6223356
          ],
          [
            -5.573227,
            31.6217242
          ],
          [
            -5.5727746,
            31.6210693
          ],
          [
            -5.5724917,
            31.6207994
          ],
          [
            -5.5721982,
            31.6203741
          ],
          [
            -5.5718757,
            31.6201008
          ],
          [
            -5.5716342,
            31.6200669
          ],
          [
            -5.5712756,
            31.620085
          ],
          [
            -5.5709234,
            31.6203311
          ],
          [
            -5.5699159,
            31.6209703
          ],
          [
            -5.5695335,
            31.6213391
          ],
          [
            -5.5692623,
            31.6216897
          ],
          [
            -5.5691202,
            31.6219023
          ],
          [
            -5.5688727,
            31.6223747
          ],
          [
            -5.5686764,
            31.6226691
          ],
          [
            -5.5681685,
            31.6232506
          ],
          [
            -5.5679209,
            31.6235196
          ],
          [
            -5.567413,
            31.6238103
          ],
          [
            -5.5670417,
            31.6238394
          ],
          [
            -5.5664095,
            31.6237795
          ],
          [
            -5.5657271,
            31.6232361
          ],
          [
            -5.5650058,
            31.6226437
          ],
          [
            -5.5644575,
            31.6222988
          ],
          [
            -5.5643582,
            31.6222363
          ],
          [
            -5.5640924,
            31.6220258
          ],
          [
            -5.5634607,
            31.6218847
          ],
          [
            -5.5628943,
            31.6218298
          ],
          [
            -5.5622976,
            31.6219065
          ],
          [
            -5.5610535,
            31.6215013
          ],
          [
            -5.5606996,
            31.6211965
          ],
          [
            -5.5606355,
            31.6211022
          ],
          [
            -5.560631,
            31.6207843
          ],
          [
            -5.5606918,
            31.6203952
          ],
          [
            -5.5609697,
            31.6200514
          ],
          [
            -5.5616282,
            31.6197183
          ],
          [
            -5.5619716,
            31.6194334
          ],
          [
            -5.562514,
            31.6190633
          ],
          [
            -5.5634949,
            31.6183913
          ],
          [
            -5.5643997,
            31.6179116
          ],
          [
            -5.5652313,
            31.6176636
          ],
          [
            -5.5658502,
            31.6171919
          ],
          [
            -5.5666068,
            31.6163909
          ],
          [
            -5.5672361,
            31.6158679
          ],
          [
            -5.5677203,
            31.6152256
          ],
          [
            -5.567763,
            31.6148076
          ],
          [
            -5.5677203,
            31.6144878
          ],
          [
            -5.5675325,
            31.613968
          ],
          [
            -5.5674215,
            31.6135355
          ],
          [
            -5.5673831,
            31.6132919
          ],
          [
            -5.567413,
            31.6130593
          ],
          [
            -5.5677374,
            31.6127213
          ],
          [
            -5.5684971,
            31.6122815
          ],
          [
            -5.5691587,
            31.6118707
          ],
          [
            -5.5702299,
            31.611649
          ],
          [
            -5.5710878,
            31.6116963
          ],
          [
            -5.5718604,
            31.6118489
          ],
          [
            -5.5728122,
            31.6118126
          ],
          [
            -5.5735249,
            31.611769
          ],
          [
            -5.5744255,
            31.6114128
          ],
          [
            -5.5750017,
            31.6110784
          ],
          [
            -5.5753322,
            31.6108303
          ],
          [
            -5.5762961,
            31.6099203
          ],
          [
            -5.5770582,
            31.6092521
          ],
          [
            -5.5778951,
            31.6087049
          ],
          [
            -5.5789935,
            31.6082212
          ],
          [
            -5.579666,
            31.6082149
          ],
          [
            -5.5806224,
            31.6082403
          ],
          [
            -5.5810035,
            31.6082212
          ],
          [
            -5.5820122,
            31.6078967
          ],
          [
            -5.582468,
            31.6077058
          ],
          [
            -5.5829761,
            31.6073621
          ],
          [
            -5.5836879,
            31.6069302
          ],
          [
            -5.5838681,
            31.6068141
          ],
          [
            -5.5842599,
            31.6065151
          ],
          [
            -5.5846344,
            31.6061655
          ],
          [
            -5.5848256,
            31.606032
          ],
          [
            -5.5850825,
            31.6058532
          ],
          [
            -5.5853458,
            31.6057784
          ],
          [
            -5.5855746,
            31.6056316
          ],
          [
            -5.5858645,
            31.6053941
          ],
          [
            -5.5859272,
            31.6051618
          ],
          [
            -5.5859146,
            31.6049283
          ],
          [
            -5.5859225,
            31.6047761
          ],
          [
            -5.5860395,
            31.6044447
          ],
          [
            -5.5861877,
            31.6042084
          ],
          [
            -5.5863551,
            31.6039926
          ],
          [
            -5.5864938,
            31.6038989
          ],
          [
            -5.5866372,
            31.6037849
          ],
          [
            -5.5866994,
            31.6036871
          ],
          [
            -5.5867568,
            31.603512
          ],
          [
            -5.5867759,
            31.6033368
          ],
          [
            -5.586752,
            31.6030721
          ],
          [
            -5.5867281,
            31.6027381
          ],
          [
            -5.5867807,
            31.6025304
          ],
          [
            -5.5868716,
            31.6022901
          ],
          [
            -5.5869576,
            31.6020783
          ],
          [
            -5.5870437,
            31.6017973
          ],
          [
            -5.5871968,
            31.6012433
          ],
          [
            -5.5872541,
            31.6009867
          ],
          [
            -5.5873067,
            31.6007383
          ],
          [
            -5.5874119,
            31.6005224
          ],
          [
            -5.5876558,
            31.6000255
          ],
          [
            -5.5878089,
            31.5997974
          ],
          [
            -5.5879762,
            31.5996304
          ],
          [
            -5.5881723,
            31.5994471
          ],
          [
            -5.5883301,
            31.5992068
          ],
          [
            -5.5886027,
            31.5991376
          ],
          [
            -5.5890168,
            31.5990383
          ],
          [
            -5.589249,
            31.5990582
          ],
          [
            -5.5894444,
            31.5990072
          ],
          [
            -5.5899467,
            31.5987511
          ],
          [
            -5.5904895,
            31.5986712
          ],
          [
            -5.590901,
            31.598723
          ],
          [
            -5.591251,
            31.5987156
          ],
          [
            -5.5916448,
            31.5985812
          ],
          [
            -5.5918688,
            31.5983396
          ],
          [
            -5.5919024,
            31.5978586
          ],
          [
            -5.591845,
            31.5976183
          ],
          [
            -5.5916929,
            31.5969761
          ],
          [
            -5.5914958,
            31.5964893
          ],
          [
            -5.5915017,
            31.5961288
          ],
          [
            -5.5917099,
            31.5958468
          ],
          [
            -5.592293,
            31.5954036
          ],
          [
            -5.5927355,
            31.5953065
          ],
          [
            -5.5932653,
            31.5951092
          ],
          [
            -5.5935618,
            31.5947507
          ],
          [
            -5.5939444,
            31.5941845
          ],
          [
            -5.594303,
            31.593712
          ],
          [
            -5.5945947,
            31.5931662
          ],
          [
            -5.5948338,
            31.5929258
          ],
          [
            -5.595159,
            31.5927262
          ],
          [
            -5.595261,
            31.592343
          ],
          [
            -5.5954536,
            31.5920458
          ],
          [
            -5.5960104,
            31.5915073
          ],
          [
            -5.5960949,
            31.5912865
          ],
          [
            -5.5961379,
            31.5910723
          ],
          [
            -5.59614,
            31.5907745
          ],
          [
            -5.5960806,
            31.5904572
          ],
          [
            -5.5959879,
            31.5902052
          ],
          [
            -5.5957999,
            31.589816
          ],
          [
            -5.5958337,
            31.5896074
          ],
          [
            -5.5959022,
            31.5893756
          ],
          [
            -5.5957873,
            31.5890464
          ],
          [
            -5.5956219,
            31.5887955
          ],
          [
            -5.5954912,
            31.5886185
          ],
          [
            -5.5953224,
            31.5885821
          ],
          [
            -5.5949264,
            31.5885026
          ],
          [
            -5.5945688,
            31.5887044
          ],
          [
            -5.594065,
            31.5890057
          ],
          [
            -5.5935585,
            31.5891239
          ],
          [
            -5.5932891,
            31.5888156
          ],
          [
            -5.5930518,
            31.5885708
          ],
          [
            -5.5928682,
            31.5883054
          ],
          [
            -5.5926302,
            31.5881174
          ],
          [
            -5.592181,
            31.5876672
          ],
          [
            -5.5917212,
            31.587318
          ],
          [
            -5.5914415,
            31.5870256
          ],
          [
            -5.5910253,
            31.5864121
          ],
          [
            -5.5907528,
            31.5859459
          ],
          [
            -5.5906626,
            31.5857468
          ],
          [
            -5.5906394,
            31.5855258
          ],
          [
            -5.5906939,
            31.5851014
          ],
          [
            -5.5907619,
            31.5849365
          ],
          [
            -5.59082,
            31.5848566
          ],
          [
            -5.5908587,
            31.5847034
          ],
          [
            -5.5909648,
            31.5846363
          ],
          [
            -5.5911771,
            31.5845242
          ],
          [
            -5.5912846,
            31.5844226
          ],
          [
            -5.5913664,
            31.5843815
          ],
          [
            -5.5923047,
            31.5836902
          ],
          [
            -5.5923371,
            31.583546
          ],
          [
            -5.5923093,
            31.5834205
          ],
          [
            -5.5922892,
            31.5832772
          ],
          [
            -5.5922631,
            31.5831829
          ],
          [
            -5.5922313,
            31.5830455
          ],
          [
            -5.5921591,
            31.5828666
          ],
          [
            -5.5920386,
            31.5825769
          ],
          [
            -5.5918948,
            31.5824393
          ],
          [
            -5.5918109,
            31.5823034
          ],
          [
            -5.5917445,
            31.5822267
          ],
          [
            -5.5916576,
            31.5821694
          ],
          [
            -5.5915716,
            31.5821316
          ],
          [
            -5.5915126,
            31.5821206
          ],
          [
            -5.5914509,
            31.5821252
          ],
          [
            -5.5913565,
            31.5821431
          ],
          [
            -5.5912712,
            31.5821503
          ],
          [
            -5.5911456,
            31.5821352
          ],
          [
            -5.5910766,
            31.5821102
          ],
          [
            -5.5910298,
            31.5820692
          ],
          [
            -5.5910025,
            31.5820267
          ],
          [
            -5.5908517,
            31.5815096
          ],
          [
            -5.5908662,
            31.5813825
          ],
          [
            -5.590846,
            31.5812448
          ],
          [
            -5.5907831,
            31.5810741
          ],
          [
            -5.5906957,
            31.580853
          ],
          [
            -5.5906892,
            31.580713
          ],
          [
            -5.5907149,
            31.5804845
          ],
          [
            -5.5907857,
            31.5801149
          ],
          [
            -5.5907485,
            31.579134
          ],
          [
            -5.5906969,
            31.5788128
          ],
          [
            -5.5906507,
            31.5786275
          ],
          [
            -5.5902823,
            31.578338
          ],
          [
            -5.5898402,
            31.5781006
          ],
          [
            -5.5892418,
            31.5778371
          ],
          [
            -5.5887134,
            31.5777161
          ],
          [
            -5.5879063,
            31.5777341
          ],
          [
            -5.5876873,
            31.5777102
          ],
          [
            -5.5874178,
            31.5776229
          ],
          [
            -5.586868,
            31.5772848
          ],
          [
            -5.5865781,
            31.5771035
          ],
          [
            -5.5864052,
            31.5770486
          ],
          [
            -5.5862298,
            31.5770837
          ],
          [
            -5.5858769,
            31.5772293
          ],
          [
            -5.5855363,
            31.5773068
          ],
          [
            -5.5852556,
            31.5773691
          ],
          [
            -5.5851648,
            31.5773892
          ],
          [
            -5.5850486,
            31.5773718
          ],
          [
            -5.5849604,
            31.5773132
          ],
          [
            -5.5849365,
            31.5771597
          ],
          [
            -5.5849398,
            31.5769639
          ],
          [
            -5.5847009,
            31.5764637
          ],
          [
            -5.5847011,
            31.5761798
          ],
          [
            -5.5847001,
            31.5761192
          ],
          [
            -5.5846982,
            31.5754016
          ],
          [
            -5.584618,
            31.5747363
          ],
          [
            -5.5845349,
            31.5743509
          ],
          [
            -5.5846354,
            31.5741138
          ],
          [
            -5.5850793,
            31.5737758
          ],
          [
            -5.5855562,
            31.5735602
          ],
          [
            -5.5857211,
            31.5734684
          ],
          [
            -5.5858432,
            31.5734004
          ],
          [
            -5.5859587,
            31.5731808
          ],
          [
            -5.5859748,
            31.5728293
          ],
          [
            -5.5859097,
            31.5725436
          ],
          [
            -5.5856,
            31.572049
          ],
          [
            -5.5853539,
            31.5717523
          ],
          [
            -5.584895,
            31.571468
          ],
          [
            -5.5843469,
            31.5712714
          ],
          [
            -5.58375,
            31.5709603
          ],
          [
            -5.5834552,
            31.570686
          ],
          [
            -5.5831872,
            31.5702258
          ],
          [
            -5.5829051,
            31.5699978
          ],
          [
            -5.5825118,
            31.5698401
          ],
          [
            -5.582063,
            31.5697681
          ],
          [
            -5.5813747,
            31.5696909
          ],
          [
            -5.5809816,
            31.5695649
          ],
          [
            -5.5806663,
            31.569313
          ],
          [
            -5.5803582,
            31.5690465
          ],
          [
            -5.5797274,
            31.5686837
          ],
          [
            -5.5792803,
            31.5684047
          ],
          [
            -5.5788492,
            31.5681769
          ],
          [
            -5.5786934,
            31.5679991
          ],
          [
            -5.5785976,
            31.567764
          ],
          [
            -5.5786791,
            31.5675288
          ],
          [
            -5.5789239,
            31.5672886
          ],
          [
            -5.5795034,
            31.566947
          ],
          [
            -5.5800676,
            31.5665891
          ],
          [
            -5.5810142,
            31.5660002
          ],
          [
            -5.5816255,
            31.5655719
          ],
          [
            -5.5818071,
            31.5653759
          ],
          [
            -5.5818973,
            31.5652055
          ],
          [
            -5.5818742,
            31.5650531
          ],
          [
            -5.5817916,
            31.5645921
          ],
          [
            -5.5816872,
            31.5640157
          ],
          [
            -5.5814709,
            31.5635882
          ],
          [
            -5.581407,
            31.5634112
          ],
          [
            -5.5813882,
            31.5632047
          ],
          [
            -5.5815525,
            31.5625025
          ],
          [
            -5.581716,
            31.5614641
          ],
          [
            -5.5818259,
            31.5605944
          ],
          [
            -5.5818457,
            31.5603128
          ],
          [
            -5.5816089,
            31.5598798
          ],
          [
            -5.5812142,
            31.559472
          ],
          [
            -5.58061,
            31.559145
          ],
          [
            -5.5803068,
            31.5587575
          ],
          [
            -5.5800809,
            31.5585024
          ],
          [
            -5.5800811,
            31.5583751
          ],
          [
            -5.5801611,
            31.5581504
          ],
          [
            -5.580085,
            31.5579605
          ],
          [
            -5.5799785,
            31.557828
          ],
          [
            -5.579884,
            31.557223
          ],
          [
            -5.5799605,
            31.5566189
          ],
          [
            -5.5801369,
            31.5564079
          ],
          [
            -5.5803902,
            31.55622
          ],
          [
            -5.580761,
            31.5560737
          ],
          [
            -5.581228,
            31.5558643
          ],
          [
            -5.5814878,
            31.555663
          ],
          [
            -5.5819157,
            31.5553573
          ],
          [
            -5.5822092,
            31.5551079
          ],
          [
            -5.5824093,
            31.5548864
          ],
          [
            -5.5826153,
            31.5548351
          ],
          [
            -5.5828077,
            31.5548057
          ],
          [
            -5.5833945,
            31.5547817
          ],
          [
            -5.5836651,
            31.5547025
          ],
          [
            -5.5837602,
            31.5545955
          ],
          [
            -5.583797,
            31.5544451
          ],
          [
            -5.5837449,
            31.5541854
          ],
          [
            -5.5837023,
            31.5539702
          ],
          [
            -5.5837675,
            31.5538826
          ],
          [
            -5.5838807,
            31.5537893
          ],
          [
            -5.5840761,
            31.5535121
          ],
          [
            -5.5844004,
            31.5530527
          ],
          [
            -5.5847478,
            31.5527686
          ],
          [
            -5.5850018,
            31.5525925
          ],
          [
            -5.5850897,
            31.5524991
          ],
          [
            -5.5851248,
            31.5523719
          ],
          [
            -5.5851023,
            31.5522703
          ],
          [
            -5.5849787,
            31.5521316
          ],
          [
            -5.584751,
            31.5518048
          ],
          [
            -5.584717,
            31.5515688
          ],
          [
            -5.5846705,
            31.551219
          ],
          [
            -5.5844481,
            31.5506751
          ],
          [
            -5.5842718,
            31.5504838
          ],
          [
            -5.5841437,
            31.5504361
          ],
          [
            -5.5839092,
            31.5504441
          ],
          [
            -5.5837543,
            31.5503433
          ],
          [
            -5.5835966,
            31.5502227
          ],
          [
            -5.5830503,
            31.5501539
          ],
          [
            -5.5825202,
            31.5501006
          ],
          [
            -5.582038,
            31.5500267
          ],
          [
            -5.5817566,
            31.5499107
          ],
          [
            -5.5814707,
            31.5497071
          ],
          [
            -5.5811771,
            31.5493303
          ],
          [
            -5.5805559,
            31.5489898
          ],
          [
            -5.5801194,
            31.5488699
          ],
          [
            -5.5796684,
            31.5488341
          ],
          [
            -5.5791086,
            31.5488854
          ],
          [
            -5.5787198,
            31.5489972
          ],
          [
            -5.5783269,
            31.549225
          ],
          [
            -5.5780542,
            31.5493939
          ],
          [
            -5.5778477,
            31.5494651
          ],
          [
            -5.5775229,
            31.5495094
          ],
          [
            -5.5769477,
            31.5495231
          ],
          [
            -5.5765548,
            31.5495037
          ],
          [
            -5.5762525,
            31.5495092
          ],
          [
            -5.5758645,
            31.5495188
          ],
          [
            -5.5757496,
            31.5495137
          ],
          [
            -5.5756786,
            31.5495105
          ],
          [
            -5.5754539,
            31.5494844
          ],
          [
            -5.5750367,
            31.5493774
          ],
          [
            -5.5744416,
            31.5490886
          ],
          [
            -5.5738527,
            31.5488335
          ],
          [
            -5.5737794,
            31.5488018
          ],
          [
            -5.5731741,
            31.548684
          ],
          [
            -5.5724142,
            31.5485407
          ],
          [
            -5.5716296,
            31.5485113
          ],
          [
            -5.5707853,
            31.5483433
          ],
          [
            -5.5701991,
            31.5481867
          ],
          [
            -5.5694197,
            31.5481946
          ],
          [
            -5.569019,
            31.5482165
          ],
          [
            -5.5682378,
            31.5483373
          ],
          [
            -5.5677384,
            31.5484669
          ],
          [
            -5.5674384,
            31.548398
          ],
          [
            -5.567178,
            31.5482495
          ],
          [
            -5.5666458,
            31.5479873
          ],
          [
            -5.5661517,
            31.5476727
          ],
          [
            -5.5657022,
            31.5474407
          ],
          [
            -5.5652126,
            31.5474623
          ],
          [
            -5.5648704,
            31.5473545
          ],
          [
            -5.5644912,
            31.5472198
          ],
          [
            -5.5638991,
            31.5470542
          ],
          [
            -5.5634474,
            31.5470004
          ],
          [
            -5.5629584,
            31.5469505
          ],
          [
            -5.5627516,
            31.5468785
          ],
          [
            -5.5625955,
            31.5466987
          ],
          [
            -5.5624037,
            31.5463081
          ],
          [
            -5.5621919,
            31.54594
          ],
          [
            -5.5618293,
            31.5456223
          ],
          [
            -5.5613387,
            31.5453192
          ],
          [
            -5.5609974,
            31.5452711
          ],
          [
            -5.560649,
            31.545306
          ],
          [
            -5.5600482,
            31.545361
          ],
          [
            -5.5596681,
            31.5454539
          ],
          [
            -5.5593947,
            31.5455547
          ],
          [
            -5.5591879,
            31.5455132
          ],
          [
            -5.5590474,
            31.5454085
          ],
          [
            -5.5589244,
            31.5452279
          ],
          [
            -5.5586914,
            31.5449256
          ],
          [
            -5.5583315,
            31.5445587
          ],
          [
            -5.5580622,
            31.5442184
          ],
          [
            -5.5579137,
            31.5438558
          ],
          [
            -5.5578803,
            31.5433631
          ],
          [
            -5.5579075,
            31.5427925
          ],
          [
            -5.5578813,
            31.5421837
          ],
          [
            -5.5578068,
            31.5415575
          ],
          [
            -5.5578152,
            31.5409066
          ],
          [
            -5.5577239,
            31.5406567
          ],
          [
            -5.5574996,
            31.5404452
          ],
          [
            -5.5571363,
            31.5401849
          ],
          [
            -5.5569009,
            31.5397998
          ],
          [
            -5.5568241,
            31.5392589
          ],
          [
            -5.5568106,
            31.538789
          ],
          [
            -5.5567376,
            31.5386059
          ],
          [
            -5.5565825,
            31.5385192
          ],
          [
            -5.556281,
            31.5384709
          ],
          [
            -5.5557701,
            31.538424
          ],
          [
            -5.5552113,
            31.5383275
          ],
          [
            -5.5546223,
            31.5381733
          ],
          [
            -5.553973,
            31.5379692
          ],
          [
            -5.5535342,
            31.5377471
          ],
          [
            -5.5530707,
            31.5374347
          ],
          [
            -5.5527728,
            31.5371805
          ],
          [
            -5.5525906,
            31.5369886
          ],
          [
            -5.5524176,
            31.5366259
          ],
          [
            -5.5521891,
            31.5360396
          ],
          [
            -5.5517415,
            31.5354585
          ],
          [
            -5.5515113,
            31.5350448
          ],
          [
            -5.5514561,
            31.5347376
          ],
          [
            -5.5514305,
            31.5342839
          ],
          [
            -5.5512241,
            31.5339172
          ],
          [
            -5.5511618,
            31.533678
          ],
          [
            -5.5511141,
            31.5334126
          ],
          [
            -5.5510279,
            31.5332916
          ],
          [
            -5.5509246,
            31.5332717
          ],
          [
            -5.5507504,
            31.5332677
          ],
          [
            -5.5505291,
            31.5332888
          ],
          [
            -5.5503238,
            31.5332971
          ],
          [
            -5.550022,
            31.533266
          ],
          [
            -5.54964,
            31.5331593
          ],
          [
            -5.5494282,
            31.5331317
          ],
          [
            -5.5491551,
            31.5331347
          ],
          [
            -5.5487959,
            31.5330956
          ],
          [
            -5.5485233,
            31.5329464
          ],
          [
            -5.548133,
            31.5326964
          ],
          [
            -5.547705,
            31.5325259
          ],
          [
            -5.5470319,
            31.5323126
          ],
          [
            -5.5464262,
            31.5322726
          ],
          [
            -5.5460432,
            31.5323229
          ],
          [
            -5.5456128,
            31.532442
          ],
          [
            -5.5452345,
            31.5322894
          ],
          [
            -5.5446816,
            31.5319859
          ],
          [
            -5.5439587,
            31.5317342
          ],
          [
            -5.5433539,
            31.5318471
          ],
          [
            -5.5429235,
            31.5319414
          ],
          [
            -5.5423402,
            31.5319353
          ],
          [
            -5.5417068,
            31.5318224
          ],
          [
            -5.5411378,
            31.5317736
          ],
          [
            -5.5404131,
            31.531859
          ],
          [
            -5.5400247,
            31.5318302
          ],
          [
            -5.5395489,
            31.531769
          ],
          [
            -5.5385057,
            31.5315509
          ],
          [
            -5.5378418,
            31.5315555
          ],
          [
            -5.5373856,
            31.5314167
          ],
          [
            -5.5371565,
            31.5312535
          ],
          [
            -5.5369511,
            31.5308285
          ],
          [
            -5.5367342,
            31.5303735
          ],
          [
            -5.5361921,
            31.529977
          ],
          [
            -5.5356607,
            31.5298016
          ],
          [
            -5.5351901,
            31.5295331
          ],
          [
            -5.5350509,
            31.5292489
          ],
          [
            -5.5344769,
            31.5288764
          ],
          [
            -5.5341995,
            31.5287498
          ],
          [
            -5.5338721,
            31.5287148
          ],
          [
            -5.5330919,
            31.52882
          ],
          [
            -5.5327555,
            31.5287834
          ],
          [
            -5.5317821,
            31.5283975
          ],
          [
            -5.5314887,
            31.5281764
          ],
          [
            -5.5306758,
            31.5272137
          ],
          [
            -5.5306352,
            31.5270431
          ],
          [
            -5.5307569,
            31.5268693
          ],
          [
            -5.530859,
            31.5267528
          ],
          [
            -5.530968,
            31.5266283
          ],
          [
            -5.5310259,
            31.5265194
          ]
        ]
      },
      "id": "way/431785409"
    },
    {
      "type": "Feature",
      "properties": {
        "@id": "way/675714218",
        "@relations": [
          {
            "role": "",
            "rel": 18157938,
            "reltags": {
              "alt_name": "Todra Gorge",
              "int_name": "Todgha Canyon",
              "name": "Todgha Gorge",
              "place": "locality",
              "tourism": "attraction",
              "type": "site",
              "wikidata": "Q3111026",
              "wikipedia": "en:Todgha Gorge"
            }
          }
        ]
      },
      "geometry": {
        "type": "LineString",
        "coordinates": [
          [
            -5.591054,
            31.5845083
          ],
          [
            -5.590362,
            31.5849196
          ],
          [
            -5.5903029,
            31.585075
          ],
          [
            -5.59026,
            31.5852806
          ],
          [
            -5.5903673,
            31.5856965
          ],
          [
            -5.5905873,
            31.5861489
          ],
          [
            -5.5909145,
            31.5866241
          ],
          [
            -5.5917084,
            31.5874466
          ],
          [
            -5.5926901,
            31.5883149
          ],
          [
            -5.5928779,
            31.5884154
          ],
          [
            -5.5930281,
            31.588452
          ],
          [
            -5.5933875,
            31.588452
          ],
          [
            -5.5940473,
            31.5883332
          ],
          [
            -5.594573,
            31.5883103
          ],
          [
            -5.5952114,
            31.5884017
          ],
          [
            -5.5955386,
            31.5885388
          ]
        ]
      },
      "id": "way/675714218"
    },
    {
      "type": "Feature",
      "properties": {
        "@id": "node/21431357",
        "name": "Kamele",
        "tourism": "attraction"
      },
      "geometry": {
        "type": "Point",
        "coordinates": [
          -11.0689193,
          28.4354136
        ]
      },
      "id": "node/21431357"
    },
    {
      "type": "Feature",
      "properties": {
        "@id": "node/256918420",
        "name": "Rocher Tagadirt",
        "natural": "cliff",
        "tourism": "attraction"
      },
      "geometry": {
        "type": "Point",
        "coordinates": [
          -10.0535929,
          29.5683689
        ]
      },
      "id": "node/256918420"
    },
    {
      "type": "Feature",
      "properties": {
        "@id": "node/262467685",
        "addr:city": "Fès",
        "addr:city:ar": "فاس",
        "addr:city:es": "Fez",
        "addr:city:fr": "Fès",
        "addr:district": "Fès",
        "addr:district:ar": "فاس",
        "addr:district:es": "Fez",
        "addr:district:fr": "Fès",
        "name": "bab sidi bou jida",
        "tourism": "attraction"
      },
      "geometry": {
        "type": "Point",
        "coordinates": [
          -4.9656327,
          34.0698574
        ]
      },
      "id": "node/262467685"
    },
    {
      "type": "Feature",
      "properties": {
        "@id": "node/262467854",
        "addr:city": "فاس",
        "name": "bab el khoukha",
        "tourism": "attraction"
      },
      "geometry": {
        "type": "Point",
        "coordinates": [
          -4.963129,
          34.0644425
        ]
      },
      "id": "node/262467854"
    },
    {
      "type": "Feature",
      "properties": {
        "@id": "node/318771709",
        "amenity": "studio",
        "name": "Atlas Studios",
        "phone": "+212 5 24 88 22 23",
        "studio": "video",
        "tourism": "attraction",
        "website": "https://ouarzazatestudios.com/",
        "wikidata": "Q757166",
        "wikimedia_commons": "Category:Atlas Corporation Studios",
        "wikipedia": "en:Atlas Corporation Studios"
      },
      "geometry": {
        "type": "Point",
        "coordinates": [
          -6.9669135,
          30.9417822
        ]
      },
      "id": "node/318771709"
    },
    {
      "type": "Feature",
      "properties": {
        "@id": "node/374299688",
        "entrance": "yes",
        "historic": "city_gate",
        "name": "Bab Agnaou",
        "name:zh": "阿格诺门",
        "tourism": "attraction"
      },
      "geometry": {
        "type": "Point",
        "coordinates": [
          -7.9906405,
          31.6173906
        ]
      },
      "id": "node/374299688"
    },
    {
      "type": "Feature",
      "properties": {
        "@id": "node/385205622",
        "barrier": "sally_port",
        "name": "Bab Ghemat",
        "tourism": "attraction"
      },
      "geometry": {
        "type": "Point",
        "coordinates": [
          -7.974582,
          31.623849
        ]
      },
      "id": "node/385205622"
    },
    {
      "type": "Feature",
      "properties": {
        "@id": "node/391573618",
        "name": "Grotte Du Chameau مغارة الجمل",
        "name:ar": "مغارة الجمل",
        "name:de": "Kamel-Grotte",
        "name:fr": "Grotte Du Chameau",
        "natural": "spring",
        "tourism": "attraction"
      },
      "geometry": {
        "type": "Point",
        "coordinates": [
          -2.3560162,
          34.8382768
        ]
      },
      "id": "node/391573618"
    },
    {
      "type": "Feature",
      "properties": {
        "@id": "node/512603969",
        "name": "Cascades d'Immouzer",
        "note": "lower fall, into small pool",
        "tourism": "attraction",
        "waterway": "waterfall"
      },
      "geometry": {
        "type": "Point",
        "coordinates": [
          -9.4811856,
          30.6782489
        ]
      },
      "id": "node/512603969"
    },
    {
      "type": "Feature",
      "properties": {
        "@id": "node/539338048",
        "name": "Sources de l'Oum Rabia",
        "tourism": "attraction"
      },
      "geometry": {
        "type": "Point",
        "coordinates": [
          -5.4147065,
          33.0534462
        ]
      },
      "id": "node/539338048"
    },
    {
      "type": "Feature",
      "properties": {
        "@id": "node/548909058",
        "alt_name": "Grotte de Friouato",
        "alt_name_1": "kehf Friwato",
        "name": "Gouffre du Friouato",
        "name:ar": "Kehf Friwato",
        "tourism": "attraction",
        "tourism_1": "viewpoint"
      },
      "geometry": {
        "type": "Point",
        "coordinates": [
          -4.0724784,
          34.1046489
        ]
      },
      "id": "node/548909058"
    },
    {
      "type": "Feature",
      "properties": {
        "@id": "node/550174695",
        "circumference": "8 m",
        "height": "40",
        "name": "Cèdre de Gouraud",
        "name:fr": "Cèdre de Gouraud",
        "name:ru": "Кедровый лес",
        "natural": "tree",
        "tourism": "attraction",
        "wikidata": "Q2602978",
        "wikimedia_commons": "Category:Cèdre Gouraud",
        "wikipedia": "ar:غابة أرز غورو"
      },
      "geometry": {
        "type": "Point",
        "coordinates": [
          -5.1553786,
          33.4263682
        ]
      },
      "id": "node/550174695"
    },
    {
      "type": "Feature",
      "properties": {
        "@id": "node/622497328",
        "historic": "archaeological_site",
        "name": "la gazelle",
        "name:cs": "Gazela",
        "tourism": "attraction"
      },
      "geometry": {
        "type": "Point",
        "coordinates": [
          -8.9885099,
          29.7114345
        ]
      },
      "id": "node/622497328"
    },
    {
      "type": "Feature",
      "properties": {
        "@id": "node/636878509",
        "addr:city": "أوزود",
        "addr:city:ar": "أوزود",
        "height": "110",
        "name": "Cascades d'Ouzoud شلالات أوزود",
        "name:ar": "شلالات أوزود",
        "name:de": "Ouzoud Fälle",
        "name:en": "Ouzoud Falls",
        "name:fr": "Cascades d'Ouzoud",
        "tourism": "attraction",
        "waterway": "waterfall",
        "wikidata": "Q38212",
        "wikipedia": "ar:شلالات أوزود",
        "wikipedia:ar": "شلالات أوزود"
      },
      "geometry": {
        "type": "Point",
        "coordinates": [
          -6.719331,
          32.0151981
        ]
      },
      "id": "node/636878509"
    },
    {
      "type": "Feature",
      "properties": {
        "@id": "node/660578137",
        "name": "Fontaine Mouassine",
        "tourism": "attraction"
      },
      "geometry": {
        "type": "Point",
        "coordinates": [
          -7.9892665,
          31.6298823
        ]
      },
      "id": "node/660578137"
    },
    {
      "type": "Feature",
      "properties": {
        "@id": "node/704495690",
        "name": "Le Petit Gorge",
        "tourism": "attraction",
        "wheelchair": "no"
      },
      "geometry": {
        "type": "Point",
        "coordinates": [
          -5.5839262,
          31.6060502
        ]
      },
      "id": "node/704495690"
    },
    {
      "type": "Feature",
      "properties": {
        "@id": "node/770235536",
        "check_date": "2025-04-24",
        "name": "Twin Center",
        "tourism": "attraction",
        "wikidata": "Q2743636",
        "wikimedia_commons": "File:Twin Center 2.jpg",
        "wikipedia": "en:Casablanca Twin Center"
      },
      "geometry": {
        "type": "Point",
        "coordinates": [
          -7.6322923,
          33.5865844
        ]
      },
      "id": "node/770235536"
    },
    {
      "type": "Feature",
      "properties": {
        "@id": "node/921597235",
        "name": "Tizourgane تيزرڭان",
        "name:fr": "Tizourgane",
        "place": "village",
        "tourism": "attraction"
      },
      "geometry": {
        "type": "Point",
        "coordinates": [
          -9.0018756,
          29.8868585
        ]
      },
      "id": "node/921597235"
    },
    {
      "type": "Feature",
      "properties": {
        "@id": "node/1083591466",
        "name": "Sleeping in Nomadetents",
        "tourism": "attraction"
      },
      "geometry": {
        "type": "Point",
        "coordinates": [
          -7.3441614,
          29.9255451
        ]
      },
      "id": "node/1083591466"
    },
    {
      "type": "Feature",
      "properties": {
        "@id": "node/1083599183",
        "name": "Agadir Aït Kine",
        "tourism": "attraction"
      },
      "geometry": {
        "type": "Point",
        "coordinates": [
          -8.1819637,
          30.0245215
        ]
      },
      "id": "node/1083599183"
    },
    {
      "type": "Feature",
      "properties": {
        "@id": "node/1083614623",
        "fee": "yes",
        "historic": "castle",
        "name": "Agadir Id Aissa",
        "payment:coins": "yes",
        "payment:credit_cards": "no",
        "tourism": "attraction",
        "wikidata": "Q89417273",
        "wikimedia_commons": "Category:Id Aissa",
        "wikipedia": "de:Amtoudi"
      },
      "geometry": {
        "type": "Point",
        "coordinates": [
          -9.1851704,
          29.2463344
        ]
      },
      "id": "node/1083614623"
    },
    {
      "type": "Feature",
      "properties": {
        "@id": "node/1083627155",
        "historic": "castle",
        "name": "Amtoudi, Agadir Aguellouy",
        "tourism": "attraction",
        "wikidata": "Q480283",
        "wikimedia_commons": "Category:Amtoudi",
        "wikipedia": "de:Amtoudi"
      },
      "geometry": {
        "type": "Point",
        "coordinates": [
          -9.1726076,
          29.2399423
        ]
      },
      "id": "node/1083627155"
    },
    {
      "type": "Feature",
      "properties": {
        "@id": "node/1125036066",
        "name": "La Source Bleue de Meski",
        "name:ca": "font blava de Meski",
        "natural": "spring",
        "tourism": "attraction"
      },
      "geometry": {
        "type": "Point",
        "coordinates": [
          -4.2819916,
          31.8564476
        ]
      },
      "id": "node/1125036066"
    },
    {
      "type": "Feature",
      "properties": {
        "@id": "node/1170699914",
        "barrier": "entrance",
        "bicycle": "yes",
        "foot": "yes",
        "historic": "city_gate",
        "horse": "yes",
        "name": "Bab Sbaa",
        "tourism": "attraction"
      },
      "geometry": {
        "type": "Point",
        "coordinates": [
          -9.7698234,
          31.5113477
        ]
      },
      "id": "node/1170699914"
    },
    {
      "type": "Feature",
      "properties": {
        "@id": "node/1226377238",
        "operator": "Berber co-op",
        "shop": "jewelry",
        "tourism": "attraction"
      },
      "geometry": {
        "type": "Point",
        "coordinates": [
          -7.6736526,
          31.2252697
        ]
      },
      "id": "node/1226377238"
    },
    {
      "type": "Feature",
      "properties": {
        "@id": "node/1226388019",
        "ele": "530.0",
        "name": "Holal Oasis spring هلال واحة الربيع",
        "name:ar": "هلال واحة الربيع",
        "name:fr": "Holal Oasis spring",
        "shop": "yes",
        "tourism": "attraction",
        "wpt_symbol": "Drinking Water"
      },
      "geometry": {
        "type": "Point",
        "coordinates": [
          -6.1191426,
          29.8826467
        ]
      },
      "id": "node/1226388019"
    },
    {
      "type": "Feature",
      "properties": {
        "@id": "node/1311268122",
        "addr:city": "FES medina",
        "barrier": "sally_port",
        "name": "Bab Sid L'Aouad",
        "tourism": "attraction"
      },
      "geometry": {
        "type": "Point",
        "coordinates": [
          -4.9723728,
          34.0630578
        ]
      },
      "id": "node/1311268122"
    },
    {
      "type": "Feature",
      "properties": {
        "@id": "node/1326362731",
        "name": "Argan tree Goats",
        "tourism": "attraction",
        "wheelchair": "limited"
      },
      "geometry": {
        "type": "Point",
        "coordinates": [
          -9.3623711,
          31.5474131
        ]
      },
      "id": "node/1326362731"
    },
    {
      "type": "Feature",
      "properties": {
        "@id": "node/1363063180",
        "alt_name:ar": "ساحة قصر العمالة",
        "alt_name:fr": "Place du palais de travail",
        "name": "Tajine",
        "name:fr": "Tajine",
        "tourism": "attraction"
      },
      "geometry": {
        "type": "Point",
        "coordinates": [
          -9.2339044,
          32.2948733
        ]
      },
      "id": "node/1363063180"
    },
    {
      "type": "Feature",
      "properties": {
        "@id": "node/1364791966",
        "barrier": "entrance",
        "name": "Bab Marrakech باب مراكش",
        "name:ar": "باب مراكش",
        "name:fr": "Bab Marrakech",
        "tourism": "attraction"
      },
      "geometry": {
        "type": "Point",
        "coordinates": [
          -9.765924,
          31.5119235
        ]
      },
      "id": "node/1364791966"
    },
    {
      "type": "Feature",
      "properties": {
        "@id": "node/1365158791",
        "barrier": "entrance",
        "name": "Bab El Minzah",
        "tourism": "attraction"
      },
      "geometry": {
        "type": "Point",
        "coordinates": [
          -9.771829,
          31.5111596
        ]
      },
      "id": "node/1365158791"
    },
    {
      "type": "Feature",
      "properties": {
        "@id": "node/1544541381",
        "heritage": "2",
        "heritage:operator": "idpcm",
        "heritage:website": "http://idpc.ma/view/pc_architecture/sanae:390003",
        "historic": "city_gate",
        "name": "Bab Mansour باب المنصور لعلج",
        "name:ar": "باب المنصور لعلج",
        "name:en": "Bab Mansour",
        "name:fr": "Bab Mansour",
        "ref:idpcm": "390003",
        "tourism": "attraction",
        "wikidata": "Q2877688",
        "wikimedia_commons": "File:Bab_Mansour_Gate.jpg"
      },
      "geometry": {
        "type": "Point",
        "coordinates": [
          -5.5646391,
          33.8925842
        ]
      },
      "id": "node/1544541381"
    },
    {
      "type": "Feature",
      "properties": {
        "@id": "node/1834181783",
        "name": "Gravures Rupestres",
        "tourism": "attraction"
      },
      "geometry": {
        "type": "Point",
        "coordinates": [
          -9.6443234,
          28.2543905
        ]
      },
      "id": "node/1834181783"
    },
    {
      "type": "Feature",
      "properties": {
        "@id": "node/1834181784",
        "archaeological_site": "petroglyph",
        "historic": "archaeological_site",
        "name": "Gravures Rupestres",
        "name:ru": "Наскальные рисунки",
        "tourism": "attraction"
      },
      "geometry": {
        "type": "Point",
        "coordinates": [
          -9.6648789,
          28.39071
        ]
      },
      "id": "node/1834181784"
    },
    {
      "type": "Feature",
      "properties": {
        "@id": "node/1834471264",
        "name": "Filmset",
        "tourism": "attraction"
      },
      "geometry": {
        "type": "Point",
        "coordinates": [
          -7.0726431,
          31.017721
        ]
      },
      "id": "node/1834471264"
    },
    {
      "type": "Feature",
      "properties": {
        "@id": "node/1834471266",
        "name": "Filmset",
        "tourism": "attraction"
      },
      "geometry": {
        "type": "Point",
        "coordinates": [
          -7.0668412,
          31.0192137
        ]
      },
      "id": "node/1834471266"
    },
    {
      "type": "Feature",
      "properties": {
        "@id": "node/1834471268",
        "name": "Filmset موقع التصوير",
        "name:ar": "موقع التصوير",
        "name:en": "Filmset",
        "tourism": "attraction"
      },
      "geometry": {
        "type": "Point",
        "coordinates": [
          -6.8060244,
          31.0486861
        ]
      },
      "id": "node/1834471268"
    },
    {
      "type": "Feature",
      "properties": {
        "@id": "node/1834471273",
        "addr:street": "N10",
        "name": "Gas Haven (scenery \"Hills Have Eyes\" (2006) Gas Station)",
        "name:ru": "Бензиновый приют (декорации к фильму \"У холмов есть глаза\" (2006), АЗС)",
        "tourism": "attraction"
      },
      "geometry": {
        "type": "Point",
        "coordinates": [
          -7.2330054,
          30.9227205
        ]
      },
      "id": "node/1834471273"
    },
    {
      "type": "Feature",
      "properties": {
        "@id": "node/1836794582",
        "name": "Kasbah Ouaklim",
        "tourism": "attraction"
      },
      "geometry": {
        "type": "Point",
        "coordinates": [
          -8.9994737,
          29.7019545
        ]
      },
      "id": "node/1836794582"
    },
    {
      "type": "Feature",
      "properties": {
        "@id": "node/1874425663",
        "name": "Gravures",
        "tourism": "attraction"
      },
      "geometry": {
        "type": "Point",
        "coordinates": [
          -13.8654974,
          23.9085024
        ]
      },
      "id": "node/1874425663"
    },
    {
      "type": "Feature",
      "properties": {
        "@id": "node/1874425668",
        "name": "Gravures",
        "tourism": "attraction"
      },
      "geometry": {
        "type": "Point",
        "coordinates": [
          -13.8658367,
          23.9091756
        ]
      },
      "id": "node/1874425668"
    },
    {
      "type": "Feature",
      "properties": {
        "@id": "node/2015234859",
        "name": "Fossil quarry",
        "tourism": "attraction"
      },
      "geometry": {
        "type": "Point",
        "coordinates": [
          -4.1664484,
          31.3766855
        ]
      },
      "id": "node/2015234859"
    },
    {
      "type": "Feature",
      "properties": {
        "@id": "node/2015234862",
        "name": "Fossil quarry",
        "tourism": "attraction"
      },
      "geometry": {
        "type": "Point",
        "coordinates": [
          -4.1729668,
          31.3811538
        ]
      },
      "id": "node/2015234862"
    },
    {
      "type": "Feature",
      "properties": {
        "@id": "node/2017052407",
        "historic": "yes",
        "name": "Gardmit",
        "place": "neighbourhood",
        "tourism": "attraction",
        "wikidata": "Q3095466",
        "wikimedia_commons": "Category:Gardmit",
        "wikipedia": "fr:Gardmit"
      },
      "geometry": {
        "type": "Point",
        "coordinates": [
          -5.0332081,
          31.5157582
        ]
      },
      "id": "node/2017052407"
    },
    {
      "type": "Feature",
      "properties": {
        "@id": "node/2039131721",
        "name": "Kasbah Tamnougalt",
        "tourism": "attraction",
        "wikidata": "Q7681625",
        "wikimedia_commons": "Category:Tamnougalt",
        "wikipedia": "en:Tamnougalt"
      },
      "geometry": {
        "type": "Point",
        "coordinates": [
          -6.3880807,
          30.675148
        ]
      },
      "id": "node/2039131721"
    },
    {
      "type": "Feature",
      "properties": {
        "@id": "node/2079992582",
        "name": "Filmset",
        "tourism": "attraction"
      },
      "geometry": {
        "type": "Point",
        "coordinates": [
          -6.9690635,
          30.9515952
        ]
      },
      "id": "node/2079992582"
    },
    {
      "type": "Feature",
      "properties": {
        "@id": "node/2079992586",
        "name": "Filmset",
        "tourism": "attraction"
      },
      "geometry": {
        "type": "Point",
        "coordinates": [
          -6.9876341,
          30.9531794
        ]
      },
      "id": "node/2079992586"
    },
    {
      "type": "Feature",
      "properties": {
        "@id": "node/2079992589",
        "name": "Filmset",
        "tourism": "attraction"
      },
      "geometry": {
        "type": "Point",
        "coordinates": [
          -6.9850465,
          30.9558778
        ]
      },
      "id": "node/2079992589"
    },
    {
      "type": "Feature",
      "properties": {
        "@id": "node/2080858903",
        "name": "Jardin Botanique",
        "tourism": "attraction"
      },
      "geometry": {
        "type": "Point",
        "coordinates": [
          -9.5919861,
          30.5081471
        ]
      },
      "id": "node/2080858903"
    },
    {
      "type": "Feature",
      "properties": {
        "@id": "node/2199291867",
        "name": "Ksar",
        "tourism": "attraction"
      },
      "geometry": {
        "type": "Point",
        "coordinates": [
          -5.5279213,
          31.5194461
        ]
      },
      "id": "node/2199291867"
    },
    {
      "type": "Feature",
      "properties": {
        "@id": "node/2284525756",
        "name": "Quartier des tanneurs",
        "name:de": "Gerberei-Viertel",
        "name:en": "The Tanneries of Marrakech",
        "name:fr": "Quartier des tanneurs",
        "place": "neighbourhood",
        "tourism": "attraction"
      },
      "geometry": {
        "type": "Point",
        "coordinates": [
          -7.9788746,
          31.6337142
        ]
      },
      "id": "node/2284525756"
    },
    {
      "type": "Feature",
      "properties": {
        "@id": "node/2355956668",
        "name": "Tombouctou 52 jours",
        "tourism": "attraction",
        "wikidata": "Q122382004"
      },
      "geometry": {
        "type": "Point",
        "coordinates": [
          -5.8422784,
          30.323434
        ]
      },
      "id": "node/2355956668"
    },
    {
      "type": "Feature",
      "properties": {
        "@id": "node/2488663165",
        "name": "Grotte potier",
        "natural": "cave_entrance",
        "tourism": "attraction"
      },
      "geometry": {
        "type": "Point",
        "coordinates": [
          -9.1576334,
          29.8069394
        ]
      },
      "id": "node/2488663165"
    },
    {
      "type": "Feature",
      "properties": {
        "@id": "node/2638858662",
        "attraction": "animal",
        "name": "Singe magot",
        "tourism": "attraction"
      },
      "geometry": {
        "type": "Point",
        "coordinates": [
          -6.895151,
          33.9548298
        ]
      },
      "id": "node/2638858662"
    },
    {
      "type": "Feature",
      "properties": {
        "@id": "node/2678524151",
        "name": "Rond Point La Pomme",
        "name:zh": "苹果小镇",
        "tourism": "attraction"
      },
      "geometry": {
        "type": "Point",
        "coordinates": [
          -4.7408405,
          32.6797897
        ]
      },
      "id": "node/2678524151"
    },
    {
      "type": "Feature",
      "properties": {
        "@id": "node/2723641702",
        "name": "Grotte des Pigeons مغارة الحمام",
        "name:ar": "مغارة الحمام",
        "name:en": "Grotte des Pigeons",
        "name:fr": "Grotte des Pigeons",
        "place": "hamlet",
        "tourism": "attraction"
      },
      "geometry": {
        "type": "Point",
        "coordinates": [
          -2.4037466,
          34.8138284
        ]
      },
      "id": "node/2723641702"
    },
    {
      "type": "Feature",
      "properties": {
        "@id": "node/2854147826",
        "amenity": "theatre",
        "name": "Gran Teatro Cervantes",
        "tourism": "attraction",
        "wikimedia_commons": "File:Gran Teatro Cervantes2.jpg"
      },
      "geometry": {
        "type": "Point",
        "coordinates": [
          -5.8107017,
          35.7820047
        ]
      },
      "id": "node/2854147826"
    },
    {
      "type": "Feature",
      "properties": {
        "@id": "node/2878409926",
        "historic": "ruins",
        "name": "Ancienne Kasbah",
        "tourism": "attraction"
      },
      "geometry": {
        "type": "Point",
        "coordinates": [
          -5.582807,
          31.5537435
        ]
      },
      "id": "node/2878409926"
    },
    {
      "type": "Feature",
      "properties": {
        "@id": "node/2878481003",
        "name": "Gorges de Sidi Boubkere",
        "tourism": "attraction"
      },
      "geometry": {
        "type": "Point",
        "coordinates": [
          -5.9886168,
          31.4390028
        ]
      },
      "id": "node/2878481003"
    },
    {
      "type": "Feature",
      "properties": {
        "@id": "node/2923432485",
        "attraction": "animal",
        "name": "Mouflon à manchettes",
        "tourism": "attraction"
      },
      "geometry": {
        "type": "Point",
        "coordinates": [
          -6.8946533,
          33.9543784
        ]
      },
      "id": "node/2923432485"
    },
    {
      "type": "Feature",
      "properties": {
        "@id": "node/2923432972",
        "attraction": "animal",
        "name": "Ferme pédagogique",
        "tourism": "attraction"
      },
      "geometry": {
        "type": "Point",
        "coordinates": [
          -6.8935365,
          33.9542402
        ]
      },
      "id": "node/2923432972"
    },
    {
      "type": "Feature",
      "properties": {
        "@id": "node/2923434404",
        "attraction": "animal",
        "name": "Cyhnes noirs",
        "tourism": "attraction"
      },
      "geometry": {
        "type": "Point",
        "coordinates": [
          -6.8924522,
          33.9540752
        ]
      },
      "id": "node/2923434404"
    },
    {
      "type": "Feature",
      "properties": {
        "@id": "node/2923434405",
        "attraction": "animal",
        "name": "Canard",
        "tourism": "attraction"
      },
      "geometry": {
        "type": "Point",
        "coordinates": [
          -6.892511,
          33.9538101
        ]
      },
      "id": "node/2923434405"
    },
    {
      "type": "Feature",
      "properties": {
        "@id": "node/2923435016",
        "attraction": "animal",
        "name": "Chimpanzé",
        "tourism": "attraction"
      },
      "geometry": {
        "type": "Point",
        "coordinates": [
          -6.894288,
          33.9521982
        ]
      },
      "id": "node/2923435016"
    },
    {
      "type": "Feature",
      "properties": {
        "@id": "node/2979219675",
        "battleground": "yes",
        "name": "Bataille d'Isly",
        "tourism": "attraction"
      },
      "geometry": {
        "type": "Point",
        "coordinates": [
          -1.9783927,
          34.6829278
        ]
      },
      "id": "node/2979219675"
    },
    {
      "type": "Feature",
      "properties": {
        "@id": "node/3097311502",
        "name": "nomad cave",
        "tourism": "attraction"
      },
      "geometry": {
        "type": "Point",
        "coordinates": [
          -5.9471479,
          31.5240612
        ]
      },
      "id": "node/3097311502"
    },
    {
      "type": "Feature",
      "properties": {
        "@id": "node/3097329056",
        "name": "nomad house",
        "tourism": "attraction"
      },
      "geometry": {
        "type": "Point",
        "coordinates": [
          -5.9610033,
          31.5438995
        ]
      },
      "id": "node/3097329056"
    },
    {
      "type": "Feature",
      "properties": {
        "@id": "node/3101817211",
        "leaf_type": "broadleaved",
        "name:en": "Olive Street",
        "natural": "tree",
        "ref:type": "arbrei",
        "source": "Origine Commune de Chefchaouen Septembre 2014",
        "tourism": "attraction"
      },
      "geometry": {
        "type": "Point",
        "coordinates": [
          -5.2593048,
          35.1702948
        ]
      },
      "id": "node/3101817211"
    },
    {
      "type": "Feature",
      "properties": {
        "@id": "node/3159920348",
        "name": "Site de gravures rupestres de Taouz",
        "tourism": "attraction"
      },
      "geometry": {
        "type": "Point",
        "coordinates": [
          -4.0375261,
          30.9106216
        ]
      },
      "id": "node/3159920348"
    },
    {
      "type": "Feature",
      "properties": {
        "@id": "node/3238092824",
        "name": "petite cascade",
        "tourism": "attraction"
      },
      "geometry": {
        "type": "Point",
        "coordinates": [
          -5.0049473,
          33.7197366
        ]
      },
      "id": "node/3238092824"
    },
    {
      "type": "Feature",
      "properties": {
        "@id": "node/3371981840",
        "name": "Berber House",
        "tourism": "attraction"
      },
      "geometry": {
        "type": "Point",
        "coordinates": [
          -7.7750533,
          31.3579953
        ]
      },
      "id": "node/3371981840"
    },
    {
      "type": "Feature",
      "properties": {
        "@id": "node/3371993727",
        "name": "Womens cooperative Argan oil",
        "shop": "craft",
        "tourism": "attraction"
      },
      "geometry": {
        "type": "Point",
        "coordinates": [
          -7.7082859,
          31.286959
        ]
      },
      "id": "node/3371993727"
    },
    {
      "type": "Feature",
      "properties": {
        "@id": "node/3592519301",
        "archaeological_site": "rock_painting",
        "tourism": "attraction"
      },
      "geometry": {
        "type": "Point",
        "coordinates": [
          -8.8423199,
          29.4370952
        ]
      },
      "id": "node/3592519301"
    },
    {
      "type": "Feature",
      "properties": {
        "@id": "node/3672991236",
        "name": "Legzira Arc",
        "name:fr": "Legzira Arc",
        "natural": "arch",
        "tourism": "attraction"
      },
      "geometry": {
        "type": "Point",
        "coordinates": [
          -10.1213384,
          29.4397261
        ]
      },
      "id": "node/3672991236"
    },
    {
      "type": "Feature",
      "properties": {
        "@id": "node/4026734052",
        "name": "Médina المدينة العتيقة",
        "name:ar": "المدينة العتيقة",
        "name:es": "Medina",
        "name:fr": "Médina",
        "place": "suburb",
        "tourism": "attraction",
        "wikidata": "Q3847588"
      },
      "geometry": {
        "type": "Point",
        "coordinates": [
          -5.3664659,
          35.5710625
        ]
      },
      "id": "node/4026734052"
    },
    {
      "type": "Feature",
      "properties": {
        "@id": "node/4158138594",
        "name": "Canyon des doigts de singe",
        "natural": "rock",
        "tourism": "attraction"
      },
      "geometry": {
        "type": "Point",
        "coordinates": [
          -5.9459548,
          31.4538489
        ]
      },
      "id": "node/4158138594"
    },
    {
      "type": "Feature",
      "properties": {
        "@id": "node/4158217190",
        "name": "Canyon des Doigts de Singe",
        "name:es": "Dedos de Mono",
        "natural": "rock",
        "tourism": "attraction"
      },
      "geometry": {
        "type": "Point",
        "coordinates": [
          -5.9672066,
          31.44937
        ]
      },
      "id": "node/4158217190"
    },
    {
      "type": "Feature",
      "properties": {
        "@id": "node/4159710248",
        "name:de": "Garten André Heller",
        "name:en": "Anima Heller's Garden",
        "tourism": "attraction"
      },
      "geometry": {
        "type": "Point",
        "coordinates": [
          -7.8279275,
          31.4027558
        ]
      },
      "id": "node/4159710248"
    },
    {
      "type": "Feature",
      "properties": {
        "@id": "node/4224724190",
        "tourism": "attraction"
      },
      "geometry": {
        "type": "Point",
        "coordinates": [
          -6.458835,
          33.9323836
        ]
      },
      "id": "node/4224724190"
    },
    {
      "type": "Feature",
      "properties": {
        "@id": "node/4225325215",
        "addr:street": "Boulevard d'Alsace",
        "name": "سوق بنجدية",
        "tourism": "attraction"
      },
      "geometry": {
        "type": "Point",
        "coordinates": [
          -7.6107151,
          33.5856759
        ]
      },
      "id": "node/4225325215"
    },
    {
      "type": "Feature",
      "properties": {
        "@id": "node/4248672856",
        "name": "Lions",
        "tourism": "attraction"
      },
      "geometry": {
        "type": "Point",
        "coordinates": [
          -6.9675495,
          30.9425188
        ]
      },
      "id": "node/4248672856"
    },
    {
      "type": "Feature",
      "properties": {
        "@id": "node/4248688219",
        "historic": "aircraft",
        "tourism": "attraction"
      },
      "geometry": {
        "type": "Point",
        "coordinates": [
          -6.966515,
          30.940988
        ]
      },
      "id": "node/4248688219"
    },
    {
      "type": "Feature",
      "properties": {
        "@id": "node/4248688220",
        "name": "Ship",
        "tourism": "attraction"
      },
      "geometry": {
        "type": "Point",
        "coordinates": [
          -6.9652125,
          30.9423463
        ]
      },
      "id": "node/4248688220"
    },
    {
      "type": "Feature",
      "properties": {
        "@id": "node/4305714175",
        "alt_name": "Pont naturel Imi-n-Ifri",
        "name": "Pont naturel Imi n'Ifri",
        "name:en": "Natural bridge Imi n'Ifri",
        "natural": "rock",
        "tourism": "attraction"
      },
      "geometry": {
        "type": "Point",
        "coordinates": [
          -6.9713678,
          31.7243543
        ]
      },
      "id": "node/4305714175"
    },
    {
      "type": "Feature",
      "properties": {
        "@id": "node/4324218892",
        "name": "Shipwreck",
        "tourism": "attraction"
      },
      "geometry": {
        "type": "Point",
        "coordinates": [
          -12.7134969,
          27.9787056
        ]
      },
      "id": "node/4324218892"
    },
    {
      "type": "Feature",
      "properties": {
        "@id": "node/4348057789",
        "name": "ضايةعوا",
        "name:ar": "ضايةعوا",
        "tourism": "attraction"
      },
      "geometry": {
        "type": "Point",
        "coordinates": [
          -5.0295765,
          33.6523238
        ]
      },
      "id": "node/4348057789"
    },
    {
      "type": "Feature",
      "properties": {
        "@id": "node/4381458182",
        "historic": "yes",
        "name": "Mellah Oudaghir ملاح الوداغير",
        "name:ar": "ملاح الوداغير",
        "name:en": "Mellah Oudaghir",
        "name:fr": "Mellah Oudaghir",
        "place": "neighbourhood",
        "religion": "jewish",
        "tourism": "attraction"
      },
      "geometry": {
        "type": "Point",
        "coordinates": [
          -1.2346337,
          32.1180782
        ]
      },
      "id": "node/4381458182"
    },
    {
      "type": "Feature",
      "properties": {
        "@id": "node/4402752371",
        "addr:city": "فاس",
        "barrier": "entrance",
        "historic": "city_gate",
        "name": "Bab Sidi Boujida",
        "tourism": "attraction"
      },
      "geometry": {
        "type": "Point",
        "coordinates": [
          -4.9661479,
          34.0668303
        ]
      },
      "id": "node/4402752371"
    },
    {
      "type": "Feature",
      "properties": {
        "@id": "node/4405620298",
        "addr:city": "Figuig ⵉⴼⵉⵢⵢⵉⵢ فگيگ",
        "addr:street": "زنقة أولاد زيان",
        "heritage": "yes",
        "historic": "monument",
        "historic:civilization": "almoravides",
        "name": "Le Minaret Pierreux الصومعة الحجرية",
        "name:ar": "الصومعة الحجرية",
        "name:fr": "Le Minaret Pierreux",
        "tourism": "attraction"
      },
      "geometry": {
        "type": "Point",
        "coordinates": [
          -1.2347541,
          32.1151572
        ]
      },
      "id": "node/4405620298"
    },
    {
      "type": "Feature",
      "properties": {
        "@id": "node/4430989197",
        "name:en": "pass",
        "tourism": "attraction"
      },
      "geometry": {
        "type": "Point",
        "coordinates": [
          -5.3689827,
          30.078111
        ]
      },
      "id": "node/4430989197"
    },
    {
      "type": "Feature",
      "properties": {
        "@id": "node/4430990294",
        "name:en": "Cemetary",
        "tourism": "attraction"
      },
      "geometry": {
        "type": "Point",
        "coordinates": [
          -4.8578096,
          30.6329209
        ]
      },
      "id": "node/4430990294"
    },
    {
      "type": "Feature",
      "properties": {
        "@id": "node/4433787791",
        "name:en": "Monkeys",
        "name:ro": "Maimuțe",
        "tourism": "attraction"
      },
      "geometry": {
        "type": "Point",
        "coordinates": [
          -5.1235743,
          33.4944875
        ]
      },
      "id": "node/4433787791"
    },
    {
      "type": "Feature",
      "properties": {
        "@id": "node/4437884091",
        "name:en": "Souk des olives",
        "name:ru": "Оливковый базар",
        "tourism": "attraction"
      },
      "geometry": {
        "type": "Point",
        "coordinates": [
          -7.6050554,
          33.5771975
        ]
      },
      "id": "node/4437884091"
    },
    {
      "type": "Feature",
      "properties": {
        "@id": "node/4471573000",
        "name:en": "Beach",
        "tourism": "attraction"
      },
      "geometry": {
        "type": "Point",
        "coordinates": [
          -7.8595484,
          33.5157031
        ]
      },
      "id": "node/4471573000"
    },
    {
      "type": "Feature",
      "properties": {
        "@id": "node/4473455192",
        "tourism": "attraction"
      },
      "geometry": {
        "type": "Point",
        "coordinates": [
          -5.0187584,
          34.4817562
        ]
      },
      "id": "node/4473455192"
    },
    {
      "type": "Feature",
      "properties": {
        "@id": "node/4503821590",
        "addr:housenumber": "1",
        "addr:postcode": "83000",
        "addr:street": "place de la source bleue",
        "name": "Place de la Source bleue",
        "name:en": "oasis pool fed by pipes",
        "name:fr": "Place de la Source bleue",
        "opening_hours": "24/7",
        "tourism": "attraction"
      },
      "geometry": {
        "type": "Point",
        "coordinates": [
          -9.7268457,
          29.7004865
        ]
      },
      "id": "node/4503821590"
    },
    {
      "type": "Feature",
      "properties": {
        "@id": "node/4503821591",
        "addr:housenumber": "1",
        "addr:street": "Camino Qasba",
        "addr:street:es": "Camino Qasba",
        "name": "Qasba",
        "name:en": "kasbah",
        "name:es": "Qasba",
        "opening_hours": "Mo 10:00-22:00",
        "tourism": "attraction"
      },
      "geometry": {
        "type": "Point",
        "coordinates": [
          -9.726628,
          29.7000082
        ]
      },
      "id": "node/4503821591"
    },
    {
      "type": "Feature",
      "properties": {
        "@id": "node/4507327581",
        "name": "Beautiful little Waterfall",
        "tourism": "attraction"
      },
      "geometry": {
        "type": "Point",
        "coordinates": [
          -9.8177379,
          29.0252411
        ]
      },
      "id": "node/4507327581"
    },
    {
      "type": "Feature",
      "properties": {
        "@id": "node/4507327615",
        "name": "Sand dunes",
        "name:en": "Sand dunes",
        "name:fr": "Dunes de sable",
        "name:pt": "Dunas de areia",
        "tourism": "attraction"
      },
      "geometry": {
        "type": "Point",
        "coordinates": [
          -9.9115689,
          28.642548
        ]
      },
      "id": "node/4507327615"
    },
    {
      "type": "Feature",
      "properties": {
        "@id": "node/4511868889",
        "harbour": "yes",
        "name": "Port de pêche de Salé",
        "name:fr": "Port de pêche de Salé",
        "tourism": "attraction"
      },
      "geometry": {
        "type": "Point",
        "coordinates": [
          -6.8327504,
          34.039651
        ]
      },
      "id": "node/4511868889"
    },
    {
      "type": "Feature",
      "properties": {
        "@id": "node/4511888889",
        "name": "Medersa des Mérinides",
        "name:fr": "Medersa des Mérinides",
        "tourism": "attraction"
      },
      "geometry": {
        "type": "Point",
        "coordinates": [
          -6.8273632,
          34.0400819
        ]
      },
      "id": "node/4511888889"
    },
    {
      "type": "Feature",
      "properties": {
        "@id": "node/4513408890",
        "name:en": "Aylim great rock",
        "tourism": "attraction"
      },
      "geometry": {
        "type": "Point",
        "coordinates": [
          -9.1198516,
          29.7967037
        ]
      },
      "id": "node/4513408890"
    },
    {
      "type": "Feature",
      "properties": {
        "@id": "node/4515574130",
        "name": "Le jardin du safran",
        "tourism": "attraction",
        "website": "www.safran-ourika.com"
      },
      "geometry": {
        "type": "Point",
        "coordinates": [
          -7.7887253,
          31.3768524
        ]
      },
      "id": "node/4515574130"
    },
    {
      "type": "Feature",
      "properties": {
        "@id": "node/4583414491",
        "name": "Akhfamane أخفمان",
        "name:ar": "أخفمان",
        "name:fr": "Akhfamane",
        "tourism": "attraction"
      },
      "geometry": {
        "type": "Point",
        "coordinates": [
          -7.7711353,
          30.5759451
        ]
      },
      "id": "node/4583414491"
    },
    {
      "type": "Feature",
      "properties": {
        "@id": "node/4583414492",
        "name": "Boulgou بولكو",
        "name:ar": "بولكو",
        "name:fr": "Boulgou",
        "tourism": "attraction"
      },
      "geometry": {
        "type": "Point",
        "coordinates": [
          -7.9543063,
          30.5871525
        ]
      },
      "id": "node/4583414492"
    },
    {
      "type": "Feature",
      "properties": {
        "@id": "node/4583415689",
        "name": "Tagjdit تكجديت",
        "name:ar": "تكجديت",
        "name:fr": "Tagjdit",
        "tourism": "attraction"
      },
      "geometry": {
        "type": "Point",
        "coordinates": [
          -7.7764548,
          30.5707569
        ]
      },
      "id": "node/4583415689"
    },
    {
      "type": "Feature",
      "properties": {
        "@id": "node/4594384399",
        "name": "Jawad",
        "name:fr": "Jawad",
        "tourism": "attraction"
      },
      "geometry": {
        "type": "Point",
        "coordinates": [
          -8.5125358,
          33.2526478
        ]
      },
      "id": "node/4594384399"
    },
    {
      "type": "Feature",
      "properties": {
        "@id": "node/4641843976",
        "ele": "3005",
        "mountain_pass": "yes",
        "name": "Tizi n'Ait Hmed",
        "name:fr": "Col de Tizi n'Ait Hmed",
        "natural": "saddle",
        "tourism": "attraction"
      },
      "geometry": {
        "type": "Point",
        "coordinates": [
          -6.2731442,
          31.5370608
        ]
      },
      "id": "node/4641843976"
    },
    {
      "type": "Feature",
      "properties": {
        "@id": "node/4642434591",
        "tourism": "attraction"
      },
      "geometry": {
        "type": "Point",
        "coordinates": [
          -7.8045028,
          31.3786076
        ]
      },
      "id": "node/4642434591"
    },
    {
      "type": "Feature",
      "properties": {
        "@id": "node/4674671989",
        "name": "919",
        "name:ar": "919",
        "tourism": "attraction"
      },
      "geometry": {
        "type": "Point",
        "coordinates": [
          -7.3884542,
          32.0648147
        ]
      },
      "id": "node/4674671989"
    },
    {
      "type": "Feature",
      "properties": {
        "@id": "node/4677532291",
        "name:zh": "舍夫沙万麦地那",
        "tourism": "attraction"
      },
      "geometry": {
        "type": "Point",
        "coordinates": [
          -5.2694689,
          35.1715834
        ]
      },
      "id": "node/4677532291"
    },
    {
      "type": "Feature",
      "properties": {
        "@id": "node/4681597092",
        "name": "رشيد",
        "name:ar": "رشيد",
        "phone": "+212 6 76 87 33 34",
        "tourism": "attraction"
      },
      "geometry": {
        "type": "Point",
        "coordinates": [
          -5.0485008,
          34.0212192
        ]
      },
      "id": "node/4681597092"
    },
    {
      "type": "Feature",
      "properties": {
        "@id": "node/4681609498",
        "name": "مفروشات المنازل",
        "name:ar": "مفروشات المنازل",
        "phone": "+212 6 41 73 79 63",
        "tourism": "attraction"
      },
      "geometry": {
        "type": "Point",
        "coordinates": [
          -5.0341123,
          34.0080845
        ]
      },
      "id": "node/4681609498"
    },
    {
      "type": "Feature",
      "properties": {
        "@id": "node/4681609501",
        "addr:city": "Fèsفاس",
        "name": "محل",
        "name:ar": "محل",
        "phone": "+212 6 64 47 85 08",
        "tourism": "attraction"
      },
      "geometry": {
        "type": "Point",
        "coordinates": [
          -5.0306622,
          34.0570411
        ]
      },
      "id": "node/4681609501"
    },
    {
      "type": "Feature",
      "properties": {
        "@id": "node/4681609791",
        "name": "يونس صحراوي",
        "name:ar": "يونس صحراوي",
        "phone": "+212 6 70 25 99 78",
        "tourism": "attraction"
      },
      "geometry": {
        "type": "Point",
        "coordinates": [
          -5.0524053,
          33.9958651
        ]
      },
      "id": "node/4681609791"
    },
    {
      "type": "Feature",
      "properties": {
        "@id": "node/4681620694",
        "addr:city": "فاس",
        "name": "غليظ أبو لحية",
        "name:ar": "غليظ أبو لحية",
        "tourism": "attraction"
      },
      "geometry": {
        "type": "Point",
        "coordinates": [
          -5.0319597,
          34.0220632
        ]
      },
      "id": "node/4681620694"
    },
    {
      "type": "Feature",
      "properties": {
        "@id": "node/4711878289",
        "addr:street": "Avenue lalla Hasnae",
        "amenity": "fast_food",
        "name": "Cass-croute",
        "tourism": "attraction"
      },
      "geometry": {
        "type": "Point",
        "coordinates": [
          -4.997662,
          34.0450971
        ]
      },
      "id": "node/4711878289"
    },
    {
      "type": "Feature",
      "properties": {
        "@id": "node/4713136302",
        "addr:street": "Avenue Hassan II",
        "office": "insurance",
        "tourism": "attraction"
      },
      "geometry": {
        "type": "Point",
        "coordinates": [
          -4.9983879,
          34.0433897
        ]
      },
      "id": "node/4713136302"
    },
    {
      "type": "Feature",
      "properties": {
        "@id": "node/4734085823",
        "addr:street": "Rue Hassan Zegriti",
        "amenity": "cafe",
        "name": "Cremerie",
        "tourism": "attraction"
      },
      "geometry": {
        "type": "Point",
        "coordinates": [
          -4.9972962,
          34.0403604
        ]
      },
      "id": "node/4734085823"
    },
    {
      "type": "Feature",
      "properties": {
        "@id": "node/4735348732",
        "tourism": "attraction"
      },
      "geometry": {
        "type": "Point",
        "coordinates": [
          -8.8897473,
          30.4688107
        ]
      },
      "id": "node/4735348732"
    },
    {
      "type": "Feature",
      "properties": {
        "@id": "node/4737845222",
        "tourism": "attraction"
      },
      "geometry": {
        "type": "Point",
        "coordinates": [
          -5.9072527,
          35.7779768
        ]
      },
      "id": "node/4737845222"
    },
    {
      "type": "Feature",
      "properties": {
        "@id": "node/4738646522",
        "name": "Wodospad",
        "tourism": "attraction"
      },
      "geometry": {
        "type": "Point",
        "coordinates": [
          -7.7180675,
          31.3470889
        ]
      },
      "id": "node/4738646522"
    },
    {
      "type": "Feature",
      "properties": {
        "@id": "node/4744772225",
        "addr:street": "Avenue Abdallah Chefchaouni",
        "name": "Cofirad",
        "phone": "055621705",
        "shop": "greengrocer",
        "tourism": "attraction"
      },
      "geometry": {
        "type": "Point",
        "coordinates": [
          -4.9967616,
          34.0423418
        ]
      },
      "id": "node/4744772225"
    },
    {
      "type": "Feature",
      "properties": {
        "@id": "node/4748609725",
        "addr:street": "Avenue Abdallah Chefchaouni",
        "office": "architect",
        "phone": "+212 5 35 62 33 15",
        "tourism": "attraction"
      },
      "geometry": {
        "type": "Point",
        "coordinates": [
          -4.996372,
          34.0400267
        ]
      },
      "id": "node/4748609725"
    },
    {
      "type": "Feature",
      "properties": {
        "@id": "node/4749416821",
        "name:en": "Apricot tree garden",
        "tourism": "attraction"
      },
      "geometry": {
        "type": "Point",
        "coordinates": [
          -7.2888685,
          30.751468
        ]
      },
      "id": "node/4749416821"
    },
    {
      "type": "Feature",
      "properties": {
        "@id": "node/4751025303",
        "historic": "wreck",
        "seamark:type": "wreck",
        "tourism": "attraction"
      },
      "geometry": {
        "type": "Point",
        "coordinates": [
          -14.1561847,
          26.4260649
        ]
      },
      "id": "node/4751025303"
    },
    {
      "type": "Feature",
      "properties": {
        "@id": "node/4751043695",
        "historic": "wreck",
        "seamark:type": "wreck",
        "tourism": "attraction"
      },
      "geometry": {
        "type": "Point",
        "coordinates": [
          -14.3229125,
          26.2798607
        ]
      },
      "id": "node/4751043695"
    },
    {
      "type": "Feature",
      "properties": {
        "@id": "node/4751043696",
        "historic": "wreck",
        "seamark:type": "wreck",
        "tourism": "attraction"
      },
      "geometry": {
        "type": "Point",
        "coordinates": [
          -14.2685843,
          26.3222107
        ]
      },
      "id": "node/4751043696"
    },
    {
      "type": "Feature",
      "properties": {
        "@id": "node/4751043698",
        "historic": "wreck",
        "seamark:type": "wreck",
        "tourism": "attraction"
      },
      "geometry": {
        "type": "Point",
        "coordinates": [
          -14.1459403,
          26.4257091
        ]
      },
      "id": "node/4751043698"
    },
    {
      "type": "Feature",
      "properties": {
        "@id": "node/4751089070",
        "historic": "wreck",
        "seamark:type": "wreck",
        "tourism": "attraction"
      },
      "geometry": {
        "type": "Point",
        "coordinates": [
          -14.525733,
          25.9386792
        ]
      },
      "id": "node/4751089070"
    },
    {
      "type": "Feature",
      "properties": {
        "@id": "node/4757781323",
        "addr:street": "Rue Allal Loudiyi",
        "name": "Arabian centre",
        "phone": "+212 535620929",
        "tourism": "attraction"
      },
      "geometry": {
        "type": "Point",
        "coordinates": [
          -4.9978218,
          34.0408114
        ]
      },
      "id": "node/4757781323"
    },
    {
      "type": "Feature",
      "properties": {
        "@id": "node/4758760223",
        "addr:street": "Rue Allal Loudiyi",
        "name": "Sté Marweb",
        "phone": "035651078",
        "tourism": "attraction"
      },
      "geometry": {
        "type": "Point",
        "coordinates": [
          -4.9978333,
          34.040777
        ]
      },
      "id": "node/4758760223"
    },
    {
      "type": "Feature",
      "properties": {
        "@id": "node/4758765721",
        "addr:street": "Rue Allal Loudiyi",
        "name": "Comptable",
        "phone": "+212 6 61 64 51 44",
        "tourism": "attraction"
      },
      "geometry": {
        "type": "Point",
        "coordinates": [
          -4.9979343,
          34.0407768
        ]
      },
      "id": "node/4758765721"
    },
    {
      "type": "Feature",
      "properties": {
        "@id": "node/4759560778",
        "name": "Topocad",
        "phone": "+212 5 35 93 17 78",
        "tourism": "attraction"
      },
      "geometry": {
        "type": "Point",
        "coordinates": [
          -4.9978934,
          34.0405459
        ]
      },
      "id": "node/4759560778"
    },
    {
      "type": "Feature",
      "properties": {
        "@id": "node/4759560827",
        "addr:street": "Avenue Abdelali Benchekroun",
        "name": "Manitrap",
        "phone": "+212 5 35 93 24 14",
        "tourism": "attraction"
      },
      "geometry": {
        "type": "Point",
        "coordinates": [
          -4.9978719,
          34.0405029
        ]
      },
      "id": "node/4759560827"
    },
    {
      "type": "Feature",
      "properties": {
        "@id": "node/4759591821",
        "addr:street": "Avenue Abdelali Benchekroun",
        "name": "Dreams Engineering",
        "phone": "061486164",
        "tourism": "attraction"
      },
      "geometry": {
        "type": "Point",
        "coordinates": [
          -4.9978602,
          34.040481
        ]
      },
      "id": "node/4759591821"
    },
    {
      "type": "Feature",
      "properties": {
        "@id": "node/4788311694",
        "name": "Ain Soltane",
        "tourism": "attraction"
      },
      "geometry": {
        "type": "Point",
        "coordinates": [
          -5.0024515,
          33.7187447
        ]
      },
      "id": "node/4788311694"
    },
    {
      "type": "Feature",
      "properties": {
        "@id": "node/4790369721",
        "addr:street": "Avenue Abdelali Benchekroun",
        "name": "Cendrillon",
        "shop": "shoes",
        "tourism": "attraction"
      },
      "geometry": {
        "type": "Point",
        "coordinates": [
          -4.9985127,
          34.0397143
        ]
      },
      "id": "node/4790369721"
    },
    {
      "type": "Feature",
      "properties": {
        "@id": "node/4798721934",
        "name": "Cascades de Tuzgui",
        "tourism": "attraction",
        "wheelchair": "no"
      },
      "geometry": {
        "type": "Point",
        "coordinates": [
          -6.5290862,
          30.7760153
        ]
      },
      "id": "node/4798721934"
    },
    {
      "type": "Feature",
      "properties": {
        "@id": "node/4811038022",
        "addr:city": "Municipalité de Méchouar Fès Jdid المشور فاس الجديد",
        "addr:street": "Boulevard Boukhsissat",
        "name": "Zaouia of Moulay Idriss II",
        "tourism": "attraction"
      },
      "geometry": {
        "type": "Point",
        "coordinates": [
          -4.9876653,
          34.0545477
        ]
      },
      "id": "node/4811038022"
    },
    {
      "type": "Feature",
      "properties": {
        "@id": "node/4840807023",
        "name:en": "chefchaouen Ras Elma",
        "name:zh": "舍夫沙万后山马角公园",
        "tourism": "attraction"
      },
      "geometry": {
        "type": "Point",
        "coordinates": [
          -5.2596152,
          35.1676149
        ]
      },
      "id": "node/4840807023"
    },
    {
      "type": "Feature",
      "properties": {
        "@id": "node/4842752628",
        "name:en": "Castello Real of Mogador",
        "tourism": "attraction"
      },
      "geometry": {
        "type": "Point",
        "coordinates": [
          -9.7728414,
          31.5105023
        ]
      },
      "id": "node/4842752628"
    },
    {
      "type": "Feature",
      "properties": {
        "@id": "node/4851287127",
        "name:de": "Monkeys",
        "tourism": "attraction"
      },
      "geometry": {
        "type": "Point",
        "coordinates": [
          -5.1763614,
          33.4325027
        ]
      },
      "id": "node/4851287127"
    },
    {
      "type": "Feature",
      "properties": {
        "@id": "node/4851287129",
        "name:de": "Normaden",
        "tourism": "attraction"
      },
      "geometry": {
        "type": "Point",
        "coordinates": [
          -3.9361235,
          31.1107121
        ]
      },
      "id": "node/4851287129"
    },
    {
      "type": "Feature",
      "properties": {
        "@id": "node/4852113225",
        "name:de": "Pferdekutschen",
        "name:en": "Horse Drawn Carriages",
        "name:fr": "Calèches",
        "public_transport": "station",
        "tourism": "attraction"
      },
      "geometry": {
        "type": "Point",
        "coordinates": [
          -7.9908646,
          31.624876
        ]
      },
      "id": "node/4852113225"
    },
    {
      "type": "Feature",
      "properties": {
        "@id": "node/4852113325",
        "name": "Marché aux Poissons",
        "name:de": "Fischmarkt",
        "name:en": "Fishery",
        "name:fr": "Marché aux Poissons",
        "tourism": "attraction",
        "wheelchair": "limited"
      },
      "geometry": {
        "type": "Point",
        "coordinates": [
          -9.7746233,
          31.5093373
        ]
      },
      "id": "node/4852113325"
    },
    {
      "type": "Feature",
      "properties": {
        "@id": "node/4867570921",
        "amenity": "place_of_worship",
        "name": "Ouzioua 190517",
        "name:fr": "Ouzioua 190517",
        "tourism": "attraction"
      },
      "geometry": {
        "type": "Point",
        "coordinates": [
          -8.0476742,
          30.7314573
        ]
      },
      "id": "node/4867570921"
    },
    {
      "type": "Feature",
      "properties": {
        "@id": "node/4906878023",
        "name": "حي كرة السبع",
        "name:ar": "حي كرة السبع",
        "tourism": "attraction"
      },
      "geometry": {
        "type": "Point",
        "coordinates": [
          -5.3867234,
          35.5513019
        ]
      },
      "id": "node/4906878023"
    },
    {
      "type": "Feature",
      "properties": {
        "@id": "node/4929214022",
        "tourism": "attraction"
      },
      "geometry": {
        "type": "Point",
        "coordinates": [
          -6.822347,
          34.0223189
        ]
      },
      "id": "node/4929214022"
    },
    {
      "type": "Feature",
      "properties": {
        "@id": "node/4955772021",
        "name": "Elmakraze",
        "tourism": "attraction"
      },
      "geometry": {
        "type": "Point",
        "coordinates": [
          -9.4774191,
          28.6677285
        ]
      },
      "id": "node/4955772021"
    },
    {
      "type": "Feature",
      "properties": {
        "@id": "node/4967803892",
        "historic": "wreck",
        "seamark:type": "wreck",
        "tourism": "attraction"
      },
      "geometry": {
        "type": "Point",
        "coordinates": [
          -13.4173,
          27.1241821
        ]
      },
      "id": "node/4967803892"
    },
    {
      "type": "Feature",
      "properties": {
        "@id": "node/4967803893",
        "historic": "wreck",
        "seamark:type": "wreck",
        "tourism": "attraction"
      },
      "geometry": {
        "type": "Point",
        "coordinates": [
          -13.4712124,
          26.9665841
        ]
      },
      "id": "node/4967803893"
    },
    {
      "type": "Feature",
      "properties": {
        "@id": "node/4968261521",
        "addr:street": "Avenue Ouahrane",
        "amenity": "fast_food",
        "name": "Sandwich Benmaseoud",
        "tourism": "attraction"
      },
      "geometry": {
        "type": "Point",
        "coordinates": [
          -4.9853306,
          34.0246523
        ]
      },
      "id": "node/4968261521"
    },
    {
      "type": "Feature",
      "properties": {
        "@id": "node/4968605521",
        "name": "lieu plongeur",
        "name:fr": "lieu plongeur",
        "tourism": "attraction"
      },
      "geometry": {
        "type": "Point",
        "coordinates": [
          -9.6413516,
          30.4176269
        ]
      },
      "id": "node/4968605521"
    },
    {
      "type": "Feature",
      "properties": {
        "@id": "node/4971293927",
        "addr:city": "fes medina",
        "name": "Bab Makina باب المكينة",
        "name:ar": "باب المكينة",
        "name:en": "Bab Makina",
        "tourism": "attraction"
      },
      "geometry": {
        "type": "Point",
        "coordinates": [
          -4.9917826,
          34.0595289
        ]
      },
      "id": "node/4971293927"
    },
    {
      "type": "Feature",
      "properties": {
        "@id": "node/4972166862",
        "historic": "wreck",
        "seamark:type": "wreck",
        "tourism": "attraction"
      },
      "geometry": {
        "type": "Point",
        "coordinates": [
          -12.9708034,
          27.8978257
        ]
      },
      "id": "node/4972166862"
    },
    {
      "type": "Feature",
      "properties": {
        "@id": "node/4972166895",
        "historic": "wreck",
        "seamark:type": "wreck",
        "tourism": "attraction"
      },
      "geometry": {
        "type": "Point",
        "coordinates": [
          -13.4735915,
          26.9624196
        ]
      },
      "id": "node/4972166895"
    },
    {
      "type": "Feature",
      "properties": {
        "@id": "node/4975966340",
        "attraction": "animal",
        "name": "Addax",
        "tourism": "attraction"
      },
      "geometry": {
        "type": "Point",
        "coordinates": [
          -6.8958903,
          33.9547468
        ]
      },
      "id": "node/4975966340"
    },
    {
      "type": "Feature",
      "properties": {
        "@id": "node/4975966341",
        "attraction": "animal",
        "name": "Autruche",
        "tourism": "attraction"
      },
      "geometry": {
        "type": "Point",
        "coordinates": [
          -6.8960766,
          33.9540206
        ]
      },
      "id": "node/4975966341"
    },
    {
      "type": "Feature",
      "properties": {
        "@id": "node/4975966342",
        "attraction": "animal",
        "name": "Babouin",
        "tourism": "attraction"
      },
      "geometry": {
        "type": "Point",
        "coordinates": [
          -6.8959469,
          33.9535554
        ]
      },
      "id": "node/4975966342"
    },
    {
      "type": "Feature",
      "properties": {
        "@id": "node/4975966343",
        "attraction": "animal",
        "name": "Buffle",
        "tourism": "attraction"
      },
      "geometry": {
        "type": "Point",
        "coordinates": [
          -6.8949987,
          33.9517575
        ]
      },
      "id": "node/4975966343"
    },
    {
      "type": "Feature",
      "properties": {
        "@id": "node/4975966344",
        "attraction": "animal",
        "name": "Canards",
        "tourism": "attraction"
      },
      "geometry": {
        "type": "Point",
        "coordinates": [
          -6.8945498,
          33.9527022
        ]
      },
      "id": "node/4975966344"
    },
    {
      "type": "Feature",
      "properties": {
        "@id": "node/4975966345",
        "attraction": "animal",
        "name": "Cerf",
        "tourism": "attraction"
      },
      "geometry": {
        "type": "Point",
        "coordinates": [
          -6.893638,
          33.9535388
        ]
      },
      "id": "node/4975966345"
    },
    {
      "type": "Feature",
      "properties": {
        "@id": "node/4975966346",
        "attraction": "animal",
        "name": "Chévre",
        "tourism": "attraction"
      },
      "geometry": {
        "type": "Point",
        "coordinates": [
          -6.8917743,
          33.9539944
        ]
      },
      "id": "node/4975966346"
    },
    {
      "type": "Feature",
      "properties": {
        "@id": "node/4975966347",
        "attraction": "animal",
        "name": "Cobe lechwé",
        "tourism": "attraction"
      },
      "geometry": {
        "type": "Point",
        "coordinates": [
          -6.8951634,
          33.9530903
        ]
      },
      "id": "node/4975966347"
    },
    {
      "type": "Feature",
      "properties": {
        "@id": "node/4975966348",
        "attraction": "animal",
        "name": "Crocodile",
        "tourism": "attraction"
      },
      "geometry": {
        "type": "Point",
        "coordinates": [
          -6.8950501,
          33.9524377
        ]
      },
      "id": "node/4975966348"
    },
    {
      "type": "Feature",
      "properties": {
        "@id": "node/4975966349",
        "attraction": "animal",
        "name": "Daim européen",
        "tourism": "attraction"
      },
      "geometry": {
        "type": "Point",
        "coordinates": [
          -6.8920096,
          33.9541658
        ]
      },
      "id": "node/4975966349"
    },
    {
      "type": "Feature",
      "properties": {
        "@id": "node/4975966350",
        "attraction": "animal",
        "name": "Dromadaire",
        "tourism": "attraction"
      },
      "geometry": {
        "type": "Point",
        "coordinates": [
          -6.8930058,
          33.9534562
        ]
      },
      "id": "node/4975966350"
    },
    {
      "type": "Feature",
      "properties": {
        "@id": "node/4975966351",
        "attraction": "animal",
        "name": "Eléphant",
        "tourism": "attraction"
      },
      "geometry": {
        "type": "Point",
        "coordinates": [
          -6.8970696,
          33.9514316
        ]
      },
      "id": "node/4975966351"
    },
    {
      "type": "Feature",
      "properties": {
        "@id": "node/4975966352",
        "attraction": "animal",
        "name": "Fennec",
        "tourism": "attraction"
      },
      "geometry": {
        "type": "Point",
        "coordinates": [
          -6.8961404,
          33.954307
        ]
      },
      "id": "node/4975966352"
    },
    {
      "type": "Feature",
      "properties": {
        "@id": "node/4975966353",
        "attraction": "animal",
        "name": "Flamant rose",
        "tourism": "attraction"
      },
      "geometry": {
        "type": "Point",
        "coordinates": [
          -6.8942073,
          33.9533256
        ]
      },
      "id": "node/4975966353"
    },
    {
      "type": "Feature",
      "properties": {
        "@id": "node/4975966354",
        "attraction": "animal",
        "name": "Girafe",
        "tourism": "attraction"
      },
      "geometry": {
        "type": "Point",
        "coordinates": [
          -6.8982571,
          33.9521285
        ]
      },
      "id": "node/4975966354"
    },
    {
      "type": "Feature",
      "properties": {
        "@id": "node/4975966355",
        "attraction": "animal",
        "name": "Guépard",
        "tourism": "attraction"
      },
      "geometry": {
        "type": "Point",
        "coordinates": [
          -6.8963235,
          33.9548198
        ]
      },
      "id": "node/4975966355"
    },
    {
      "type": "Feature",
      "properties": {
        "@id": "node/4975966356",
        "attraction": "animal",
        "name": "Hippopotame",
        "tourism": "attraction"
      },
      "geometry": {
        "type": "Point",
        "coordinates": [
          -6.8948225,
          33.9526082
        ]
      },
      "id": "node/4975966356"
    },
    {
      "type": "Feature",
      "properties": {
        "@id": "node/4975966357",
        "attraction": "animal",
        "name": "Lion de l'Atlas",
        "tourism": "attraction"
      },
      "geometry": {
        "type": "Point",
        "coordinates": [
          -6.8985694,
          33.9529822
        ]
      },
      "id": "node/4975966357"
    },
    {
      "type": "Feature",
      "properties": {
        "@id": "node/4975966358",
        "attraction": "animal",
        "name": "Loutre",
        "tourism": "attraction"
      },
      "geometry": {
        "type": "Point",
        "coordinates": [
          -6.894359,
          33.9529389
        ]
      },
      "id": "node/4975966358"
    },
    {
      "type": "Feature",
      "properties": {
        "@id": "node/4975966359",
        "attraction": "animal",
        "name": "Lycaon",
        "tourism": "attraction"
      },
      "geometry": {
        "type": "Point",
        "coordinates": [
          -6.8959835,
          33.9530321
        ]
      },
      "id": "node/4975966359"
    },
    {
      "type": "Feature",
      "properties": {
        "@id": "node/4975966360",
        "attraction": "animal",
        "name": "Lémur catta",
        "tourism": "attraction"
      },
      "geometry": {
        "type": "Point",
        "coordinates": [
          -6.8979583,
          33.9531908
        ]
      },
      "id": "node/4975966360"
    },
    {
      "type": "Feature",
      "properties": {
        "@id": "node/4975966361",
        "attraction": "animal",
        "name": "Oryx algazelle",
        "tourism": "attraction"
      },
      "geometry": {
        "type": "Point",
        "coordinates": [
          -6.8969244,
          33.9544044
        ]
      },
      "id": "node/4975966361"
    },
    {
      "type": "Feature",
      "properties": {
        "@id": "node/4975966362",
        "attraction": "animal",
        "name": "Oryx beisa",
        "tourism": "attraction"
      },
      "geometry": {
        "type": "Point",
        "coordinates": [
          -6.8976073,
          33.9530064
        ]
      },
      "id": "node/4975966362"
    },
    {
      "type": "Feature",
      "properties": {
        "@id": "node/4975966363",
        "attraction": "animal",
        "name": "Patas",
        "tourism": "attraction"
      },
      "geometry": {
        "type": "Point",
        "coordinates": [
          -6.8935445,
          33.9518564
        ]
      },
      "id": "node/4975966363"
    },
    {
      "type": "Feature",
      "properties": {
        "@id": "node/4975966364",
        "attraction": "animal",
        "name": "Perruche",
        "tourism": "attraction"
      },
      "geometry": {
        "type": "Point",
        "coordinates": [
          -6.893204,
          33.9538316
        ]
      },
      "id": "node/4975966364"
    },
    {
      "type": "Feature",
      "properties": {
        "@id": "node/4975966365",
        "attraction": "animal",
        "name": "Perruche",
        "tourism": "attraction"
      },
      "geometry": {
        "type": "Point",
        "coordinates": [
          -6.8928214,
          33.9541964
        ]
      },
      "id": "node/4975966365"
    },
    {
      "type": "Feature",
      "properties": {
        "@id": "node/4975966366",
        "attraction": "animal",
        "name": "Poney",
        "tourism": "attraction"
      },
      "geometry": {
        "type": "Point",
        "coordinates": [
          -6.8927925,
          33.9533249
        ]
      },
      "id": "node/4975966366"
    },
    {
      "type": "Feature",
      "properties": {
        "@id": "node/4975966367",
        "attraction": "animal",
        "name": "Potamochére",
        "tourism": "attraction"
      },
      "geometry": {
        "type": "Point",
        "coordinates": [
          -6.8939965,
          33.9526066
        ]
      },
      "id": "node/4975966367"
    },
    {
      "type": "Feature",
      "properties": {
        "@id": "node/4975966368",
        "attraction": "animal",
        "name": "Pélican",
        "tourism": "attraction"
      },
      "geometry": {
        "type": "Point",
        "coordinates": [
          -6.8952085,
          33.9523227
        ]
      },
      "id": "node/4975966368"
    },
    {
      "type": "Feature",
      "properties": {
        "@id": "node/4975966369",
        "attraction": "animal",
        "name": "Rapaces",
        "tourism": "attraction"
      },
      "geometry": {
        "type": "Point",
        "coordinates": [
          -6.8966622,
          33.9517607
        ]
      },
      "id": "node/4975966369"
    },
    {
      "type": "Feature",
      "properties": {
        "@id": "node/4975966370",
        "attraction": "animal",
        "name": "Rhinocéros",
        "tourism": "attraction"
      },
      "geometry": {
        "type": "Point",
        "coordinates": [
          -6.897439,
          33.9539812
        ]
      },
      "id": "node/4975966370"
    },
    {
      "type": "Feature",
      "properties": {
        "@id": "node/4975966371",
        "attraction": "animal",
        "name": "Serval",
        "tourism": "attraction"
      },
      "geometry": {
        "type": "Point",
        "coordinates": [
          -6.8932641,
          33.9531685
        ]
      },
      "id": "node/4975966371"
    },
    {
      "type": "Feature",
      "properties": {
        "@id": "node/4975966372",
        "attraction": "animal",
        "name": "Tortue grecque",
        "tourism": "attraction"
      },
      "geometry": {
        "type": "Point",
        "coordinates": [
          -6.8962262,
          33.9543836
        ]
      },
      "id": "node/4975966372"
    },
    {
      "type": "Feature",
      "properties": {
        "@id": "node/4975966373",
        "attraction": "animal",
        "name": "Tortue géant",
        "tourism": "attraction"
      },
      "geometry": {
        "type": "Point",
        "coordinates": [
          -6.8960571,
          33.9532674
        ]
      },
      "id": "node/4975966373"
    },
    {
      "type": "Feature",
      "properties": {
        "@id": "node/4975966374",
        "attraction": "animal",
        "name": "Vari Roux",
        "tourism": "attraction"
      },
      "geometry": {
        "type": "Point",
        "coordinates": [
          -6.8939404,
          33.9529824
        ]
      },
      "id": "node/4975966374"
    },
    {
      "type": "Feature",
      "properties": {
        "@id": "node/4975966375",
        "attraction": "animal",
        "name": "Vari Roux",
        "tourism": "attraction"
      },
      "geometry": {
        "type": "Point",
        "coordinates": [
          -6.8938821,
          33.953142
        ]
      },
      "id": "node/4975966375"
    },
    {
      "type": "Feature",
      "properties": {
        "@id": "node/4975966376",
        "attraction": "animal",
        "name": "Vautours",
        "tourism": "attraction"
      },
      "geometry": {
        "type": "Point",
        "coordinates": [
          -6.8964686,
          33.9518975
        ]
      },
      "id": "node/4975966376"
    },
    {
      "type": "Feature",
      "properties": {
        "@id": "node/4975966378",
        "attraction": "animal",
        "name": "Watussi",
        "tourism": "attraction"
      },
      "geometry": {
        "type": "Point",
        "coordinates": [
          -6.8968332,
          33.9532435
        ]
      },
      "id": "node/4975966378"
    },
    {
      "type": "Feature",
      "properties": {
        "@id": "node/4975966379",
        "attraction": "animal",
        "name": "Zébre",
        "tourism": "attraction"
      },
      "geometry": {
        "type": "Point",
        "coordinates": [
          -6.8971542,
          33.9530939
        ]
      },
      "id": "node/4975966379"
    },
    {
      "type": "Feature",
      "properties": {
        "@id": "node/5011618528",
        "name": "Elmanjra قسارية المنجرة",
        "name:ar": "قسارية المنجرة",
        "name:fr": "Elmanjra",
        "tourism": "attraction"
      },
      "geometry": {
        "type": "Point",
        "coordinates": [
          -7.6030726,
          33.5685183
        ]
      },
      "id": "node/5011618528"
    },
    {
      "type": "Feature",
      "properties": {
        "@id": "node/5045346921",
        "name": "BelyounechAppt Mustapha en face Mer 190i17",
        "name:fr": "BelyounechAppt Mustapha en face Mer 190i17",
        "tourism": "attraction"
      },
      "geometry": {
        "type": "Point",
        "coordinates": [
          -5.3959125,
          35.9060044
        ]
      },
      "id": "node/5045346921"
    },
    {
      "type": "Feature",
      "properties": {
        "@id": "node/5052154572",
        "name": "Cascade des Sources Oum Rabia",
        "tourism": "attraction",
        "waterway": "waterfall"
      },
      "geometry": {
        "type": "Point",
        "coordinates": [
          -5.4107439,
          33.050894
        ]
      },
      "id": "node/5052154572"
    },
    {
      "type": "Feature",
      "properties": {
        "@id": "node/5052361625",
        "fee": "yes",
        "name": "La grotte des Sources Oum Rabia",
        "tourism": "attraction"
      },
      "geometry": {
        "type": "Point",
        "coordinates": [
          -5.4118707,
          33.0513126
        ]
      },
      "id": "node/5052361625"
    },
    {
      "type": "Feature",
      "properties": {
        "@id": "node/5091978522",
        "addr:city": "وادي لو",
        "addr:city:ar": "وادي لو",
        "tourism": "attraction"
      },
      "geometry": {
        "type": "Point",
        "coordinates": [
          -5.0910354,
          35.4504964
        ]
      },
      "id": "node/5091978522"
    },
    {
      "type": "Feature",
      "properties": {
        "@id": "node/5102800224",
        "addr:street": "Avenue Ouahrane (oran)",
        "name": "Grillade Brahim",
        "tourism": "attraction"
      },
      "geometry": {
        "type": "Point",
        "coordinates": [
          -4.9924067,
          34.0168126
        ]
      },
      "id": "node/5102800224"
    },
    {
      "type": "Feature",
      "properties": {
        "@id": "node/5102805723",
        "addr:street": "Avenue Al Manama",
        "name": "Épicier",
        "tourism": "attraction"
      },
      "geometry": {
        "type": "Point",
        "coordinates": [
          -4.9922395,
          34.0168448
        ]
      },
      "id": "node/5102805723"
    },
    {
      "type": "Feature",
      "properties": {
        "@id": "node/5102847921",
        "addr:street": "Avenue Moulay Abdellah",
        "name": "Salle des fêtes Jamai",
        "phone": "+212 6 63 03 77 62",
        "source": "Kaart Ground Survey 2018",
        "tourism": "attraction"
      },
      "geometry": {
        "type": "Point",
        "coordinates": [
          -4.9937127,
          34.0163503
        ]
      },
      "id": "node/5102847921"
    },
    {
      "type": "Feature",
      "properties": {
        "@id": "node/5102847923",
        "addr:street": "Avenue Moulay Abdellah",
        "advertising": "billboard",
        "phone": "+212 5 35 62 44 11",
        "tourism": "attraction"
      },
      "geometry": {
        "type": "Point",
        "coordinates": [
          -4.9964062,
          34.0154878
        ]
      },
      "id": "node/5102847923"
    },
    {
      "type": "Feature",
      "properties": {
        "@id": "node/5112708822",
        "addr:street": "Route Ain Chkef",
        "name": "New Boussole Travel",
        "phone": "+212 5 35 60 43 34",
        "shop": "travel_agency",
        "tourism": "attraction"
      },
      "geometry": {
        "type": "Point",
        "coordinates": [
          -5.0064688,
          34.0137376
        ]
      },
      "id": "node/5112708822"
    },
    {
      "type": "Feature",
      "properties": {
        "@id": "node/5168899124",
        "name": "حمام بيفولسن",
        "name:ar": "حمام بيفولسن",
        "tourism": "attraction"
      },
      "geometry": {
        "type": "Point",
        "coordinates": [
          -6.6133949,
          34.245091
        ]
      },
      "id": "node/5168899124"
    },
    {
      "type": "Feature",
      "properties": {
        "@id": "node/5176091623",
        "addr:city": "Fès",
        "addr:street": "Avenue Hassan II",
        "name": "Royal air maroc",
        "tourism": "attraction"
      },
      "geometry": {
        "type": "Point",
        "coordinates": [
          -4.9981249,
          34.0437941
        ]
      },
      "id": "node/5176091623"
    },
    {
      "type": "Feature",
      "properties": {
        "@id": "node/5180522224",
        "name": "Tramontana",
        "name:en": "Tramontana Beach",
        "name:es": "Playa Tramontana",
        "tourism": "attraction"
      },
      "geometry": {
        "type": "Point",
        "coordinates": [
          -3.0033356,
          35.3984522
        ]
      },
      "id": "node/5180522224"
    },
    {
      "type": "Feature",
      "properties": {
        "@id": "node/5180522225",
        "name": "Playa Charranes",
        "name:ar": "شاطئ تشارانس",
        "name:en": "Charranes Beach",
        "name:es": "Playa Charranes",
        "tourism": "attraction"
      },
      "geometry": {
        "type": "Point",
        "coordinates": [
          -3.0081343,
          35.3899753
        ]
      },
      "id": "node/5180522225"
    },
    {
      "type": "Feature",
      "properties": {
        "@id": "node/5180522226",
        "name": "Yemahuevo",
        "name:es": "Yemahuevo",
        "tourism": "attraction"
      },
      "geometry": {
        "type": "Point",
        "coordinates": [
          -2.9965467,
          35.4200825
        ]
      },
      "id": "node/5180522226"
    },
    {
      "type": "Feature",
      "properties": {
        "@id": "node/5180522227",
        "man_made": "lighthouse",
        "tourism": "attraction"
      },
      "geometry": {
        "type": "Point",
        "coordinates": [
          -2.9404571,
          35.4278698
        ]
      },
      "id": "node/5180522227"
    },
    {
      "type": "Feature",
      "properties": {
        "@id": "node/5194948425",
        "tourism": "attraction"
      },
      "geometry": {
        "type": "Point",
        "coordinates": [
          -9.1011741,
          30.0993628
        ]
      },
      "id": "node/5194948425"
    },
    {
      "type": "Feature",
      "properties": {
        "@id": "node/5218014219",
        "barrier": "gate",
        "name": "BAD EL MAQAM",
        "tourism": "attraction"
      },
      "geometry": {
        "type": "Point",
        "coordinates": [
          -4.838795,
          33.8300519
        ]
      },
      "id": "node/5218014219"
    },
    {
      "type": "Feature",
      "properties": {
        "@id": "node/5218482824",
        "name": "TASNIME QUAD et Dromadaire",
        "tourism": "attraction"
      },
      "geometry": {
        "type": "Point",
        "coordinates": [
          -7.9455015,
          31.6982151
        ]
      },
      "id": "node/5218482824"
    },
    {
      "type": "Feature",
      "properties": {
        "@id": "node/5236186569",
        "name": "Gorges du Afourer",
        "tourism": "attraction"
      },
      "geometry": {
        "type": "Point",
        "coordinates": [
          -5.7936305,
          31.0635953
        ]
      },
      "id": "node/5236186569"
    },
    {
      "type": "Feature",
      "properties": {
        "@id": "node/5243357923",
        "name": "Souk El Jadid",
        "tourism": "attraction",
        "wheelchair": "yes"
      },
      "geometry": {
        "type": "Point",
        "coordinates": [
          -7.9884385,
          31.6265304
        ]
      },
      "id": "node/5243357923"
    },
    {
      "type": "Feature",
      "properties": {
        "@id": "node/5253601221",
        "name": "Souk Medina",
        "tourism": "attraction"
      },
      "geometry": {
        "type": "Point",
        "coordinates": [
          -9.2426592,
          32.2986454
        ]
      },
      "id": "node/5253601221"
    },
    {
      "type": "Feature",
      "properties": {
        "@id": "node/5268088423",
        "name": "Autruches",
        "name:en": "Ostrich",
        "tourism": "attraction"
      },
      "geometry": {
        "type": "Point",
        "coordinates": [
          -15.9123833,
          23.794275
        ]
      },
      "id": "node/5268088423"
    },
    {
      "type": "Feature",
      "properties": {
        "@id": "node/5294350921",
        "name": "Jardin Botanique Alex et Alessandro",
        "opening_hours": "Mo-Fr 09:00-10:00, 11:00-12:30",
        "tourism": "attraction"
      },
      "geometry": {
        "type": "Point",
        "coordinates": [
          -9.9622131,
          28.9447627
        ]
      },
      "id": "node/5294350921"
    },
    {
      "type": "Feature",
      "properties": {
        "@id": "node/5304967821",
        "tourism": "attraction"
      },
      "geometry": {
        "type": "Point",
        "coordinates": [
          -7.9727423,
          29.7367165
        ]
      },
      "id": "node/5304967821"
    },
    {
      "type": "Feature",
      "properties": {
        "@id": "node/5306361124",
        "tourism": "attraction"
      },
      "geometry": {
        "type": "Point",
        "coordinates": [
          -15.3268136,
          22.6964784
        ]
      },
      "id": "node/5306361124"
    },
    {
      "type": "Feature",
      "properties": {
        "@id": "node/5318856745",
        "description": "Not open to non-Muslims, but can be viewed from street through window.",
        "name": "Tomb of Abdelaziz al-Tebaa",
        "name:de": "Mausoleum von Sidi Abou Faris Abdelaziz Tebbâa",
        "name:en": "Mausoleum of Sidi Abou Faris Abdelaziz Tebbâa",
        "name:fr": "Mausolée de Sidi Abou Faris Abdelaziz Tebbâa",
        "subject:wikidata": "Q9560362",
        "subject:wikipedia": "en:Abdelaziz al-Tebaa",
        "tourism": "attraction"
      },
      "geometry": {
        "type": "Point",
        "coordinates": [
          -7.9890194,
          31.6320638
        ]
      },
      "id": "node/5318856745"
    },
    {
      "type": "Feature",
      "properties": {
        "@id": "node/5334105221",
        "name": "Club Fondation Med VI",
        "name:fr": "Club Fondation Med VI",
        "tourism": "attraction"
      },
      "geometry": {
        "type": "Point",
        "coordinates": [
          -8.0611619,
          31.668991
        ]
      },
      "id": "node/5334105221"
    },
    {
      "type": "Feature",
      "properties": {
        "@id": "node/5340519522",
        "name": "La vue a Tête de Lion",
        "name:en": "View on Lion's Head",
        "name:fr": "La vue a Tête de Lion",
        "tourism": "attraction"
      },
      "geometry": {
        "type": "Point",
        "coordinates": [
          -8.9607633,
          29.750234
        ]
      },
      "id": "node/5340519522"
    },
    {
      "type": "Feature",
      "properties": {
        "@id": "node/5343005221",
        "email": "karim14kraer@hotmail.com",
        "name": "Foggaras Khetara Karim",
        "phone": "+212000661987943",
        "tourism": "attraction"
      },
      "geometry": {
        "type": "Point",
        "coordinates": [
          -4.4906114,
          31.5305896
        ]
      },
      "id": "node/5343005221"
    },
    {
      "type": "Feature",
      "properties": {
        "@id": "node/5397202422",
        "addr:postcode": "52450",
        "addr:street": "Mezguida",
        "name": "قصر مزكيدة",
        "name:ar": "قصر مزكيدة",
        "name:en": "Mezguida",
        "opening_hours": "24/7",
        "tourism": "attraction",
        "website": "https://www.mezguida.blogspot.com"
      },
      "geometry": {
        "type": "Point",
        "coordinates": [
          -4.2587914,
          31.3233668
        ]
      },
      "id": "node/5397202422"
    },
    {
      "type": "Feature",
      "properties": {
        "@id": "node/5411783470",
        "name": "Flamingo spotting",
        "tourism": "attraction"
      },
      "geometry": {
        "type": "Point",
        "coordinates": [
          -12.2399529,
          28.0287269
        ]
      },
      "id": "node/5411783470"
    },
    {
      "type": "Feature",
      "properties": {
        "@id": "node/5422620921",
        "name": "sahara",
        "tourism": "attraction"
      },
      "geometry": {
        "type": "Point",
        "coordinates": [
          -9.8422179,
          30.733688
        ]
      },
      "id": "node/5422620921"
    },
    {
      "type": "Feature",
      "properties": {
        "@id": "node/5430108618",
        "natural": "rock",
        "tourism": "attraction"
      },
      "geometry": {
        "type": "Point",
        "coordinates": [
          -6.1900476,
          31.1946534
        ]
      },
      "id": "node/5430108618"
    },
    {
      "type": "Feature",
      "properties": {
        "@id": "node/5457736066",
        "name": "Palmeraie",
        "tourism": "attraction"
      },
      "geometry": {
        "type": "Point",
        "coordinates": [
          -7.982627,
          31.6747627
        ]
      },
      "id": "node/5457736066"
    },
    {
      "type": "Feature",
      "properties": {
        "@id": "node/5457796223",
        "name": "central souqs",
        "tourism": "attraction"
      },
      "geometry": {
        "type": "Point",
        "coordinates": [
          -7.9874645,
          31.6303
        ]
      },
      "id": "node/5457796223"
    },
    {
      "type": "Feature",
      "properties": {
        "@id": "node/5462738421",
        "name:ja": "サハラキャンプ",
        "tourism": "attraction"
      },
      "geometry": {
        "type": "Point",
        "coordinates": [
          -4.0139064,
          31.0725881
        ]
      },
      "id": "node/5462738421"
    },
    {
      "type": "Feature",
      "properties": {
        "@id": "node/5469548721",
        "name": "derb essamour",
        "tourism": "attraction"
      },
      "geometry": {
        "type": "Point",
        "coordinates": [
          -7.9979234,
          31.6329775
        ]
      },
      "id": "node/5469548721"
    },
    {
      "type": "Feature",
      "properties": {
        "@id": "node/5469548821",
        "name": "foundour el amir",
        "tourism": "attraction"
      },
      "geometry": {
        "type": "Point",
        "coordinates": [
          -7.990746,
          31.6315265
        ]
      },
      "id": "node/5469548821"
    },
    {
      "type": "Feature",
      "properties": {
        "@id": "node/5469651023",
        "name": "carpet souq",
        "tourism": "attraction"
      },
      "geometry": {
        "type": "Point",
        "coordinates": [
          -7.9873428,
          31.6292412
        ]
      },
      "id": "node/5469651023"
    },
    {
      "type": "Feature",
      "properties": {
        "@id": "node/5499565922",
        "name": "Étang del Agdal",
        "tourism": "attraction"
      },
      "geometry": {
        "type": "Point",
        "coordinates": [
          -5.5600188,
          33.8813082
        ]
      },
      "id": "node/5499565922"
    },
    {
      "type": "Feature",
      "properties": {
        "@id": "node/5499894221",
        "name:en": "Tizi n'Tazazert pass (2350 m)",
        "tourism": "attraction"
      },
      "geometry": {
        "type": "Point",
        "coordinates": [
          -5.7713562,
          31.1233541
        ]
      },
      "id": "node/5499894221"
    },
    {
      "type": "Feature",
      "properties": {
        "@id": "node/5525865116",
        "addr:street": "R507",
        "name:en": "Tizi Ou Zekri pass (1963 м)",
        "name:ru": "Перевал Tizi Ou Zekri (1963 м)",
        "tourism": "attraction"
      },
      "geometry": {
        "type": "Point",
        "coordinates": [
          -4.0453939,
          33.8371911
        ]
      },
      "id": "node/5525865116"
    },
    {
      "type": "Feature",
      "properties": {
        "@id": "node/5529275126",
        "name:en": "Tizi n'Ou Addi pass (2934 m)",
        "tourism": "attraction"
      },
      "geometry": {
        "type": "Point",
        "coordinates": [
          -7.8517601,
          31.1718621
        ]
      },
      "id": "node/5529275126"
    },
    {
      "type": "Feature",
      "properties": {
        "@id": "node/5529275127",
        "name:en": "Tizi n'Outfi pass (2150 m)",
        "tourism": "attraction"
      },
      "geometry": {
        "type": "Point",
        "coordinates": [
          -6.9317481,
          31.5200316
        ]
      },
      "id": "node/5529275127"
    },
    {
      "type": "Feature",
      "properties": {
        "@id": "node/5529275128",
        "name:en": "Tizi n'Taghaumt pass (1907 m)",
        "tourism": "attraction"
      },
      "geometry": {
        "type": "Point",
        "coordinates": [
          -4.5322725,
          32.6286849
        ]
      },
      "id": "node/5529275128"
    },
    {
      "type": "Feature",
      "properties": {
        "@id": "node/5529275131",
        "name:en": "Tizi n'Bachkoun pass (1700 m)",
        "tourism": "attraction"
      },
      "geometry": {
        "type": "Point",
        "coordinates": [
          -7.2718802,
          30.6800014
        ]
      },
      "id": "node/5529275131"
    },
    {
      "type": "Feature",
      "properties": {
        "@id": "node/5529416028",
        "name": "Col Du Tichka",
        "tourism": "attraction"
      },
      "geometry": {
        "type": "Point",
        "coordinates": [
          -7.3812208,
          31.2864428
        ]
      },
      "id": "node/5529416028"
    },
    {
      "type": "Feature",
      "properties": {
        "@id": "node/5529417222",
        "name:en": "Tizi n'Termant pass (2960 m)",
        "tourism": "attraction"
      },
      "geometry": {
        "type": "Point",
        "coordinates": [
          -5.5865403,
          32.0625133
        ]
      },
      "id": "node/5529417222"
    },
    {
      "type": "Feature",
      "properties": {
        "@id": "node/5529444421",
        "ele": "3006",
        "mountain_pass": "yes",
        "name:de": "Tizi Tigdane",
        "name:en": "Tizi Tigdane pass (3006 m)",
        "tourism": "attraction"
      },
      "geometry": {
        "type": "Point",
        "coordinates": [
          -6.2802422,
          31.5593072
        ]
      },
      "id": "node/5529444421"
    },
    {
      "type": "Feature",
      "properties": {
        "@id": "node/5529481921",
        "name:en": "Tizi n'Tissilli n'Imenaine pass (2776 m)",
        "tourism": "attraction"
      },
      "geometry": {
        "type": "Point",
        "coordinates": [
          -6.288889,
          31.756777
        ]
      },
      "id": "node/5529481921"
    },
    {
      "type": "Feature",
      "properties": {
        "@id": "node/5530112322",
        "name:en": "Tizi n'Tamatert pass (2358 m)",
        "tourism": "attraction"
      },
      "geometry": {
        "type": "Point",
        "coordinates": [
          -7.8839481,
          31.1465416
        ]
      },
      "id": "node/5530112322"
    },
    {
      "type": "Feature",
      "properties": {
        "@id": "node/5530188321",
        "name:en": "Tizi n'Tazigtaout pass (1728 m)",
        "tourism": "attraction"
      },
      "geometry": {
        "type": "Point",
        "coordinates": [
          -4.7674156,
          32.5852751
        ]
      },
      "id": "node/5530188321"
    },
    {
      "type": "Feature",
      "properties": {
        "@id": "node/5530188521",
        "name:en": "Tizi n'Talougout pass (1996 m)",
        "tourism": "attraction"
      },
      "geometry": {
        "type": "Point",
        "coordinates": [
          -5.7420991,
          31.2080754
        ]
      },
      "id": "node/5530188521"
    },
    {
      "type": "Feature",
      "properties": {
        "@id": "node/5530260921",
        "name:en": "Tizi Ou Adil pass (2968 m)",
        "tourism": "attraction"
      },
      "geometry": {
        "type": "Point",
        "coordinates": [
          -4.8244292,
          32.4769853
        ]
      },
      "id": "node/5530260921"
    },
    {
      "type": "Feature",
      "properties": {
        "@id": "node/5530477021",
        "name:en": "Tizi n'Tadermant pass (2799 m)",
        "tourism": "attraction"
      },
      "geometry": {
        "type": "Point",
        "coordinates": [
          -5.6302719,
          32.0309579
        ]
      },
      "id": "node/5530477021"
    },
    {
      "type": "Feature",
      "properties": {
        "@id": "node/5530498924",
        "name:en": "Tizi n'Amarskine pass (1985 m)",
        "tourism": "attraction"
      },
      "geometry": {
        "type": "Point",
        "coordinates": [
          -6.83775,
          31.637027
        ]
      },
      "id": "node/5530498924"
    },
    {
      "type": "Feature",
      "properties": {
        "@id": "node/5532850997",
        "name": "tunnel dans la roche",
        "name:en": "Rock tunnel",
        "tourism": "attraction"
      },
      "geometry": {
        "type": "Point",
        "coordinates": [
          -9.0285153,
          29.3639647
        ]
      },
      "id": "node/5532850997"
    },
    {
      "type": "Feature",
      "properties": {
        "@id": "node/5543896222",
        "addr:street": "طريق اولاد معاشو",
        "email": "ziaad1967@gmail.com",
        "name": "مزرعة عصام العيسى",
        "name:ar": "مزرعة عصام العيسى",
        "name:en": "Esam Aliesa Farm",
        "opening_hours": "24/7",
        "tourism": "attraction"
      },
      "geometry": {
        "type": "Point",
        "coordinates": [
          -8.6323215,
          32.03662
        ]
      },
      "id": "node/5543896222"
    },
    {
      "type": "Feature",
      "properties": {
        "@id": "node/5557046224",
        "name": "Kasbah Mirna",
        "tourism": "attraction"
      },
      "geometry": {
        "type": "Point",
        "coordinates": [
          -6.1375316,
          31.2593052
        ]
      },
      "id": "node/5557046224"
    },
    {
      "type": "Feature",
      "properties": {
        "@id": "node/5557069734",
        "name": "Ksar Mirna",
        "tourism": "attraction"
      },
      "geometry": {
        "type": "Point",
        "coordinates": [
          -6.1322445,
          31.2566764
        ]
      },
      "id": "node/5557069734"
    },
    {
      "type": "Feature",
      "properties": {
        "@id": "node/5567300524",
        "name": "Casa 1373",
        "tourism": "attraction"
      },
      "geometry": {
        "type": "Point",
        "coordinates": [
          -7.6846944,
          33.5718611
        ]
      },
      "id": "node/5567300524"
    },
    {
      "type": "Feature",
      "properties": {
        "@id": "node/5567324123",
        "name": "Cas 1387",
        "shop": "pet",
        "tourism": "attraction"
      },
      "geometry": {
        "type": "Point",
        "coordinates": [
          -7.6360922,
          33.4151879
        ]
      },
      "id": "node/5567324123"
    },
    {
      "type": "Feature",
      "properties": {
        "@id": "node/5602700621",
        "note": "Taxi to Taroudant last time 4pm",
        "tourism": "attraction"
      },
      "geometry": {
        "type": "Point",
        "coordinates": [
          -8.6875919,
          30.3977342
        ]
      },
      "id": "node/5602700621"
    },
    {
      "type": "Feature",
      "properties": {
        "@id": "node/5613547523",
        "name": "Souk des teinturiers",
        "name:en": "Souk of the dyers",
        "name:fr": "Souk des teinturiers",
        "tourism": "attraction"
      },
      "geometry": {
        "type": "Point",
        "coordinates": [
          -7.9885774,
          31.6303658
        ]
      },
      "id": "node/5613547523"
    },
    {
      "type": "Feature",
      "properties": {
        "@id": "node/5617737625",
        "name:en": "Berber House",
        "tourism": "attraction"
      },
      "geometry": {
        "type": "Point",
        "coordinates": [
          -7.7752842,
          31.3586371
        ]
      },
      "id": "node/5617737625"
    },
    {
      "type": "Feature",
      "properties": {
        "@id": "node/5619214021",
        "tourism": "attraction"
      },
      "geometry": {
        "type": "Point",
        "coordinates": [
          -9.6356976,
          30.4604138
        ]
      },
      "id": "node/5619214021"
    },
    {
      "type": "Feature",
      "properties": {
        "@id": "node/5639402223",
        "name:de": "Klettern",
        "name:en": "Climbing",
        "tourism": "attraction"
      },
      "geometry": {
        "type": "Point",
        "coordinates": [
          -5.7699635,
          31.0627673
        ]
      },
      "id": "node/5639402223"
    },
    {
      "type": "Feature",
      "properties": {
        "@id": "node/5646503122",
        "name": "El Ouad el Bared الواد البارد",
        "name:ar": "الواد البارد",
        "name:fr": "El Ouad el Bared",
        "tourism": "attraction"
      },
      "geometry": {
        "type": "Point",
        "coordinates": [
          -4.003153,
          33.854517
        ]
      },
      "id": "node/5646503122"
    },
    {
      "type": "Feature",
      "properties": {
        "@id": "node/5646533421",
        "name": "Grenier d'Aoujgal مخازن أوجكال",
        "name:ar": "مخازن أوجكال",
        "name:fr": "Grenier d'Aoujgal",
        "tourism": "attraction"
      },
      "geometry": {
        "type": "Point",
        "coordinates": [
          -5.8427521,
          32.3081625
        ]
      },
      "id": "node/5646533421"
    },
    {
      "type": "Feature",
      "properties": {
        "@id": "node/5657167291",
        "addr:street": "Boulevard de la Résistance",
        "name": "Kissariat Casa 1",
        "source": "KaartGroundSurvey2018",
        "tourism": "attraction"
      },
      "geometry": {
        "type": "Point",
        "coordinates": [
          -7.6068963,
          33.5855641
        ]
      },
      "id": "node/5657167291"
    },
    {
      "type": "Feature",
      "properties": {
        "@id": "node/5691518421",
        "name:en": "grotte de Khef-el-Rhar",
        "tourism": "attraction"
      },
      "geometry": {
        "type": "Point",
        "coordinates": [
          -4.2603848,
          34.4993736
        ]
      },
      "id": "node/5691518421"
    },
    {
      "type": "Feature",
      "properties": {
        "@id": "node/5702455525",
        "addr:postcode": "85000",
        "alt_name:ar": "بارك أكواتيك أكلو",
        "name": "الحديقة المائية أغلو",
        "name:ar": "الحديقة المائية أغلو",
        "name:en": "Aquapark d’Aglou",
        "opening_hours": "Mo-Su 09:00-19:00",
        "tourism": "attraction",
        "website": "http://www.campingaglou.com"
      },
      "geometry": {
        "type": "Point",
        "coordinates": [
          -9.8268131,
          29.8041251
        ]
      },
      "id": "node/5702455525"
    },
    {
      "type": "Feature",
      "properties": {
        "@id": "node/5745778041",
        "name": "Grottes d'Hercule",
        "name:en": "Hercules Caves",
        "name:fr": "Grottes d'Hercule",
        "name:ru": "Геркулесовы пещеры",
        "name:zh": "赫尔科里溶洞",
        "natural": "cave_entrance",
        "tourism": "attraction",
        "wikidata": "Q12244393",
        "wikipedia": "fr:Grottes d'Hercule (Tanger)"
      },
      "geometry": {
        "type": "Point",
        "coordinates": [
          -5.9391541,
          35.7597968
        ]
      },
      "id": "node/5745778041"
    },
    {
      "type": "Feature",
      "properties": {
        "@id": "node/5793428757",
        "alt_name": "Bab Sidi Abdel Wahab;Bab Sidi Abedelouhabe",
        "internet_access": "wlan",
        "name": "Bab Sidi Abdelwahab",
        "tourism": "attraction"
      },
      "geometry": {
        "type": "Point",
        "coordinates": [
          -1.910056,
          34.6799179
        ]
      },
      "id": "node/5793428757"
    },
    {
      "type": "Feature",
      "properties": {
        "@id": "node/5793428761",
        "name": "Bab Ahl Jamel",
        "opening_hours": "24/7",
        "tourism": "attraction"
      },
      "geometry": {
        "type": "Point",
        "coordinates": [
          -1.9172477,
          34.681206
        ]
      },
      "id": "node/5793428761"
    },
    {
      "type": "Feature",
      "properties": {
        "@id": "node/5793428766",
        "alt_name": "Place Bab Algharbi",
        "name": "Bab Al Gharbi",
        "opening_hours": "24/7",
        "tourism": "attraction"
      },
      "geometry": {
        "type": "Point",
        "coordinates": [
          -1.9160327,
          34.6773146
        ]
      },
      "id": "node/5793428766"
    },
    {
      "type": "Feature",
      "properties": {
        "@id": "node/5916160685",
        "contact:phone": "+212 6 42 39 71 12",
        "manufacturer": "WAW",
        "name": "Taghazout Skatepark",
        "operator": "Taghazout Skatepark Association",
        "tourism": "attraction"
      },
      "geometry": {
        "type": "Point",
        "coordinates": [
          -9.7131242,
          30.5481643
        ]
      },
      "id": "node/5916160685"
    },
    {
      "type": "Feature",
      "properties": {
        "@id": "node/5942237785",
        "name": "Iferdene ايفرضن",
        "name:ar": "ايفرضن",
        "name:fr": "Iferdene",
        "tourism": "attraction"
      },
      "geometry": {
        "type": "Point",
        "coordinates": [
          -7.5724081,
          31.424291
        ]
      },
      "id": "node/5942237785"
    },
    {
      "type": "Feature",
      "properties": {
        "@id": "node/5947093785",
        "name": "dunes blanches",
        "name:fr": "dunes blanches",
        "tourism": "attraction"
      },
      "geometry": {
        "type": "Point",
        "coordinates": [
          -15.7480247,
          23.8179794
        ]
      },
      "id": "node/5947093785"
    },
    {
      "type": "Feature",
      "properties": {
        "@id": "node/5968681485",
        "name": "Les chevauchées du Chergui",
        "tourism": "attraction"
      },
      "geometry": {
        "type": "Point",
        "coordinates": [
          -2.3152501,
          35.010683
        ]
      },
      "id": "node/5968681485"
    },
    {
      "type": "Feature",
      "properties": {
        "@id": "node/5998672306",
        "amenity": "fountain",
        "name": "Les Trois Fontaines",
        "tourism": "attraction"
      },
      "geometry": {
        "type": "Point",
        "coordinates": [
          -1.9133933,
          34.6789934
        ]
      },
      "id": "node/5998672306"
    },
    {
      "type": "Feature",
      "properties": {
        "@id": "node/6016301688",
        "name": "Tortue du Dadès",
        "tourism": "attraction"
      },
      "geometry": {
        "type": "Point",
        "coordinates": [
          -5.8336346,
          31.6613484
        ]
      },
      "id": "node/6016301688"
    },
    {
      "type": "Feature",
      "properties": {
        "@id": "node/6016350437",
        "name": "1ère guelta",
        "tourism": "attraction"
      },
      "geometry": {
        "type": "Point",
        "coordinates": [
          -9.1675905,
          29.2337635
        ]
      },
      "id": "node/6016350437"
    },
    {
      "type": "Feature",
      "properties": {
        "@id": "node/6016350876",
        "name": "Gueltas",
        "tourism": "attraction"
      },
      "geometry": {
        "type": "Point",
        "coordinates": [
          -9.1580892,
          29.2246589
        ]
      },
      "id": "node/6016350876"
    },
    {
      "type": "Feature",
      "properties": {
        "@id": "node/6016421438",
        "name": "Place du Mechouar",
        "tourism": "attraction"
      },
      "geometry": {
        "type": "Point",
        "coordinates": [
          -9.7313168,
          29.6969967
        ]
      },
      "id": "node/6016421438"
    },
    {
      "type": "Feature",
      "properties": {
        "@id": "node/6016421444",
        "name": "Kasbah",
        "tourism": "attraction"
      },
      "geometry": {
        "type": "Point",
        "coordinates": [
          -9.505429,
          29.4896326
        ]
      },
      "id": "node/6016421444"
    },
    {
      "type": "Feature",
      "properties": {
        "@id": "node/6016462107",
        "name": "Ksar Affsalou",
        "tourism": "attraction"
      },
      "geometry": {
        "type": "Point",
        "coordinates": [
          -5.5569192,
          31.5443127
        ]
      },
      "id": "node/6016462107"
    },
    {
      "type": "Feature",
      "properties": {
        "@id": "node/6017315767",
        "name": "Gorges du Dadès - Défilé",
        "tourism": "attraction"
      },
      "geometry": {
        "type": "Point",
        "coordinates": [
          -5.9084858,
          31.5554007
        ]
      },
      "id": "node/6017315767"
    },
    {
      "type": "Feature",
      "properties": {
        "@id": "node/6042181318",
        "name": "Maison de Maïmonide",
        "name:de": "Haus des Maimonides",
        "name:en": "House of Maimonides",
        "tourism": "attraction"
      },
      "geometry": {
        "type": "Point",
        "coordinates": [
          -4.9828748,
          34.0625736
        ]
      },
      "id": "node/6042181318"
    },
    {
      "type": "Feature",
      "properties": {
        "@id": "node/6045625590",
        "alt_name": "Jebel Mudawwar;Gara Mdouar;Mdoura",
        "castle_type": "fortress",
        "historic": "castle",
        "loc_name": "Portuguese Prison",
        "name": "Gara Medouar",
        "tourism": "attraction",
        "wikidata": "Q30242699",
        "wikimedia_commons": "Category:Gara Medouar",
        "wikipedia": "en:Gara Medouar"
      },
      "geometry": {
        "type": "Point",
        "coordinates": [
          -4.399721,
          31.3000333
        ]
      },
      "id": "node/6045625590"
    },
    {
      "type": "Feature",
      "properties": {
        "@id": "node/6109817172",
        "name:en": "Swimningpo",
        "tourism": "attraction"
      },
      "geometry": {
        "type": "Point",
        "coordinates": [
          -9.7475358,
          30.5933865
        ]
      },
      "id": "node/6109817172"
    },
    {
      "type": "Feature",
      "properties": {
        "@id": "node/6110525188",
        "name:en": "Kasbah des Noyers des Berrem",
        "tourism": "attraction"
      },
      "geometry": {
        "type": "Point",
        "coordinates": [
          -4.7604002,
          32.6448251
        ]
      },
      "id": "node/6110525188"
    },
    {
      "type": "Feature",
      "properties": {
        "@id": "node/6111832385",
        "name": "La Source Blue",
        "tourism": "attraction"
      },
      "geometry": {
        "type": "Point",
        "coordinates": [
          -9.7269827,
          29.7005065
        ]
      },
      "id": "node/6111832385"
    },
    {
      "type": "Feature",
      "properties": {
        "@id": "node/6125560114",
        "name": "Market Dromedare",
        "opening_hours": "Sa 07:00-18:00",
        "tourism": "attraction"
      },
      "geometry": {
        "type": "Point",
        "coordinates": [
          -10.0744324,
          28.9819809
        ]
      },
      "id": "node/6125560114"
    },
    {
      "type": "Feature",
      "properties": {
        "@id": "node/6131159385",
        "name": "Artiste Ecologique",
        "tourism": "attraction"
      },
      "geometry": {
        "type": "Point",
        "coordinates": [
          -11.3334317,
          28.4964145
        ]
      },
      "id": "node/6131159385"
    },
    {
      "type": "Feature",
      "properties": {
        "@id": "node/6132496589",
        "name": "Parcha",
        "tourism": "attraction"
      },
      "geometry": {
        "type": "Point",
        "coordinates": [
          -7.9994979,
          31.6594692
        ]
      },
      "id": "node/6132496589"
    },
    {
      "type": "Feature",
      "properties": {
        "@id": "node/6138032948",
        "name": "stone engravings",
        "tourism": "attraction"
      },
      "geometry": {
        "type": "Point",
        "coordinates": [
          -9.1006064,
          29.6962242
        ]
      },
      "id": "node/6138032948"
    },
    {
      "type": "Feature",
      "properties": {
        "@id": "node/6138826185",
        "name:en": "Thermal Bath",
        "tourism": "attraction"
      },
      "geometry": {
        "type": "Point",
        "coordinates": [
          -5.5127058,
          34.055324
        ]
      },
      "id": "node/6138826185"
    },
    {
      "type": "Feature",
      "properties": {
        "@id": "node/6180880485",
        "name": "cave",
        "name:en": "Cave",
        "name:zh": "山洞",
        "tourism": "attraction"
      },
      "geometry": {
        "type": "Point",
        "coordinates": [
          -4.9978789,
          33.7274388
        ]
      },
      "id": "node/6180880485"
    },
    {
      "type": "Feature",
      "properties": {
        "@id": "node/6180880685",
        "name:en": "Cave Discovery",
        "tourism": "attraction"
      },
      "geometry": {
        "type": "Point",
        "coordinates": [
          -4.9977694,
          33.7272823
        ]
      },
      "id": "node/6180880685"
    },
    {
      "type": "Feature",
      "properties": {
        "@id": "node/6181547543",
        "name": "DreamKite",
        "tourism": "attraction"
      },
      "geometry": {
        "type": "Point",
        "coordinates": [
          -15.7831966,
          23.9100638
        ]
      },
      "id": "node/6181547543"
    },
    {
      "type": "Feature",
      "properties": {
        "@id": "node/6185505789",
        "name": "Agadir de Tizgui",
        "name:en": "Tizgui Agadir",
        "tourism": "attraction"
      },
      "geometry": {
        "type": "Point",
        "coordinates": [
          -7.5771958,
          30.627375
        ]
      },
      "id": "node/6185505789"
    },
    {
      "type": "Feature",
      "properties": {
        "@id": "node/6210028485",
        "name": "Médina",
        "name:fr": "Médina",
        "tourism": "attraction"
      },
      "geometry": {
        "type": "Point",
        "coordinates": [
          -6.0381664,
          35.465531
        ]
      },
      "id": "node/6210028485"
    },
    {
      "type": "Feature",
      "properties": {
        "@id": "node/6240963485",
        "name:en": "Medina",
        "tourism": "attraction"
      },
      "geometry": {
        "type": "Point",
        "coordinates": [
          -7.9908616,
          31.6326717
        ]
      },
      "id": "node/6240963485"
    },
    {
      "type": "Feature",
      "properties": {
        "@id": "node/6240963585",
        "name:en": "Tanerry Chouarra",
        "name:zh": "皮革染坊",
        "tourism": "attraction"
      },
      "geometry": {
        "type": "Point",
        "coordinates": [
          -4.9711844,
          34.0655
        ]
      },
      "id": "node/6240963585"
    },
    {
      "type": "Feature",
      "properties": {
        "@id": "node/6251848194",
        "name": "City Pool",
        "tourism": "attraction"
      },
      "geometry": {
        "type": "Point",
        "coordinates": [
          -5.2744327,
          35.6245792
        ]
      },
      "id": "node/6251848194"
    },
    {
      "type": "Feature",
      "properties": {
        "@id": "node/6253594788",
        "name": "Mercato",
        "name:en": "Market",
        "tourism": "attraction"
      },
      "geometry": {
        "type": "Point",
        "coordinates": [
          -5.2655093,
          35.1664873
        ]
      },
      "id": "node/6253594788"
    },
    {
      "type": "Feature",
      "properties": {
        "@id": "node/6253616987",
        "name": "Bab el-jadid",
        "name:it": "Porta d'entrata medina",
        "tourism": "attraction"
      },
      "geometry": {
        "type": "Point",
        "coordinates": [
          -5.5694962,
          33.8971802
        ]
      },
      "id": "node/6253616987"
    },
    {
      "type": "Feature",
      "properties": {
        "@id": "node/6253616988",
        "name": "Complesso artigianale",
        "tourism": "attraction"
      },
      "geometry": {
        "type": "Point",
        "coordinates": [
          -5.2611827,
          35.1682204
        ]
      },
      "id": "node/6253616988"
    },
    {
      "type": "Feature",
      "properties": {
        "@id": "node/6253624286",
        "name": "Piazza",
        "tourism": "attraction"
      },
      "geometry": {
        "type": "Point",
        "coordinates": [
          -5.2683633,
          35.1689484
        ]
      },
      "id": "node/6253624286"
    },
    {
      "type": "Feature",
      "properties": {
        "@id": "node/6274886786",
        "name": "Monkey forest",
        "tourism": "attraction"
      },
      "geometry": {
        "type": "Point",
        "coordinates": [
          -5.075919,
          33.4196737
        ]
      },
      "id": "node/6274886786"
    },
    {
      "type": "Feature",
      "properties": {
        "@id": "node/6313140089",
        "name:en": "Goats on tree",
        "tourism": "attraction"
      },
      "geometry": {
        "type": "Point",
        "coordinates": [
          -9.3677738,
          31.5472132
        ]
      },
      "id": "node/6313140089"
    },
    {
      "type": "Feature",
      "properties": {
        "@id": "node/6313945686",
        "name": "Ancien Mellah de Tarsat",
        "tourism": "attraction"
      },
      "geometry": {
        "type": "Point",
        "coordinates": [
          -7.9428299,
          29.6616618
        ]
      },
      "id": "node/6313945686"
    },
    {
      "type": "Feature",
      "properties": {
        "@id": "node/6331506985",
        "name": "Jardin de l'Agdal",
        "tourism": "attraction"
      },
      "geometry": {
        "type": "Point",
        "coordinates": [
          -7.9796939,
          31.6121828
        ]
      },
      "id": "node/6331506985"
    },
    {
      "type": "Feature",
      "properties": {
        "@id": "node/6341356885",
        "name:fr": "Décollage Parapente",
        "tourism": "attraction"
      },
      "geometry": {
        "type": "Point",
        "coordinates": [
          -8.0654816,
          31.2971176
        ]
      },
      "id": "node/6341356885"
    },
    {
      "type": "Feature",
      "properties": {
        "@id": "node/6341356886",
        "name": "Décollage Parapente Aznag",
        "tourism": "attraction"
      },
      "geometry": {
        "type": "Point",
        "coordinates": [
          -8.0721763,
          31.2946754
        ]
      },
      "id": "node/6341356886"
    },
    {
      "type": "Feature",
      "properties": {
        "@id": "node/6348600185",
        "name:en": "Botanical Garden Cactus Thiemann",
        "tourism": "attraction"
      },
      "geometry": {
        "type": "Point",
        "coordinates": [
          -7.9928414,
          31.7133073
        ]
      },
      "id": "node/6348600185"
    },
    {
      "type": "Feature",
      "properties": {
        "@id": "node/6376418187",
        "name": "Quartier Mellah",
        "tourism": "attraction"
      },
      "geometry": {
        "type": "Point",
        "coordinates": [
          -4.9919814,
          34.0529494
        ]
      },
      "id": "node/6376418187"
    },
    {
      "type": "Feature",
      "properties": {
        "@id": "node/6376615194",
        "name": "ساحة الهديم",
        "name:fr": "Place El Hedim",
        "tourism": "attraction",
        "wheelchair": "yes"
      },
      "geometry": {
        "type": "Point",
        "coordinates": [
          -5.5656663,
          33.8932489
        ]
      },
      "id": "node/6376615194"
    },
    {
      "type": "Feature",
      "properties": {
        "@id": "node/6379673485",
        "name": "Place Outa El Hamam",
        "tourism": "attraction"
      },
      "geometry": {
        "type": "Point",
        "coordinates": [
          -5.2621415,
          35.168895
        ]
      },
      "id": "node/6379673485"
    },
    {
      "type": "Feature",
      "properties": {
        "@id": "node/6389290385",
        "addr:street": "Douar Diabat n°6",
        "name": "Ranch de Diabat",
        "tourism": "attraction"
      },
      "geometry": {
        "type": "Point",
        "coordinates": [
          -9.7649037,
          31.4818167
        ]
      },
      "id": "node/6389290385"
    },
    {
      "type": "Feature",
      "properties": {
        "@id": "node/6403523886",
        "name:en": "Bureau de Sahara Sailing",
        "opening_hours": "Mo-Fr 10:00-12:00",
        "phone": "+212 6 19 25 04 54",
        "tourism": "attraction",
        "website": "https://saharasailing.com/"
      },
      "geometry": {
        "type": "Point",
        "coordinates": [
          -15.9145209,
          23.7351318
        ]
      },
      "id": "node/6403523886"
    },
    {
      "type": "Feature",
      "properties": {
        "@id": "node/6408188785",
        "addr:street": "ibachratenne",
        "name:fr": "Ancienne sucrerie d'Ida Ougourd",
        "tourism": "attraction"
      },
      "geometry": {
        "type": "Point",
        "coordinates": [
          -9.6147143,
          31.4423399
        ]
      },
      "id": "node/6408188785"
    },
    {
      "type": "Feature",
      "properties": {
        "@id": "node/6408188786",
        "name:fr": "Cascades de Sidi M’Bareck",
        "tourism": "attraction"
      },
      "geometry": {
        "type": "Point",
        "coordinates": [
          -9.8044124,
          31.261434
        ]
      },
      "id": "node/6408188786"
    },
    {
      "type": "Feature",
      "properties": {
        "@id": "node/6408267787",
        "name:fr": "Salines extraction de Sel",
        "tourism": "attraction"
      },
      "geometry": {
        "type": "Point",
        "coordinates": [
          -9.7386062,
          31.1454576
        ]
      },
      "id": "node/6408267787"
    },
    {
      "type": "Feature",
      "properties": {
        "@id": "node/6430106685",
        "addr:city": "Taza تازة",
        "addr:city:ar": "تازة",
        "addr:city:es": "Taza",
        "addr:street": "Plaza de la Independencia ساحة الاستقلال",
        "addr:street:ar": "ساحة الاستقلال",
        "addr:street:es": "Plaza de la Independencia",
        "name": "Place de l'Indépendance ساحة الاستقلال",
        "name:ar": "ساحة الاستقلال",
        "name:es": "Plaza de la Independencia",
        "name:fr": "Place de l'Indépendance",
        "tourism": "attraction"
      },
      "geometry": {
        "type": "Point",
        "coordinates": [
          -4.0089691,
          34.2222395
        ]
      },
      "id": "node/6430106685"
    },
    {
      "type": "Feature",
      "properties": {
        "@id": "node/6432393889",
        "name": "Khettaras",
        "tourism": "attraction",
        "wikipedia": "fr:Khettara"
      },
      "geometry": {
        "type": "Point",
        "coordinates": [
          -4.5027665,
          31.530108
        ]
      },
      "id": "node/6432393889"
    },
    {
      "type": "Feature",
      "properties": {
        "@id": "node/6433099292",
        "name": "Place Rif",
        "name:es": "Plaza Rif",
        "tourism": "attraction"
      },
      "geometry": {
        "type": "Point",
        "coordinates": [
          -3.9283274,
          35.2410805
        ]
      },
      "id": "node/6433099292"
    },
    {
      "type": "Feature",
      "properties": {
        "@id": "node/6433872785",
        "name": "مغارة عجب لاه",
        "name:ar": "مغارة عجب لاه",
        "name:ary": "مغارة عجب لاه",
        "name:en": "Devil's Hole",
        "name:fr": "Gouffre d'Akhfenir",
        "opening_hours": "24/7",
        "tourism": "attraction"
      },
      "geometry": {
        "type": "Point",
        "coordinates": [
          -12.0374755,
          28.1069768
        ]
      },
      "id": "node/6433872785"
    },
    {
      "type": "Feature",
      "properties": {
        "@id": "node/6435339786",
        "name": "annar n imjahden",
        "name:en": "Mohammed V Square",
        "tourism": "attraction"
      },
      "geometry": {
        "type": "Point",
        "coordinates": [
          -3.9296758,
          35.245182
        ]
      },
      "id": "node/6435339786"
    },
    {
      "type": "Feature",
      "properties": {
        "@id": "node/6437072685",
        "name": "Bab El Marhouk",
        "tourism": "attraction"
      },
      "geometry": {
        "type": "Point",
        "coordinates": [
          -5.2609159,
          35.1713975
        ]
      },
      "id": "node/6437072685"
    },
    {
      "type": "Feature",
      "properties": {
        "@id": "node/6451785785",
        "addr:housenumber": "89",
        "addr:postcode": "40000",
        "addr:street": "Boulevard Moulay Rachid",
        "name:en": "Marrakech International Protestant Church",
        "opening_hours": "Su 18:00-20:00",
        "tourism": "attraction",
        "website": "https://www.marrakechchurch.org/"
      },
      "geometry": {
        "type": "Point",
        "coordinates": [
          -8.0104961,
          31.6325467
        ]
      },
      "id": "node/6451785785"
    },
    {
      "type": "Feature",
      "properties": {
        "@id": "node/6463146785",
        "name:fr": "Herboristerie La Sagesse",
        "tourism": "attraction",
        "website": "http://herbesagesse.com"
      },
      "geometry": {
        "type": "Point",
        "coordinates": [
          -7.9875316,
          31.6317114
        ]
      },
      "id": "node/6463146785"
    },
    {
      "type": "Feature",
      "properties": {
        "@id": "node/6475678439",
        "name": "ציורים על קנבס",
        "name:he": "ציורים על קנבס",
        "shop": "art",
        "tourism": "attraction"
      },
      "geometry": {
        "type": "Point",
        "coordinates": [
          -7.9876964,
          31.6293917
        ]
      },
      "id": "node/6475678439"
    },
    {
      "type": "Feature",
      "properties": {
        "@id": "node/6491251987",
        "name:cs": "Incident s autem",
        "tourism": "attraction"
      },
      "geometry": {
        "type": "Point",
        "coordinates": [
          -7.3946456,
          31.406554
        ]
      },
      "id": "node/6491251987"
    },
    {
      "type": "Feature",
      "properties": {
        "@id": "node/6491257185",
        "name:cs": "Můj domov",
        "tourism": "attraction"
      },
      "geometry": {
        "type": "Point",
        "coordinates": [
          -6.7815799,
          34.0409143
        ]
      },
      "id": "node/6491257185"
    },
    {
      "type": "Feature",
      "properties": {
        "@id": "node/6515495287",
        "tourism": "attraction"
      },
      "geometry": {
        "type": "Point",
        "coordinates": [
          -5.2575508,
          35.1717956
        ]
      },
      "id": "node/6515495287"
    },
    {
      "type": "Feature",
      "properties": {
        "@id": "node/6641685187",
        "name": "Capanne circolari in mattoni crudi con copertura vonica",
        "name:en": "Cone shape buildings in crude brics",
        "tourism": "attraction"
      },
      "geometry": {
        "type": "Point",
        "coordinates": [
          -11.4855685,
          27.8806347
        ]
      },
      "id": "node/6641685187"
    },
    {
      "type": "Feature",
      "properties": {
        "@id": "node/6700193416",
        "amenity": "restaurant",
        "name": "Bianca Beach",
        "tourism": "attraction"
      },
      "geometry": {
        "type": "Point",
        "coordinates": [
          -9.6169652,
          30.4209263
        ]
      },
      "id": "node/6700193416"
    },
    {
      "type": "Feature",
      "properties": {
        "@id": "node/6707715845",
        "addr:city": "Agadir",
        "name": "Souk El Had",
        "opening_hours": "Tu-Su 00:00-24:00",
        "tourism": "attraction"
      },
      "geometry": {
        "type": "Point",
        "coordinates": [
          -9.5797504,
          30.4125105
        ]
      },
      "id": "node/6707715845"
    },
    {
      "type": "Feature",
      "properties": {
        "@id": "node/6778163887",
        "name": "مستشفى القرب",
        "name:ar": "مستشفى القرب",
        "tourism": "attraction"
      },
      "geometry": {
        "type": "Point",
        "coordinates": [
          -7.5071965,
          33.595396
        ]
      },
      "id": "node/6778163887"
    },
    {
      "type": "Feature",
      "properties": {
        "@id": "node/6782874687",
        "name:fr": "Bleu Kite Essaouira",
        "tourism": "attraction"
      },
      "geometry": {
        "type": "Point",
        "coordinates": [
          -9.7620177,
          31.503484
        ]
      },
      "id": "node/6782874687"
    },
    {
      "type": "Feature",
      "properties": {
        "@id": "node/6793975885",
        "addr:housenumber": "44",
        "addr:street": "Boulevard Mohamed Al Khallouqi",
        "name": "Sanmao Ancienne Résidence",
        "name:zh": "三毛故居",
        "tourism": "attraction"
      },
      "geometry": {
        "type": "Point",
        "coordinates": [
          -13.2137089,
          27.1612569
        ]
      },
      "id": "node/6793975885"
    },
    {
      "type": "Feature",
      "properties": {
        "@id": "node/6794689786",
        "name:fr": "Coaching Village",
        "tourism": "attraction",
        "website": "https://www.coachingvillage.com/"
      },
      "geometry": {
        "type": "Point",
        "coordinates": [
          -9.6990626,
          31.4399554
        ]
      },
      "id": "node/6794689786"
    },
    {
      "type": "Feature",
      "properties": {
        "@id": "node/6835532388",
        "name:en": "vallee des rosese",
        "name:zh": "玫瑰谷",
        "tourism": "attraction"
      },
      "geometry": {
        "type": "Point",
        "coordinates": [
          -6.1278281,
          31.2451327
        ]
      },
      "id": "node/6835532388"
    },
    {
      "type": "Feature",
      "properties": {
        "@id": "node/6856066286",
        "name": "Postal Museum",
        "tourism": "attraction"
      },
      "geometry": {
        "type": "Point",
        "coordinates": [
          -6.834712,
          34.014865
        ]
      },
      "id": "node/6856066286"
    },
    {
      "type": "Feature",
      "properties": {
        "@id": "node/6896386386",
        "name:fr": "Empreinte de dinosaures",
        "tourism": "attraction"
      },
      "geometry": {
        "type": "Point",
        "coordinates": [
          -6.9087313,
          31.7264155
        ]
      },
      "id": "node/6896386386"
    },
    {
      "type": "Feature",
      "properties": {
        "@id": "node/6960806485",
        "name": "Ali’s Family",
        "tourism": "attraction"
      },
      "geometry": {
        "type": "Point",
        "coordinates": [
          -9.2410503,
          32.2688409
        ]
      },
      "id": "node/6960806485"
    },
    {
      "type": "Feature",
      "properties": {
        "@id": "node/6975941785",
        "name:en": "Abandoned French Village ruins",
        "name:fr": "Village Français Abandonné",
        "name:ru": "Руины французского поселения",
        "tourism": "attraction"
      },
      "geometry": {
        "type": "Point",
        "coordinates": [
          -3.9501894,
          31.0415836
        ]
      },
      "id": "node/6975941785"
    },
    {
      "type": "Feature",
      "properties": {
        "@id": "node/6980909385",
        "name:en": "Entrance to tanneries (guide)",
        "name:ru": "Вход в красильни",
        "tourism": "attraction"
      },
      "geometry": {
        "type": "Point",
        "coordinates": [
          -7.9774563,
          31.6323633
        ]
      },
      "id": "node/6980909385"
    },
    {
      "type": "Feature",
      "properties": {
        "@id": "node/6981184785",
        "name": "أوزود",
        "name:ar": "أوزود",
        "tourism": "attraction"
      },
      "geometry": {
        "type": "Point",
        "coordinates": [
          -7.3105335,
          31.8323732
        ]
      },
      "id": "node/6981184785"
    },
    {
      "type": "Feature",
      "properties": {
        "@id": "node/6990643385",
        "name": "Garage Allel",
        "tourism": "attraction"
      },
      "geometry": {
        "type": "Point",
        "coordinates": [
          -7.6013663,
          33.5752092
        ]
      },
      "id": "node/6990643385"
    },
    {
      "type": "Feature",
      "properties": {
        "@id": "node/6991199685",
        "name": "Surfspot Km11 Km12",
        "tourism": "attraction"
      },
      "geometry": {
        "type": "Point",
        "coordinates": [
          -9.6765935,
          30.495287
        ]
      },
      "id": "node/6991199685"
    },
    {
      "type": "Feature",
      "properties": {
        "@id": "node/7011962533",
        "addr:postcode": "40000",
        "addr:street": "Douar Hajra el Bieda",
        "name:en": "Dunes & Desert Marrakech",
        "name:fr": "Dunes & Desert Marrakech",
        "opening_hours": "Mo-Su 08:00-18:00",
        "phone": "+212 6 61 53 96 39",
        "tourism": "attraction",
        "website": "https://www.dunesdeserts.com/"
      },
      "geometry": {
        "type": "Point",
        "coordinates": [
          -7.9259787,
          31.7134057
        ]
      },
      "id": "node/7011962533"
    },
    {
      "type": "Feature",
      "properties": {
        "@id": "node/7015568285",
        "name": "Avfart buschcamp",
        "tourism": "attraction"
      },
      "geometry": {
        "type": "Point",
        "coordinates": [
          -5.5384754,
          34.0524096
        ]
      },
      "id": "node/7015568285"
    },
    {
      "type": "Feature",
      "properties": {
        "@id": "node/7018073640",
        "addr:city": "Ksar Mouy, 19 km nördlich Goulmima",
        "name": "Ksar Mouy, Alte Brennöfen für Keramik",
        "tourism": "attraction"
      },
      "geometry": {
        "type": "Point",
        "coordinates": [
          -4.9786228,
          31.8316387
        ]
      },
      "id": "node/7018073640"
    },
    {
      "type": "Feature",
      "properties": {
        "@id": "node/7098821585",
        "name": "Citerne Portugaise",
        "name:en": "Cisterne Portuguese",
        "tourism": "attraction"
      },
      "geometry": {
        "type": "Point",
        "coordinates": [
          -8.5024821,
          33.2565611
        ]
      },
      "id": "node/7098821585"
    },
    {
      "type": "Feature",
      "properties": {
        "@id": "node/7116332086",
        "name": "عزيز",
        "name:ar": "عزيز",
        "name:en": "الجمال",
        "tourism": "attraction"
      },
      "geometry": {
        "type": "Point",
        "coordinates": [
          -7.9665483,
          31.6771202
        ]
      },
      "id": "node/7116332086"
    },
    {
      "type": "Feature",
      "properties": {
        "@id": "node/7139625587",
        "addr:housenumber": "N9, Mhamid",
        "addr:postcode": "47402",
        "addr:street": "Piste to Erg Chegaga",
        "email": "desertatmospher@gmail.com",
        "name": "اجواء عرق الشكاكة",
        "name:ar": "اجواء عرق الشكاكة",
        "name:en": "Erg Chigaga Safaris",
        "name:fr": "Safaris Erg Chigaga",
        "phone": "+212 6 19 88 31 05",
        "tourism": "attraction",
        "website": "https://www.tripadvisor.fr/AttractionProductReview-g664990-d15604143-Chigaga_Dunes_4x4_Safari_Sand_boarding_Camel_Riding_Day_Trip_from_M_Hamid-M_Hamid_.html"
      },
      "geometry": {
        "type": "Point",
        "coordinates": [
          -5.7282825,
          29.8278009
        ]
      },
      "id": "node/7139625587"
    },
    {
      "type": "Feature",
      "properties": {
        "@id": "node/7151087485",
        "name": "aziz",
        "name:en": "kamel",
        "tourism": "attraction"
      },
      "geometry": {
        "type": "Point",
        "coordinates": [
          -7.966126,
          31.6762559
        ]
      },
      "id": "node/7151087485"
    },
    {
      "type": "Feature",
      "properties": {
        "@id": "node/7151400286",
        "name": "goats in argan tree",
        "tourism": "attraction"
      },
      "geometry": {
        "type": "Point",
        "coordinates": [
          -8.9695295,
          30.193279
        ]
      },
      "id": "node/7151400286"
    },
    {
      "type": "Feature",
      "properties": {
        "@id": "node/7156162887",
        "name": "رشيد الجمال",
        "name:ar": "رشيد الجمال",
        "tourism": "attraction"
      },
      "geometry": {
        "type": "Point",
        "coordinates": [
          -7.970495,
          31.662789
        ]
      },
      "id": "node/7156162887"
    },
    {
      "type": "Feature",
      "properties": {
        "@id": "node/7178769989",
        "addr:city": "Laâyoune",
        "name": "Ville Marocaine de Laâyoune مدينة العيون المغربية",
        "name:ar": "مدينة العيون المغربية",
        "name:fr": "Ville Marocaine de Laâyoune",
        "tourism": "attraction"
      },
      "geometry": {
        "type": "Point",
        "coordinates": [
          -13.1981518,
          27.1568528
        ]
      },
      "id": "node/7178769989"
    },
    {
      "type": "Feature",
      "properties": {
        "@id": "node/7178772089",
        "addr:city": "Laâyoune",
        "name": "Ville de Laâyoune مدينة العيون",
        "name:ar": "مدينة العيون",
        "name:fr": "Ville de Laâyoune",
        "tourism": "attraction"
      },
      "geometry": {
        "type": "Point",
        "coordinates": [
          -13.1896492,
          27.1525859
        ]
      },
      "id": "node/7178772089"
    },
    {
      "type": "Feature",
      "properties": {
        "@id": "node/7182015585",
        "name": "لتن",
        "name:ar": "لتن",
        "tourism": "attraction"
      },
      "geometry": {
        "type": "Point",
        "coordinates": [
          -7.5737701,
          32.0599724
        ]
      },
      "id": "node/7182015585"
    },
    {
      "type": "Feature",
      "properties": {
        "@id": "node/7194026485",
        "name:en": "berber house",
        "tourism": "attraction"
      },
      "geometry": {
        "type": "Point",
        "coordinates": [
          -5.6077635,
          31.5700241
        ]
      },
      "id": "node/7194026485"
    },
    {
      "type": "Feature",
      "properties": {
        "@id": "node/7263534585",
        "name:en": "Casa Barata Market",
        "tourism": "attraction"
      },
      "geometry": {
        "type": "Point",
        "coordinates": [
          -5.8315164,
          35.7494163
        ]
      },
      "id": "node/7263534585"
    },
    {
      "type": "Feature",
      "properties": {
        "@id": "node/7264110285",
        "name:en": "Bab El Onsar",
        "tourism": "attraction"
      },
      "geometry": {
        "type": "Point",
        "coordinates": [
          -5.2575962,
          35.170827
        ]
      },
      "id": "node/7264110285"
    },
    {
      "type": "Feature",
      "properties": {
        "@id": "node/7264250834",
        "name:en": "Bab Jiaf",
        "tourism": "attraction"
      },
      "geometry": {
        "type": "Point",
        "coordinates": [
          -5.3653178,
          35.5738702
        ]
      },
      "id": "node/7264250834"
    },
    {
      "type": "Feature",
      "properties": {
        "@id": "node/7264268885",
        "name:en": "Bab Tut",
        "tourism": "attraction"
      },
      "geometry": {
        "type": "Point",
        "coordinates": [
          -5.3719206,
          35.5713586
        ]
      },
      "id": "node/7264268885"
    },
    {
      "type": "Feature",
      "properties": {
        "@id": "node/7264326693",
        "name:en": "Place El Haouta",
        "tourism": "attraction"
      },
      "geometry": {
        "type": "Point",
        "coordinates": [
          -5.2636419,
          35.1689822
        ]
      },
      "id": "node/7264326693"
    },
    {
      "type": "Feature",
      "properties": {
        "@id": "node/7264460717",
        "name:en": "Place Petit Socco",
        "tourism": "attraction"
      },
      "geometry": {
        "type": "Point",
        "coordinates": [
          -5.8105922,
          35.7854895
        ]
      },
      "id": "node/7264460717"
    },
    {
      "type": "Feature",
      "properties": {
        "@id": "node/7294536186",
        "name:en": "Instituto Cervantes Tetuan",
        "tourism": "attraction"
      },
      "geometry": {
        "type": "Point",
        "coordinates": [
          -5.3704002,
          35.5693553
        ]
      },
      "id": "node/7294536186"
    },
    {
      "type": "Feature",
      "properties": {
        "@id": "node/7294804301",
        "name:en": "Traditional oven",
        "name:fr": "Four traditionnel",
        "tourism": "attraction"
      },
      "geometry": {
        "type": "Point",
        "coordinates": [
          -5.3656143,
          35.5718017
        ]
      },
      "id": "node/7294804301"
    },
    {
      "type": "Feature",
      "properties": {
        "@id": "node/7294804593",
        "name:en": "The Attar Oven",
        "tourism": "attraction"
      },
      "geometry": {
        "type": "Point",
        "coordinates": [
          -5.3648846,
          35.5726193
        ]
      },
      "id": "node/7294804593"
    },
    {
      "type": "Feature",
      "properties": {
        "@id": "node/7294863188",
        "name:en": "The Masdaa Skala Oven",
        "tourism": "attraction"
      },
      "geometry": {
        "type": "Point",
        "coordinates": [
          -5.3650656,
          35.5700559
        ]
      },
      "id": "node/7294863188"
    },
    {
      "type": "Feature",
      "properties": {
        "@id": "node/7294868386",
        "name:en": "Jenoui Oven",
        "tourism": "attraction"
      },
      "geometry": {
        "type": "Point",
        "coordinates": [
          -5.3641887,
          35.5705908
        ]
      },
      "id": "node/7294868386"
    },
    {
      "type": "Feature",
      "properties": {
        "@id": "node/7294891985",
        "name:en": "Hammam El-Tub Oven",
        "tourism": "attraction"
      },
      "geometry": {
        "type": "Point",
        "coordinates": [
          -5.3649182,
          35.5694795
        ]
      },
      "id": "node/7294891985"
    },
    {
      "type": "Feature",
      "properties": {
        "@id": "node/7294945986",
        "name:en": "The Souika Ulia Oven",
        "tourism": "attraction"
      },
      "geometry": {
        "type": "Point",
        "coordinates": [
          -5.36575,
          35.569987
        ]
      },
      "id": "node/7294945986"
    },
    {
      "type": "Feature",
      "properties": {
        "@id": "node/7302127685",
        "name:en": "Ben Qarrish House",
        "tourism": "attraction"
      },
      "geometry": {
        "type": "Point",
        "coordinates": [
          -5.3722153,
          35.5724125
        ]
      },
      "id": "node/7302127685"
    },
    {
      "type": "Feature",
      "properties": {
        "@id": "node/7302293685",
        "name:en": "The Al-Ayoun Oven",
        "tourism": "attraction"
      },
      "geometry": {
        "type": "Point",
        "coordinates": [
          -5.3720731,
          35.5728561
        ]
      },
      "id": "node/7302293685"
    },
    {
      "type": "Feature",
      "properties": {
        "@id": "node/7302371886",
        "name:en": "Funduq Slama",
        "tourism": "attraction"
      },
      "geometry": {
        "type": "Point",
        "coordinates": [
          -5.3682517,
          35.5716096
        ]
      },
      "id": "node/7302371886"
    },
    {
      "type": "Feature",
      "properties": {
        "@id": "node/7428954186",
        "name": "السمارة المحتلة",
        "name:ar": "السمارة المحتلة",
        "tourism": "attraction"
      },
      "geometry": {
        "type": "Point",
        "coordinates": [
          -11.6680135,
          26.7440917
        ]
      },
      "id": "node/7428954186"
    },
    {
      "type": "Feature",
      "properties": {
        "@id": "node/7785570059",
        "name": "Ain Toto",
        "tourism": "attraction"
      },
      "geometry": {
        "type": "Point",
        "coordinates": [
          -5.4155811,
          33.9108854
        ]
      },
      "id": "node/7785570059"
    },
    {
      "type": "Feature",
      "properties": {
        "@id": "node/7813398091",
        "name:fr": "Monar",
        "tourism": "attraction"
      },
      "geometry": {
        "type": "Point",
        "coordinates": [
          -6.7942033,
          34.0365823
        ]
      },
      "id": "node/7813398091"
    },
    {
      "type": "Feature",
      "properties": {
        "@id": "node/7982785737",
        "name": "Dunes & Desert",
        "operator": "Agafay Camel & Buggy Tours",
        "tourism": "attraction"
      },
      "geometry": {
        "type": "Point",
        "coordinates": [
          -8.1435855,
          31.4373684
        ]
      },
      "id": "node/7982785737"
    },
    {
      "type": "Feature",
      "properties": {
        "@id": "node/8039816500",
        "name": "Tililan Pass",
        "tourism": "attraction"
      },
      "geometry": {
        "type": "Point",
        "coordinates": [
          -9.0935306,
          29.7414069
        ]
      },
      "id": "node/8039816500"
    },
    {
      "type": "Feature",
      "properties": {
        "@id": "node/8078514066",
        "description": "The Apiary of Inzerki is considered the largest traditional apiary in the world and possibly the oldest.",
        "historic": "beehive",
        "man_made": "beehive",
        "name": "Inzerki Apiary",
        "name:en": "Apiary of Inzerki",
        "name:fr": "Rucher d’Inzerki",
        "start_date": "1520",
        "tourism": "attraction",
        "website": "https://explore-agadirsoussmassa.com/en/the-apiary-of-inzerki-honey-cooperative/",
        "wikidata": "Q118120739",
        "wikimedia_commons": "File:Inzerki2.jpg",
        "wikipedia": "en:Inzerki"
      },
      "geometry": {
        "type": "Point",
        "coordinates": [
          -9.1913682,
          30.7990179
        ]
      },
      "id": "node/8078514066"
    },
    {
      "type": "Feature",
      "properties": {
        "@id": "node/8112087317",
        "name": "RTAA 003",
        "office": "government",
        "tourism": "attraction"
      },
      "geometry": {
        "type": "Point",
        "coordinates": [
          -8.241256,
          29.1957127
        ]
      },
      "id": "node/8112087317"
    },
    {
      "type": "Feature",
      "properties": {
        "@id": "node/8221565218",
        "name": "BOI 001",
        "tourism": "attraction"
      },
      "geometry": {
        "type": "Point",
        "coordinates": [
          -9.7104798,
          29.177649
        ]
      },
      "id": "node/8221565218"
    },
    {
      "type": "Feature",
      "properties": {
        "@id": "node/8321449023",
        "name": "المنحل الجماعي إنزكري",
        "name:en": "Rucher collectif Inzekri",
        "tourism": "attraction"
      },
      "geometry": {
        "type": "Point",
        "coordinates": [
          -9.1764156,
          30.8006917
        ]
      },
      "id": "node/8321449023"
    },
    {
      "type": "Feature",
      "properties": {
        "@id": "node/8321449024",
        "name": "Tighmert",
        "name:ar": "Tighremt n Tgoumast",
        "tourism": "attraction"
      },
      "geometry": {
        "type": "Point",
        "coordinates": [
          -5.5169571,
          31.5031108
        ]
      },
      "id": "node/8321449024"
    },
    {
      "type": "Feature",
      "properties": {
        "@id": "node/8321449218",
        "name": "جاكوزي الكبريت",
        "name:en": "Jacuzzi Souffre",
        "tourism": "attraction"
      },
      "geometry": {
        "type": "Point",
        "coordinates": [
          -15.9105423,
          23.7959511
        ]
      },
      "id": "node/8321449218"
    },
    {
      "type": "Feature",
      "properties": {
        "@id": "node/8321489918",
        "name": "تامطروشت",
        "name:fr": "Tamtroucht",
        "tourism": "attraction"
      },
      "geometry": {
        "type": "Point",
        "coordinates": [
          -4.0772146,
          33.776796
        ]
      },
      "id": "node/8321489918"
    },
    {
      "type": "Feature",
      "properties": {
        "@id": "node/8321490117",
        "name": "دار تلمنبهي",
        "name:en": "Mnebhi House",
        "tourism": "attraction"
      },
      "geometry": {
        "type": "Point",
        "coordinates": [
          -5.8173749,
          35.7895147
        ]
      },
      "id": "node/8321490117"
    },
    {
      "type": "Feature",
      "properties": {
        "@id": "node/8388134618",
        "name": "شاطئ أوتشام بني سعيد",
        "name:en": "Aoutcham beach",
        "name:fr": "plage Aoutcham",
        "tourism": "attraction"
      },
      "geometry": {
        "type": "Point",
        "coordinates": [
          -5.1544238,
          35.5065576
        ]
      },
      "id": "node/8388134618"
    },
    {
      "type": "Feature",
      "properties": {
        "@id": "node/8392271517",
        "name:en": "Ourika Valley",
        "opening_hours": "24/7",
        "tourism": "attraction"
      },
      "geometry": {
        "type": "Point",
        "coordinates": [
          -7.7518272,
          31.344454
        ]
      },
      "id": "node/8392271517"
    },
    {
      "type": "Feature",
      "properties": {
        "@id": "node/8825775825",
        "name": "أحب الناظور",
        "name:en": "I love Naor",
        "name:fr": "J'aime Nador",
        "tourism": "attraction"
      },
      "geometry": {
        "type": "Point",
        "coordinates": [
          -2.9230718,
          35.1820872
        ]
      },
      "id": "node/8825775825"
    },
    {
      "type": "Feature",
      "properties": {
        "@id": "node/8825975317",
        "name": "خليج الصدف",
        "name:en": "Shells bay",
        "name:fr": "La Baie des Coquillages",
        "tourism": "attraction"
      },
      "geometry": {
        "type": "Point",
        "coordinates": [
          -2.8510973,
          35.1959212
        ]
      },
      "id": "node/8825975317"
    },
    {
      "type": "Feature",
      "properties": {
        "@id": "node/8826183717",
        "name": "منجم حديد مهجور",
        "name:en": "Abandoned iron mine",
        "name:fr": "Mine de fer abondonnée",
        "tourism": "attraction"
      },
      "geometry": {
        "type": "Point",
        "coordinates": [
          -3.0233153,
          35.1252735
        ]
      },
      "id": "node/8826183717"
    },
    {
      "type": "Feature",
      "properties": {
        "@id": "node/8826184247",
        "name": "بحيرة إيكسان",
        "name:en": "Iksane Lake",
        "name:fr": "Lac Iksane",
        "tourism": "attraction"
      },
      "geometry": {
        "type": "Point",
        "coordinates": [
          -3.0111287,
          35.1153663
        ]
      },
      "id": "node/8826184247"
    },
    {
      "type": "Feature",
      "properties": {
        "@id": "node/8826184429",
        "name": "شاطيء الرمود",
        "name:en": "Rmod Beach",
        "name:fr": "Plage Rmod",
        "tourism": "attraction"
      },
      "geometry": {
        "type": "Point",
        "coordinates": [
          -3.9657283,
          35.2437378
        ]
      },
      "id": "node/8826184429"
    },
    {
      "type": "Feature",
      "properties": {
        "@id": "node/8826192417",
        "name": "شاطيء إيزدهي",
        "name:en": "Izdhi Beach",
        "name:fr": "Plage Izdhi",
        "tourism": "attraction"
      },
      "geometry": {
        "type": "Point",
        "coordinates": [
          -3.9630927,
          35.2453539
        ]
      },
      "id": "node/8826192417"
    },
    {
      "type": "Feature",
      "properties": {
        "@id": "node/8826194417",
        "name": "شاطيء مقطوعة",
        "name:en": "Maktoâa Beach",
        "name:fr": "Plage Maktoâa",
        "tourism": "attraction"
      },
      "geometry": {
        "type": "Point",
        "coordinates": [
          -3.9189111,
          35.2296227
        ]
      },
      "id": "node/8826194417"
    },
    {
      "type": "Feature",
      "properties": {
        "@id": "node/8826745917",
        "name": "شاطيء تايدوين",
        "name:en": "Taydiwine Beach",
        "name:fr": "Plage de Taydiwine",
        "tourism": "attraction"
      },
      "geometry": {
        "type": "Point",
        "coordinates": [
          -4.0843837,
          35.2197029
        ]
      },
      "id": "node/8826745917"
    },
    {
      "type": "Feature",
      "properties": {
        "@id": "node/8826968817",
        "name": "شاطيء ثيمرصاد",
        "name:en": "Thimarssad Beach",
        "name:fr": "Plage de Thimarssad",
        "tourism": "attraction"
      },
      "geometry": {
        "type": "Point",
        "coordinates": [
          -2.4897247,
          35.1002468
        ]
      },
      "id": "node/8826968817"
    },
    {
      "type": "Feature",
      "properties": {
        "@id": "node/8826970117",
        "name": "الشاطيء الأحمر",
        "name:en": "Red Beach",
        "name:fr": "Plage rouge",
        "tourism": "attraction"
      },
      "geometry": {
        "type": "Point",
        "coordinates": [
          -2.4805928,
          35.1048453
        ]
      },
      "id": "node/8826970117"
    },
    {
      "type": "Feature",
      "properties": {
        "@id": "node/8826973417",
        "name": "شاطيء الشعابي",
        "name:en": "Chaabi Beachi",
        "name:fr": "Plage Chaabi",
        "tourism": "attraction"
      },
      "geometry": {
        "type": "Point",
        "coordinates": [
          -3.3480512,
          35.1850426
        ]
      },
      "id": "node/8826973417"
    },
    {
      "type": "Feature",
      "properties": {
        "@id": "node/8826986117",
        "name": "شاطيء المطاديرو",
        "name:ar": "شاطيء المطاديرو",
        "name:en": "Matadero Beach",
        "name:es": "Playa Matadero",
        "name:fr": "Plage Matadero",
        "tourism": "attraction"
      },
      "geometry": {
        "type": "Point",
        "coordinates": [
          -3.9233752,
          35.2367346
        ]
      },
      "id": "node/8826986117"
    },
    {
      "type": "Feature",
      "properties": {
        "@id": "node/8829489381",
        "name": "Plage Chelihate",
        "tourism": "attraction"
      },
      "geometry": {
        "type": "Point",
        "coordinates": [
          -6.6727245,
          34.2672096
        ]
      },
      "id": "node/8829489381"
    },
    {
      "type": "Feature",
      "properties": {
        "@id": "node/8829489382",
        "name": "Boukmour Plage Sauvage",
        "tourism": "attraction"
      },
      "geometry": {
        "type": "Point",
        "coordinates": [
          -6.5145761,
          34.4871346
        ]
      },
      "id": "node/8829489382"
    },
    {
      "type": "Feature",
      "properties": {
        "@id": "node/8832065718",
        "name": "جبل أفشتال",
        "name:en": "Jbel afchtal",
        "name:fr": "Djbel afchtal",
        "tourism": "attraction"
      },
      "geometry": {
        "type": "Point",
        "coordinates": [
          -4.9834761,
          35.0330815
        ]
      },
      "id": "node/8832065718"
    },
    {
      "type": "Feature",
      "properties": {
        "@id": "node/8835073617",
        "name": "كهف إيفري نعمار",
        "name:en": "Ifri N'Ammar Cave",
        "name:fr": "Grotte d'Ifri N'Ammar",
        "tourism": "attraction"
      },
      "geometry": {
        "type": "Point",
        "coordinates": [
          -3.0923538,
          34.7844176
        ]
      },
      "id": "node/8835073617"
    },
    {
      "type": "Feature",
      "properties": {
        "@id": "node/8835743817",
        "name": "شاطيء مرقجمار",
        "name:en": "Markjmar Beach",
        "name:fr": "Plage Markjmar",
        "tourism": "attraction"
      },
      "geometry": {
        "type": "Point",
        "coordinates": [
          -3.990991,
          35.2342885
        ]
      },
      "id": "node/8835743817"
    },
    {
      "type": "Feature",
      "properties": {
        "@id": "node/8845418617",
        "name": "شاطيء تاوسارت",
        "name:en": "Taoussarte Beach",
        "name:fr": "Plage Taoussarte",
        "tourism": "attraction"
      },
      "geometry": {
        "type": "Point",
        "coordinates": [
          -4.1137097,
          35.2049574
        ]
      },
      "id": "node/8845418617"
    },
    {
      "type": "Feature",
      "properties": {
        "@id": "node/8846116621",
        "name": "شاطئ ثكزيرين",
        "name:en": "Tigzirin Beach",
        "name:fr": "Plage Tigzirin",
        "tourism": "attraction"
      },
      "geometry": {
        "type": "Point",
        "coordinates": [
          -4.2125162,
          35.1875675
        ]
      },
      "id": "node/8846116621"
    },
    {
      "type": "Feature",
      "properties": {
        "@id": "node/8846116622",
        "name": "شاطيء ماس أشرقي",
        "name:en": "Mas Acharki Beach",
        "name:fr": "Plage Mas Acharki",
        "tourism": "attraction"
      },
      "geometry": {
        "type": "Point",
        "coordinates": [
          -4.2172455,
          35.1839506
        ]
      },
      "id": "node/8846116622"
    },
    {
      "type": "Feature",
      "properties": {
        "@id": "node/8846116819",
        "name": "جزيرة حربول",
        "name:en": "Harboul Small Island",
        "name:fr": "Îlot Harboul",
        "tourism": "attraction"
      },
      "geometry": {
        "type": "Point",
        "coordinates": [
          -4.3143155,
          35.1677222
        ]
      },
      "id": "node/8846116819"
    },
    {
      "type": "Feature",
      "properties": {
        "@id": "node/8846126217",
        "name": "شاطيء إتراكنا",
        "name:en": "Ettrakna Beach",
        "name:fr": "Plage Ettrakna",
        "tourism": "attraction"
      },
      "geometry": {
        "type": "Point",
        "coordinates": [
          -4.2083565,
          35.1877755
        ]
      },
      "id": "node/8846126217"
    },
    {
      "type": "Feature",
      "properties": {
        "@id": "node/8846133417",
        "name": "جزيرة تگزرين",
        "name:en": "Tigzirine Small Island",
        "name:fr": "Îlot Tigzirine",
        "tourism": "attraction"
      },
      "geometry": {
        "type": "Point",
        "coordinates": [
          -4.2144787,
          35.1897423
        ]
      },
      "id": "node/8846133417"
    },
    {
      "type": "Feature",
      "properties": {
        "@id": "node/8846146617",
        "name": "شاطيء مرسى شرقي",
        "name:en": "Marsa Charqi Beach",
        "name:fr": "Plage Marsa charqi",
        "tourism": "attraction"
      },
      "geometry": {
        "type": "Point",
        "coordinates": [
          -4.3208971,
          35.1612989
        ]
      },
      "id": "node/8846146617"
    },
    {
      "type": "Feature",
      "properties": {
        "@id": "node/8846150517",
        "name": "شاطيء مرسا إيغانيمان",
        "name:en": "Almarsa Ighaniman Beach",
        "name:fr": "Plage Almarsa Ighaniman",
        "tourism": "attraction"
      },
      "geometry": {
        "type": "Point",
        "coordinates": [
          -4.375121,
          35.1485706
        ]
      },
      "id": "node/8846150517"
    },
    {
      "type": "Feature",
      "properties": {
        "@id": "node/8846150518",
        "name": "شاطيء سبع بيبان",
        "name:en": "Seven Doors Beach",
        "name:fr": "Plage 7 Bibabn",
        "tourism": "attraction"
      },
      "geometry": {
        "type": "Point",
        "coordinates": [
          -4.3306354,
          35.1569174
        ]
      },
      "id": "node/8846150518"
    },
    {
      "type": "Feature",
      "properties": {
        "@id": "node/8846155117",
        "name": "جنة الڤالهالا",
        "name:en": "Valhalla Paradise",
        "name:fr": "Valhalla Paradise",
        "tourism": "attraction"
      },
      "geometry": {
        "type": "Point",
        "coordinates": [
          -2.990451,
          35.2301764
        ]
      },
      "id": "node/8846155117"
    },
    {
      "type": "Feature",
      "properties": {
        "@id": "node/8851018555",
        "attraction": "animal",
        "name": "Cat's House",
        "tourism": "attraction"
      },
      "geometry": {
        "type": "Point",
        "coordinates": [
          -5.8167985,
          35.7904371
        ]
      },
      "id": "node/8851018555"
    },
    {
      "type": "Feature",
      "properties": {
        "@id": "node/9001318617",
        "name": "TAMTROUCHT",
        "tourism": "attraction"
      },
      "geometry": {
        "type": "Point",
        "coordinates": [
          -4.0763686,
          33.7750663
        ]
      },
      "id": "node/9001318617"
    },
    {
      "type": "Feature",
      "properties": {
        "@id": "node/9001320917",
        "name": "Afousar",
        "tourism": "attraction"
      },
      "geometry": {
        "type": "Point",
        "coordinates": [
          -4.0251894,
          33.8474972
        ]
      },
      "id": "node/9001320917"
    },
    {
      "type": "Feature",
      "properties": {
        "@id": "node/9099085317",
        "addr:postcode": "44000",
        "name": "Borj El baroud",
        "tourism": "attraction"
      },
      "geometry": {
        "type": "Point",
        "coordinates": [
          -9.777636,
          31.4879322
        ]
      },
      "id": "node/9099085317"
    },
    {
      "type": "Feature",
      "properties": {
        "@id": "node/9214494517",
        "name": "الصخور الملونة",
        "name:en": "painted stones",
        "name:fr": "les pierres peintes",
        "tourism": "attraction"
      },
      "geometry": {
        "type": "Point",
        "coordinates": [
          -8.977099,
          29.6786627
        ]
      },
      "id": "node/9214494517"
    },
    {
      "type": "Feature",
      "properties": {
        "@id": "node/9278126117",
        "name": "القاعة متعددة التخصصات",
        "tourism": "attraction"
      },
      "geometry": {
        "type": "Point",
        "coordinates": [
          -8.0303282,
          31.5920079
        ]
      },
      "id": "node/9278126117"
    },
    {
      "type": "Feature",
      "properties": {
        "@id": "node/9633670014",
        "name": "Dunas",
        "name:fr": "Dunes",
        "tourism": "attraction"
      },
      "geometry": {
        "type": "Point",
        "coordinates": [
          -1.768189,
          32.8463376
        ]
      },
      "id": "node/9633670014"
    },
    {
      "type": "Feature",
      "properties": {
        "@id": "node/9633670015",
        "name": "Dunas",
        "name:fr": "Dunes",
        "tourism": "attraction"
      },
      "geometry": {
        "type": "Point",
        "coordinates": [
          -1.7791581,
          32.8493293
        ]
      },
      "id": "node/9633670015"
    },
    {
      "type": "Feature",
      "properties": {
        "@id": "node/9633677228",
        "name": "Dunas",
        "name:fr": "Dunes",
        "tourism": "attraction"
      },
      "geometry": {
        "type": "Point",
        "coordinates": [
          -1.7489509,
          32.8594402
        ]
      },
      "id": "node/9633677228"
    },
    {
      "type": "Feature",
      "properties": {
        "@id": "node/9633677229",
        "name": "Dunas",
        "name:fr": "Dunes",
        "tourism": "attraction"
      },
      "geometry": {
        "type": "Point",
        "coordinates": [
          -1.7427196,
          32.8519137
        ]
      },
      "id": "node/9633677229"
    },
    {
      "type": "Feature",
      "properties": {
        "@id": "node/9633677230",
        "name": "Dunas",
        "name:fr": "Dunes",
        "tourism": "attraction"
      },
      "geometry": {
        "type": "Point",
        "coordinates": [
          -1.7486938,
          32.8507905
        ]
      },
      "id": "node/9633677230"
    },
    {
      "type": "Feature",
      "properties": {
        "@id": "node/9633677350",
        "name": "Dunas",
        "name:fr": "Dunes",
        "tourism": "attraction"
      },
      "geometry": {
        "type": "Point",
        "coordinates": [
          -1.7475698,
          32.862975
        ]
      },
      "id": "node/9633677350"
    },
    {
      "type": "Feature",
      "properties": {
        "@id": "node/9633677351",
        "name": "Dunas",
        "name:fr": "Dunes",
        "tourism": "attraction"
      },
      "geometry": {
        "type": "Point",
        "coordinates": [
          -1.740124,
          32.859381
        ]
      },
      "id": "node/9633677351"
    },
    {
      "type": "Feature",
      "properties": {
        "@id": "node/9633677355",
        "name": "Dunas",
        "name:fr": "Dunes",
        "tourism": "attraction"
      },
      "geometry": {
        "type": "Point",
        "coordinates": [
          -1.7502134,
          32.8684757
        ]
      },
      "id": "node/9633677355"
    },
    {
      "type": "Feature",
      "properties": {
        "@id": "node/9633677356",
        "name": "Dunas",
        "name:fr": "Dunes",
        "tourism": "attraction"
      },
      "geometry": {
        "type": "Point",
        "coordinates": [
          -1.7563374,
          32.8547991
        ]
      },
      "id": "node/9633677356"
    },
    {
      "type": "Feature",
      "properties": {
        "@id": "node/9633677357",
        "name": "Dunas",
        "name:fr": "Dunes",
        "tourism": "attraction"
      },
      "geometry": {
        "type": "Point",
        "coordinates": [
          -1.7561915,
          32.8491317
        ]
      },
      "id": "node/9633677357"
    },
    {
      "type": "Feature",
      "properties": {
        "@id": "node/9633677394",
        "name": "Dunas",
        "name:fr": "Dunes",
        "tourism": "attraction"
      },
      "geometry": {
        "type": "Point",
        "coordinates": [
          -1.7374991,
          32.836242
        ]
      },
      "id": "node/9633677394"
    },
    {
      "type": "Feature",
      "properties": {
        "@id": "node/9633677395",
        "name": "Dunas",
        "name:fr": "Dunes",
        "tourism": "attraction"
      },
      "geometry": {
        "type": "Point",
        "coordinates": [
          -1.7288388,
          32.8392673
        ]
      },
      "id": "node/9633677395"
    },
    {
      "type": "Feature",
      "properties": {
        "@id": "node/9633677422",
        "name": "Dunas",
        "name:fr": "Dunes",
        "tourism": "attraction"
      },
      "geometry": {
        "type": "Point",
        "coordinates": [
          -1.7183595,
          32.8632339
        ]
      },
      "id": "node/9633677422"
    },
    {
      "type": "Feature",
      "properties": {
        "@id": "node/9633677423",
        "name": "Dunas",
        "name:fr": "Dunes",
        "tourism": "attraction"
      },
      "geometry": {
        "type": "Point",
        "coordinates": [
          -1.7205052,
          32.8601986
        ]
      },
      "id": "node/9633677423"
    },
    {
      "type": "Feature",
      "properties": {
        "@id": "node/9633677441",
        "name": "Dunas",
        "name:fr": "Dunes",
        "tourism": "attraction"
      },
      "geometry": {
        "type": "Point",
        "coordinates": [
          -1.7619747,
          32.858289
        ]
      },
      "id": "node/9633677441"
    },
    {
      "type": "Feature",
      "properties": {
        "@id": "node/9633677464",
        "name": "Dunas",
        "name:fr": "Dunes",
        "tourism": "attraction"
      },
      "geometry": {
        "type": "Point",
        "coordinates": [
          -1.7726264,
          32.8549098
        ]
      },
      "id": "node/9633677464"
    },
    {
      "type": "Feature",
      "properties": {
        "@id": "node/9633683602",
        "name": "Dunas",
        "name:fr": "Dunes",
        "tourism": "attraction"
      },
      "geometry": {
        "type": "Point",
        "coordinates": [
          -1.7121729,
          32.8084144
        ]
      },
      "id": "node/9633683602"
    },
    {
      "type": "Feature",
      "properties": {
        "@id": "node/9633683603",
        "name": "Dunas",
        "name:fr": "Dunes",
        "tourism": "attraction"
      },
      "geometry": {
        "type": "Point",
        "coordinates": [
          -1.7115077,
          32.8050779
        ]
      },
      "id": "node/9633683603"
    },
    {
      "type": "Feature",
      "properties": {
        "@id": "node/9633683604",
        "name": "Dunas",
        "name:fr": "Dunes",
        "tourism": "attraction"
      },
      "geometry": {
        "type": "Point",
        "coordinates": [
          -1.7245969,
          32.8061781
        ]
      },
      "id": "node/9633683604"
    },
    {
      "type": "Feature",
      "properties": {
        "@id": "node/9633683605",
        "name": "Dunas",
        "name:fr": "Dunes",
        "tourism": "attraction"
      },
      "geometry": {
        "type": "Point",
        "coordinates": [
          -1.7260432,
          32.7986787
        ]
      },
      "id": "node/9633683605"
    },
    {
      "type": "Feature",
      "properties": {
        "@id": "node/9633683606",
        "name": "Dunas",
        "name:fr": "Dunes",
        "tourism": "attraction"
      },
      "geometry": {
        "type": "Point",
        "coordinates": [
          -1.7226443,
          32.8031914
        ]
      },
      "id": "node/9633683606"
    },
    {
      "type": "Feature",
      "properties": {
        "@id": "node/9633683607",
        "name": "Dunas",
        "name:fr": "Dunes",
        "tourism": "attraction"
      },
      "geometry": {
        "type": "Point",
        "coordinates": [
          -1.716958,
          32.8038407
        ]
      },
      "id": "node/9633683607"
    },
    {
      "type": "Feature",
      "properties": {
        "@id": "node/9633683608",
        "name": "Dunas",
        "name:fr": "Dunes",
        "tourism": "attraction"
      },
      "geometry": {
        "type": "Point",
        "coordinates": [
          -1.718254,
          32.8081547
        ]
      },
      "id": "node/9633683608"
    },
    {
      "type": "Feature",
      "properties": {
        "@id": "node/9633686633",
        "name": "Dunas",
        "name:fr": "Dunes",
        "name:pt": "Dunas",
        "tourism": "attraction"
      },
      "geometry": {
        "type": "Point",
        "coordinates": [
          -1.6923673,
          32.8159875
        ]
      },
      "id": "node/9633686633"
    },
    {
      "type": "Feature",
      "properties": {
        "@id": "node/9775473617",
        "name:en": "TatfiBio Cooperative (Argan oil making)",
        "tourism": "attraction"
      },
      "geometry": {
        "type": "Point",
        "coordinates": [
          -8.1271175,
          31.3701983
        ]
      },
      "id": "node/9775473617"
    },
    {
      "type": "Feature",
      "properties": {
        "@id": "node/9798429017",
        "name": "vis",
        "name:en": "via Ferrata",
        "tourism": "attraction",
        "wheelchair": "no"
      },
      "geometry": {
        "type": "Point",
        "coordinates": [
          -5.5956488,
          31.588591
        ]
      },
      "id": "node/9798429017"
    },
    {
      "type": "Feature",
      "properties": {
        "@id": "node/9977804618",
        "name:en": "Dr Hssaynate",
        "tourism": "attraction"
      },
      "geometry": {
        "type": "Point",
        "coordinates": [
          -4.5055069,
          34.345461
        ]
      },
      "id": "node/9977804618"
    },
    {
      "type": "Feature",
      "properties": {
        "@id": "node/10025848174",
        "addr:city": "Essaouira",
        "addr:country": "MA",
        "addr:postcode": "44000",
        "addr:street": "Rue Lalla Amina",
        "building": "school",
        "description": "Kitesurf and Surf School In Essaouira",
        "email": "contact@kitesensation-essaouira.com",
        "fee": "yes",
        "leisure": "sports_centre",
        "name": "Kitesensation Essaouira",
        "note": "Kitesurf & Surf School Watersports Center",
        "opening_hours": "Mo-Su 09:00-18:00",
        "payment:cash": "yes",
        "phone": "+212 6 22 40 27 55",
        "sport": "surfing;kitesurfing;kitesurf;surf",
        "tourism": "attraction",
        "website": "https://kitesensation-essaouira.com/"
      },
      "geometry": {
        "type": "Point",
        "coordinates": [
          -9.762855,
          31.505606
        ]
      },
      "id": "node/10025848174"
    },
    {
      "type": "Feature",
      "properties": {
        "@id": "node/10088617407",
        "name": "Mgoun Tours",
        "tourism": "attraction"
      },
      "geometry": {
        "type": "Point",
        "coordinates": [
          -6.3991035,
          32.1312922
        ]
      },
      "id": "node/10088617407"
    },
    {
      "type": "Feature",
      "properties": {
        "@id": "node/10119174043",
        "addr:city": "Agadir",
        "amenity": "marketplace",
        "description": "Marché Artisanal",
        "name": "Kasbat souss",
        "phone": "+212 6 93 37 37 74",
        "tourism": "attraction"
      },
      "geometry": {
        "type": "Point",
        "coordinates": [
          -9.5726284,
          30.3846123
        ]
      },
      "id": "node/10119174043"
    },
    {
      "type": "Feature",
      "properties": {
        "@id": "node/10142685529",
        "name": "Granarie de Tasguente",
        "tourism": "attraction"
      },
      "geometry": {
        "type": "Point",
        "coordinates": [
          -8.4926885,
          30.2261642
        ]
      },
      "id": "node/10142685529"
    },
    {
      "type": "Feature",
      "properties": {
        "@id": "node/10197426117",
        "name:fr": "Souk Bazazme",
        "tourism": "attraction"
      },
      "geometry": {
        "type": "Point",
        "coordinates": [
          -5.5693854,
          33.8945402
        ]
      },
      "id": "node/10197426117"
    },
    {
      "type": "Feature",
      "properties": {
        "@id": "node/10262881984",
        "name": "Gorges",
        "tourism": "attraction"
      },
      "geometry": {
        "type": "Point",
        "coordinates": [
          -6.2001599,
          31.3975932
        ]
      },
      "id": "node/10262881984"
    },
    {
      "type": "Feature",
      "properties": {
        "@id": "node/10270200209",
        "name:en": "Three blue doors",
        "tourism": "attraction"
      },
      "geometry": {
        "type": "Point",
        "coordinates": [
          -5.2595052,
          35.1707458
        ]
      },
      "id": "node/10270200209"
    },
    {
      "type": "Feature",
      "properties": {
        "@id": "node/10270255809",
        "name:en": "Square at Riad Dar Laman",
        "tourism": "attraction"
      },
      "geometry": {
        "type": "Point",
        "coordinates": [
          -5.2636097,
          35.1698171
        ]
      },
      "id": "node/10270255809"
    },
    {
      "type": "Feature",
      "properties": {
        "@id": "node/10303426309",
        "name": "bab targwa",
        "tourism": "attraction"
      },
      "geometry": {
        "type": "Point",
        "coordinates": [
          -9.7253307,
          29.7039512
        ]
      },
      "id": "node/10303426309"
    },
    {
      "type": "Feature",
      "properties": {
        "@id": "node/10676299317",
        "name": "Ancienne usine de bois",
        "tourism": "attraction"
      },
      "geometry": {
        "type": "Point",
        "coordinates": [
          -6.137613,
          31.9932667
        ]
      },
      "id": "node/10676299317"
    },
    {
      "type": "Feature",
      "properties": {
        "@id": "node/10676300941",
        "name": "Gorges d'Amsafrane (Oued Ahansal)",
        "tourism": "attraction"
      },
      "geometry": {
        "type": "Point",
        "coordinates": [
          -6.1145904,
          31.9758496
        ]
      },
      "id": "node/10676300941"
    },
    {
      "type": "Feature",
      "properties": {
        "@id": "node/10689020807",
        "name": "Station service - Décor de film",
        "tourism": "attraction"
      },
      "geometry": {
        "type": "Point",
        "coordinates": [
          -7.2329597,
          30.9230221
        ]
      },
      "id": "node/10689020807"
    },
    {
      "type": "Feature",
      "properties": {
        "@id": "node/10711642169",
        "name": "Ighrem n'Ouchettin",
        "name:ar": "إغرم نوشطين",
        "tourism": "attraction"
      },
      "geometry": {
        "type": "Point",
        "coordinates": [
          -5.8002188,
          32.0622483
        ]
      },
      "id": "node/10711642169"
    },
    {
      "type": "Feature",
      "properties": {
        "@id": "node/10752367505",
        "name:en": "Anchor Point",
        "tourism": "attraction"
      },
      "geometry": {
        "type": "Point",
        "coordinates": [
          -9.7267868,
          30.5452832
        ]
      },
      "id": "node/10752367505"
    },
    {
      "type": "Feature",
      "properties": {
        "@id": "node/10752370905",
        "name": "Spot de surf du port",
        "name:en": "Harbour Surfspot",
        "name:fr": "Spot de surf du port",
        "tourism": "attraction"
      },
      "geometry": {
        "type": "Point",
        "coordinates": [
          -10.1950385,
          29.3485906
        ]
      },
      "id": "node/10752370905"
    },
    {
      "type": "Feature",
      "properties": {
        "@id": "node/10753760873",
        "name": "Abri troglodyte",
        "name:pt": "Abrigo Troglodita",
        "tourism": "attraction"
      },
      "geometry": {
        "type": "Point",
        "coordinates": [
          -7.6248718,
          30.4741873
        ]
      },
      "id": "node/10753760873"
    },
    {
      "type": "Feature",
      "properties": {
        "@id": "node/10753760874",
        "name": "Abri troglodyte",
        "name:pt": "Abrigo Troglodita",
        "tourism": "attraction"
      },
      "geometry": {
        "type": "Point",
        "coordinates": [
          -7.6256657,
          30.4754818
        ]
      },
      "id": "node/10753760874"
    },
    {
      "type": "Feature",
      "properties": {
        "@id": "node/10763435807",
        "name:fr": "5km",
        "tourism": "attraction"
      },
      "geometry": {
        "type": "Point",
        "coordinates": [
          -7.1936493,
          32.5394814
        ]
      },
      "id": "node/10763435807"
    },
    {
      "type": "Feature",
      "properties": {
        "@id": "node/10832250505",
        "name:fr": "Source de Moulay",
        "tourism": "attraction"
      },
      "geometry": {
        "type": "Point",
        "coordinates": [
          -4.393309,
          32.2598493
        ]
      },
      "id": "node/10832250505"
    },
    {
      "type": "Feature",
      "properties": {
        "@id": "node/10836742005",
        "tourism": "attraction"
      },
      "geometry": {
        "type": "Point",
        "coordinates": [
          -8.8739919,
          30.4718438
        ]
      },
      "id": "node/10836742005"
    },
    {
      "type": "Feature",
      "properties": {
        "@id": "node/10862321405",
        "name": "Aoukerda, Felsentunnnel",
        "tourism": "attraction"
      },
      "geometry": {
        "type": "Point",
        "coordinates": [
          -9.0286205,
          29.3640107
        ]
      },
      "id": "node/10862321405"
    },
    {
      "type": "Feature",
      "properties": {
        "@id": "node/10871656393",
        "int_name": "Todgha Canyon;Todra Gorge;Gorges du Todra",
        "name": "Gorges du Toudra",
        "name:de": "Todra-Schlucht",
        "name:en": "Todgha Gorge",
        "name:es": "Gargantas del Todra",
        "name:fr": "Gorges du Todra",
        "name:it": "Gole di Todra",
        "name:pt": "Desfiladeiro de Todra;Gargantas de Todra;Garganta do Todra",
        "place": "locality",
        "tourism": "attraction",
        "wikipedia": "fr:Gorges du Toudra",
        "@relations": [
          {
            "role": "",
            "rel": 18157938,
            "reltags": {
              "alt_name": "Todra Gorge",
              "int_name": "Todgha Canyon",
              "name": "Todgha Gorge",
              "place": "locality",
              "tourism": "attraction",
              "type": "site",
              "wikidata": "Q3111026",
              "wikipedia": "en:Todgha Gorge"
            }
          }
        ]
      },
      "geometry": {
        "type": "Point",
        "coordinates": [
          -5.5914946,
          31.5873522
        ]
      },
      "id": "node/10871656393"
    },
    {
      "type": "Feature",
      "properties": {
        "@id": "node/10890176705",
        "name:de": "Besuchertor Königspalast",
        "name:en": "Visitors Gate Royal Palace",
        "opening_hours": "Mo-Fr 09:00-12:00,13:00-18:00",
        "tourism": "attraction"
      },
      "geometry": {
        "type": "Point",
        "coordinates": [
          -6.8303222,
          34.0096914
        ]
      },
      "id": "node/10890176705"
    },
    {
      "type": "Feature",
      "properties": {
        "@id": "node/10919414705",
        "name": "Medina Marrakech مدينة مراكش",
        "name:ar": "مدينة مراكش",
        "name:en": "Marrakesh Medina",
        "tourism": "attraction",
        "wheelchair": "yes"
      },
      "geometry": {
        "type": "Point",
        "coordinates": [
          -7.9887525,
          31.6259056
        ]
      },
      "id": "node/10919414705"
    },
    {
      "type": "Feature",
      "properties": {
        "@id": "node/10948710005",
        "historic": "city_gate",
        "name:en": "Bab Rob",
        "name:fr": "Bab Rob",
        "tourism": "attraction"
      },
      "geometry": {
        "type": "Point",
        "coordinates": [
          -7.9907346,
          31.6171268
        ]
      },
      "id": "node/10948710005"
    },
    {
      "type": "Feature",
      "properties": {
        "@id": "node/10951783107",
        "tourism": "attraction"
      },
      "geometry": {
        "type": "Point",
        "coordinates": [
          -9.8295885,
          30.7623176
        ]
      },
      "id": "node/10951783107"
    },
    {
      "type": "Feature",
      "properties": {
        "@id": "node/10951783408",
        "name": "Coastal Cliff & Timlalin Dunes",
        "tourism": "attraction"
      },
      "geometry": {
        "type": "Point",
        "coordinates": [
          -9.8295958,
          30.7619844
        ]
      },
      "id": "node/10951783408"
    },
    {
      "type": "Feature",
      "properties": {
        "@id": "node/10951783509",
        "tourism": "attraction"
      },
      "geometry": {
        "type": "Point",
        "coordinates": [
          -10.0334817,
          29.016292
        ]
      },
      "id": "node/10951783509"
    },
    {
      "type": "Feature",
      "properties": {
        "@id": "node/10951783510",
        "name": "Porte de Guelmim",
        "tourism": "attraction"
      },
      "geometry": {
        "type": "Point",
        "coordinates": [
          -10.0337088,
          29.0163418
        ]
      },
      "id": "node/10951783510"
    },
    {
      "type": "Feature",
      "properties": {
        "@id": "node/11054818705",
        "name:en": "Lou's Rides",
        "name:fr": "Lou's Rides",
        "opening_hours": "Mo-Sa 10:00-19:00",
        "tourism": "attraction"
      },
      "geometry": {
        "type": "Point",
        "coordinates": [
          -9.7699045,
          31.511809
        ]
      },
      "id": "node/11054818705"
    },
    {
      "type": "Feature",
      "properties": {
        "@id": "node/11054818806",
        "name:en": "Lou's Rides",
        "name:fr": "Lou's Rides",
        "tourism": "attraction"
      },
      "geometry": {
        "type": "Point",
        "coordinates": [
          -9.7700006,
          31.5117732
        ]
      },
      "id": "node/11054818806"
    },
    {
      "type": "Feature",
      "properties": {
        "@id": "node/11091424606",
        "addr:housenumber": "+212 639-330030",
        "addr:postcode": "44000",
        "addr:street": "F6HP+H5 Diabat, Maroc",
        "name": "Horse Adventure Essaouira",
        "opening_hours": "Su-Sa 08:00-21:00",
        "phone": "+212 6 39 33 00 30",
        "tourism": "attraction",
        "website": "https://horseadventuremorocco.com/"
      },
      "geometry": {
        "type": "Point",
        "coordinates": [
          -9.7642691,
          31.4789057
        ]
      },
      "id": "node/11091424606"
    },
    {
      "type": "Feature",
      "properties": {
        "@id": "node/11123406105",
        "name": "عين سفيرجلة",
        "name:en": "ain safirjla",
        "tourism": "attraction"
      },
      "geometry": {
        "type": "Point",
        "coordinates": [
          -7.1629969,
          33.6582122
        ]
      },
      "id": "node/11123406105"
    },
    {
      "type": "Feature",
      "properties": {
        "@id": "node/11133957606",
        "name": "منعرجات كريفلة",
        "name:en": "Zig Zag Krefela",
        "tourism": "attraction"
      },
      "geometry": {
        "type": "Point",
        "coordinates": [
          -6.7411729,
          33.7506664
        ]
      },
      "id": "node/11133957606"
    },
    {
      "type": "Feature",
      "properties": {
        "@id": "node/11139471805",
        "name": "طريق البسابس",
        "tourism": "attraction"
      },
      "geometry": {
        "type": "Point",
        "coordinates": [
          -7.1517348,
          33.7281078
        ]
      },
      "id": "node/11139471805"
    },
    {
      "type": "Feature",
      "properties": {
        "@id": "node/11148444605",
        "name:nl": "morocco diving center",
        "tourism": "attraction"
      },
      "geometry": {
        "type": "Point",
        "coordinates": [
          -3.9141698,
          35.2202997
        ]
      },
      "id": "node/11148444605"
    },
    {
      "type": "Feature",
      "properties": {
        "@id": "node/11160196854",
        "name": "Le portail de Moulay Ismaïl",
        "tourism": "attraction"
      },
      "geometry": {
        "type": "Point",
        "coordinates": [
          -5.5638293,
          33.890669
        ]
      },
      "id": "node/11160196854"
    },
    {
      "type": "Feature",
      "properties": {
        "@id": "node/11214218426",
        "tourism": "attraction"
      },
      "geometry": {
        "type": "Point",
        "coordinates": [
          -5.5660219,
          33.8938408
        ]
      },
      "id": "node/11214218426"
    },
    {
      "type": "Feature",
      "properties": {
        "@id": "node/11214231702",
        "name": "باب سيدي عمر",
        "tourism": "attraction"
      },
      "geometry": {
        "type": "Point",
        "coordinates": [
          -5.559279,
          33.89207
        ]
      },
      "id": "node/11214231702"
    },
    {
      "type": "Feature",
      "properties": {
        "@id": "node/11214240436",
        "name": "باب منصور",
        "tourism": "attraction"
      },
      "geometry": {
        "type": "Point",
        "coordinates": [
          -5.564055,
          33.893054
        ]
      },
      "id": "node/11214240436"
    },
    {
      "type": "Feature",
      "properties": {
        "@id": "node/11214264095",
        "name": "باب الدار الكبيرة",
        "tourism": "attraction"
      },
      "geometry": {
        "type": "Point",
        "coordinates": [
          -5.561739,
          33.890919
        ]
      },
      "id": "node/11214264095"
    },
    {
      "type": "Feature",
      "properties": {
        "@id": "node/11214265787",
        "name": "باب تيزمي",
        "tourism": "attraction"
      },
      "geometry": {
        "type": "Point",
        "coordinates": [
          -5.567457,
          33.900119
        ]
      },
      "id": "node/11214265787"
    },
    {
      "type": "Feature",
      "properties": {
        "@id": "node/11214266955",
        "tourism": "attraction"
      },
      "geometry": {
        "type": "Point",
        "coordinates": [
          -5.561919,
          33.882162
        ]
      },
      "id": "node/11214266955"
    },
    {
      "type": "Feature",
      "properties": {
        "@id": "node/11214278422",
        "tourism": "attraction"
      },
      "geometry": {
        "type": "Point",
        "coordinates": [
          -5.5644495,
          33.8903499
        ]
      },
      "id": "node/11214278422"
    },
    {
      "type": "Feature",
      "properties": {
        "@id": "node/11214278540",
        "name": "باب فيلالة",
        "tourism": "attraction"
      },
      "geometry": {
        "type": "Point",
        "coordinates": [
          -5.563891,
          33.891909
        ]
      },
      "id": "node/11214278540"
    },
    {
      "type": "Feature",
      "properties": {
        "@id": "node/11214281444",
        "name": "باب عقبة زيدان",
        "tourism": "attraction"
      },
      "geometry": {
        "type": "Point",
        "coordinates": [
          -5.563411,
          33.894946
        ]
      },
      "id": "node/11214281444"
    },
    {
      "type": "Feature",
      "properties": {
        "@id": "node/11214285933",
        "name": "باب منصور لعلج",
        "tourism": "attraction"
      },
      "geometry": {
        "type": "Point",
        "coordinates": [
          -5.564664,
          33.892685
        ]
      },
      "id": "node/11214285933"
    },
    {
      "type": "Feature",
      "properties": {
        "@id": "node/11214288097",
        "name": "باب الأنوار",
        "tourism": "attraction"
      },
      "geometry": {
        "type": "Point",
        "coordinates": [
          -5.565069,
          33.892348
        ]
      },
      "id": "node/11214288097"
    },
    {
      "type": "Feature",
      "properties": {
        "@id": "node/11214289056",
        "name": "باب عيسي",
        "tourism": "attraction"
      },
      "geometry": {
        "type": "Point",
        "coordinates": [
          -5.56393,
          33.893442
        ]
      },
      "id": "node/11214289056"
    },
    {
      "type": "Feature",
      "properties": {
        "@id": "node/11214291268",
        "name": "باب مولاي إسماعيل",
        "tourism": "attraction"
      },
      "geometry": {
        "type": "Point",
        "coordinates": [
          -5.563774,
          33.890676
        ]
      },
      "id": "node/11214291268"
    },
    {
      "type": "Feature",
      "properties": {
        "@id": "node/11214291447",
        "name": "باب لالة عودة",
        "tourism": "attraction"
      },
      "geometry": {
        "type": "Point",
        "coordinates": [
          -5.563914,
          33.892908
        ]
      },
      "id": "node/11214291447"
    },
    {
      "type": "Feature",
      "properties": {
        "@id": "node/11214296458",
        "name": "باب الحجر",
        "tourism": "attraction"
      },
      "geometry": {
        "type": "Point",
        "coordinates": [
          -5.558822,
          33.892961
        ]
      },
      "id": "node/11214296458"
    },
    {
      "type": "Feature",
      "properties": {
        "@id": "node/11214298465",
        "name": "باب بردعين",
        "tourism": "attraction"
      },
      "geometry": {
        "type": "Point",
        "coordinates": [
          -5.567488,
          33.89985
        ]
      },
      "id": "node/11214298465"
    },
    {
      "type": "Feature",
      "properties": {
        "@id": "node/11214308584",
        "name": "باب الدار الكبيرة",
        "tourism": "attraction"
      },
      "geometry": {
        "type": "Point",
        "coordinates": [
          -5.55982,
          33.892356
        ]
      },
      "id": "node/11214308584"
    },
    {
      "type": "Feature",
      "properties": {
        "@id": "node/11214308601",
        "tourism": "attraction"
      },
      "geometry": {
        "type": "Point",
        "coordinates": [
          -5.553604,
          33.886029
        ]
      },
      "id": "node/11214308601"
    },
    {
      "type": "Feature",
      "properties": {
        "@id": "node/11214310039",
        "name": "باب الخميس",
        "tourism": "attraction"
      },
      "geometry": {
        "type": "Point",
        "coordinates": [
          -5.572363,
          33.891289
        ]
      },
      "id": "node/11214310039"
    },
    {
      "type": "Feature",
      "properties": {
        "@id": "node/11214310040",
        "tourism": "attraction"
      },
      "geometry": {
        "type": "Point",
        "coordinates": [
          -5.559067,
          33.868112
        ]
      },
      "id": "node/11214310040"
    },
    {
      "type": "Feature",
      "properties": {
        "@id": "node/11214310322",
        "tourism": "attraction"
      },
      "geometry": {
        "type": "Point",
        "coordinates": [
          -5.556854,
          33.880614
        ]
      },
      "id": "node/11214310322"
    },
    {
      "type": "Feature",
      "properties": {
        "@id": "node/11214317103",
        "name": "باب القصدير",
        "tourism": "attraction"
      },
      "geometry": {
        "type": "Point",
        "coordinates": [
          -5.5434753,
          33.8666574
        ]
      },
      "id": "node/11214317103"
    },
    {
      "type": "Feature",
      "properties": {
        "@id": "node/11214319131",
        "tourism": "attraction"
      },
      "geometry": {
        "type": "Point",
        "coordinates": [
          -5.5608578,
          33.8680222
        ]
      },
      "id": "node/11214319131"
    },
    {
      "type": "Feature",
      "properties": {
        "@id": "node/11214322877",
        "name": "باب سراغ",
        "tourism": "attraction"
      },
      "geometry": {
        "type": "Point",
        "coordinates": [
          -5.553264,
          33.886443
        ]
      },
      "id": "node/11214322877"
    },
    {
      "type": "Feature",
      "properties": {
        "@id": "node/11214322878",
        "name": "باب مراح",
        "name:en": "Bab er Rih",
        "tourism": "attraction"
      },
      "geometry": {
        "type": "Point",
        "coordinates": [
          -5.561752,
          33.890231
        ]
      },
      "id": "node/11214322878"
    },
    {
      "type": "Feature",
      "properties": {
        "@id": "node/11214329561",
        "name": "Bab El Bettioui",
        "tourism": "attraction"
      },
      "geometry": {
        "type": "Point",
        "coordinates": [
          -5.563449,
          33.870618
        ]
      },
      "id": "node/11214329561"
    },
    {
      "type": "Feature",
      "properties": {
        "@id": "node/11214333719",
        "tourism": "attraction"
      },
      "geometry": {
        "type": "Point",
        "coordinates": [
          -5.5443,
          33.881177
        ]
      },
      "id": "node/11214333719"
    },
    {
      "type": "Feature",
      "properties": {
        "@id": "node/11214334431",
        "tourism": "attraction"
      },
      "geometry": {
        "type": "Point",
        "coordinates": [
          -5.553974,
          33.884665
        ]
      },
      "id": "node/11214334431"
    },
    {
      "type": "Feature",
      "properties": {
        "@id": "node/11214339238",
        "name": "باب الدار الكبيرة الشمالي",
        "tourism": "attraction"
      },
      "geometry": {
        "type": "Point",
        "coordinates": [
          -5.5618238,
          33.8911743
        ]
      },
      "id": "node/11214339238"
    },
    {
      "type": "Feature",
      "properties": {
        "@id": "node/11214346821",
        "name": "باب بين القباب",
        "tourism": "attraction"
      },
      "geometry": {
        "type": "Point",
        "coordinates": [
          -5.566314,
          33.888385
        ]
      },
      "id": "node/11214346821"
    },
    {
      "type": "Feature",
      "properties": {
        "@id": "node/11216919438",
        "name": "قيسارية العطارين",
        "tourism": "attraction"
      },
      "geometry": {
        "type": "Point",
        "coordinates": [
          -7.600121,
          33.5773659
        ]
      },
      "id": "node/11216919438"
    },
    {
      "type": "Feature",
      "properties": {
        "@id": "node/11216929387",
        "name": "قيسارية السعديين",
        "tourism": "attraction"
      },
      "geometry": {
        "type": "Point",
        "coordinates": [
          -7.6000481,
          33.5772324
        ]
      },
      "id": "node/11216929387"
    },
    {
      "type": "Feature",
      "properties": {
        "@id": "node/11216998368",
        "historic": "city_gate",
        "name": "باب مراكش",
        "name:fr": "Bal El-Kebir",
        "tourism": "attraction"
      },
      "geometry": {
        "type": "Point",
        "coordinates": [
          -7.6178656,
          33.5969325
        ]
      },
      "id": "node/11216998368"
    },
    {
      "type": "Feature",
      "properties": {
        "@id": "node/11220954101",
        "name": "حديقة الجامعة العربية",
        "name:fr": "Parc de la Ligue Arabe",
        "tourism": "attraction",
        "wheelchair": "yes"
      },
      "geometry": {
        "type": "Point",
        "coordinates": [
          -7.6236247,
          33.5892018
        ]
      },
      "id": "node/11220954101"
    },
    {
      "type": "Feature",
      "properties": {
        "@id": "node/11221898139",
        "name": "Coupole Zevaco الكرة الأرضية",
        "name:ar": "الكرة الأرضية",
        "name:fr": "Coupole Zevaco",
        "tourism": "attraction"
      },
      "geometry": {
        "type": "Point",
        "coordinates": [
          -7.6176281,
          33.5964546
        ]
      },
      "id": "node/11221898139"
    },
    {
      "type": "Feature",
      "properties": {
        "@id": "node/11222366656",
        "name": "Kissariat elbaraka",
        "tourism": "attraction"
      },
      "geometry": {
        "type": "Point",
        "coordinates": [
          -7.6126819,
          33.593174
        ]
      },
      "id": "node/11222366656"
    },
    {
      "type": "Feature",
      "properties": {
        "@id": "node/11222381805",
        "name": "المركب التجاري الصفوة",
        "tourism": "attraction"
      },
      "geometry": {
        "type": "Point",
        "coordinates": [
          -7.611784,
          33.5928917
        ]
      },
      "id": "node/11222381805"
    },
    {
      "type": "Feature",
      "properties": {
        "@id": "node/11222394385",
        "name": "Kissariat Taieba",
        "tourism": "attraction"
      },
      "geometry": {
        "type": "Point",
        "coordinates": [
          -7.611392,
          33.5935745
        ]
      },
      "id": "node/11222394385"
    },
    {
      "type": "Feature",
      "properties": {
        "@id": "node/11223200647",
        "name": "برج مولاي عمر",
        "tourism": "attraction"
      },
      "geometry": {
        "type": "Point",
        "coordinates": [
          -5.5242082,
          33.9108798
        ]
      },
      "id": "node/11223200647"
    },
    {
      "type": "Feature",
      "properties": {
        "@id": "node/11238698788",
        "name": "Coco park",
        "tourism": "attraction"
      },
      "geometry": {
        "type": "Point",
        "coordinates": [
          -5.5521666,
          33.834299
        ]
      },
      "id": "node/11238698788"
    },
    {
      "type": "Feature",
      "properties": {
        "@id": "node/11240974848",
        "name": "نحث الكراب",
        "tourism": "attraction"
      },
      "geometry": {
        "type": "Point",
        "coordinates": [
          -5.5583868,
          33.8810081
        ]
      },
      "id": "node/11240974848"
    },
    {
      "type": "Feature",
      "properties": {
        "@id": "node/11277653593",
        "name": "Dunas",
        "name:fr": "Dunes",
        "name:pt": "Dunas",
        "tourism": "attraction"
      },
      "geometry": {
        "type": "Point",
        "coordinates": [
          -1.6785413,
          32.8223621
        ]
      },
      "id": "node/11277653593"
    },
    {
      "type": "Feature",
      "properties": {
        "@id": "node/11277653818",
        "name": "Dunas",
        "name:fr": "Dunes",
        "tourism": "attraction"
      },
      "geometry": {
        "type": "Point",
        "coordinates": [
          -1.7139163,
          32.7951322
        ]
      },
      "id": "node/11277653818"
    },
    {
      "type": "Feature",
      "properties": {
        "@id": "node/11277653819",
        "name": "Dunas",
        "name:fr": "Dunes",
        "tourism": "attraction"
      },
      "geometry": {
        "type": "Point",
        "coordinates": [
          -1.7258253,
          32.7917411
        ]
      },
      "id": "node/11277653819"
    },
    {
      "type": "Feature",
      "properties": {
        "@id": "node/11277653820",
        "name": "Dunas",
        "name:fr": "Dunes",
        "tourism": "attraction"
      },
      "geometry": {
        "type": "Point",
        "coordinates": [
          -1.7282072,
          32.7911819
        ]
      },
      "id": "node/11277653820"
    },
    {
      "type": "Feature",
      "properties": {
        "@id": "node/11277653821",
        "name": "Dunas",
        "name:fr": "Dunes",
        "tourism": "attraction"
      },
      "geometry": {
        "type": "Point",
        "coordinates": [
          -1.7316189,
          32.7906227
        ]
      },
      "id": "node/11277653821"
    },
    {
      "type": "Feature",
      "properties": {
        "@id": "node/11277653822",
        "name": "Dunas",
        "name:fr": "Dunes",
        "tourism": "attraction"
      },
      "geometry": {
        "type": "Point",
        "coordinates": [
          -1.7283359,
          32.7894141
        ]
      },
      "id": "node/11277653822"
    },
    {
      "type": "Feature",
      "properties": {
        "@id": "node/11277653823",
        "name": "Dunas",
        "name:fr": "Dunes",
        "tourism": "attraction"
      },
      "geometry": {
        "type": "Point",
        "coordinates": [
          -1.7352238,
          32.7968277
        ]
      },
      "id": "node/11277653823"
    },
    {
      "type": "Feature",
      "properties": {
        "@id": "node/11277653824",
        "name": "Dunas",
        "name:fr": "Dunes",
        "tourism": "attraction"
      },
      "geometry": {
        "type": "Point",
        "coordinates": [
          -1.748828,
          32.7884581
        ]
      },
      "id": "node/11277653824"
    },
    {
      "type": "Feature",
      "properties": {
        "@id": "node/11277653825",
        "name": "Dunas",
        "name:fr": "Dunes",
        "tourism": "attraction"
      },
      "geometry": {
        "type": "Point",
        "coordinates": [
          -1.7473903,
          32.7887647
        ]
      },
      "id": "node/11277653825"
    },
    {
      "type": "Feature",
      "properties": {
        "@id": "node/11277653826",
        "name": "Dunas",
        "name:fr": "Dunes",
        "tourism": "attraction"
      },
      "geometry": {
        "type": "Point",
        "coordinates": [
          -1.7469397,
          32.7862392
        ]
      },
      "id": "node/11277653826"
    },
    {
      "type": "Feature",
      "properties": {
        "@id": "node/11277653827",
        "name": "Dunas",
        "name:fr": "Dunes",
        "tourism": "attraction"
      },
      "geometry": {
        "type": "Point",
        "coordinates": [
          -1.7434421,
          32.7853373
        ]
      },
      "id": "node/11277653827"
    },
    {
      "type": "Feature",
      "properties": {
        "@id": "node/11277653828",
        "name": "Dunas",
        "name:fr": "Dunes",
        "tourism": "attraction"
      },
      "geometry": {
        "type": "Point",
        "coordinates": [
          -1.7391506,
          32.7883859
        ]
      },
      "id": "node/11277653828"
    },
    {
      "type": "Feature",
      "properties": {
        "@id": "node/11277653829",
        "name": "Dunas",
        "name:fr": "Dunes",
        "tourism": "attraction"
      },
      "geometry": {
        "type": "Point",
        "coordinates": [
          -1.7619815,
          32.7899012
        ]
      },
      "id": "node/11277653829"
    },
    {
      "type": "Feature",
      "properties": {
        "@id": "node/11277653830",
        "name": "Dunas",
        "name:fr": "Dunes",
        "tourism": "attraction"
      },
      "geometry": {
        "type": "Point",
        "coordinates": [
          -1.7631402,
          32.7873757
        ]
      },
      "id": "node/11277653830"
    },
    {
      "type": "Feature",
      "properties": {
        "@id": "node/11277653831",
        "name": "Dunas",
        "name:fr": "Dunes",
        "tourism": "attraction"
      },
      "geometry": {
        "type": "Point",
        "coordinates": [
          -1.7622819,
          32.7846157
        ]
      },
      "id": "node/11277653831"
    },
    {
      "type": "Feature",
      "properties": {
        "@id": "node/11277653832",
        "name": "Dunas",
        "name:fr": "Dunes",
        "tourism": "attraction"
      },
      "geometry": {
        "type": "Point",
        "coordinates": [
          -1.7649856,
          32.7819638
        ]
      },
      "id": "node/11277653832"
    },
    {
      "type": "Feature",
      "properties": {
        "@id": "node/11277653833",
        "name": "Dunas",
        "name:fr": "Dunes",
        "tourism": "attraction"
      },
      "geometry": {
        "type": "Point",
        "coordinates": [
          -1.7580333,
          32.7823246
        ]
      },
      "id": "node/11277653833"
    },
    {
      "type": "Feature",
      "properties": {
        "@id": "node/11277653834",
        "name": "Dunas",
        "name:fr": "Dunes",
        "tourism": "attraction"
      },
      "geometry": {
        "type": "Point",
        "coordinates": [
          -1.7537847,
          32.7843812
        ]
      },
      "id": "node/11277653834"
    },
    {
      "type": "Feature",
      "properties": {
        "@id": "node/11277653835",
        "name": "Dunas",
        "name:fr": "Dunes",
        "tourism": "attraction"
      },
      "geometry": {
        "type": "Point",
        "coordinates": [
          -1.7572823,
          32.7878628
        ]
      },
      "id": "node/11277653835"
    },
    {
      "type": "Feature",
      "properties": {
        "@id": "node/11277653836",
        "name": "Dunas",
        "name:fr": "Dunes",
        "tourism": "attraction"
      },
      "geometry": {
        "type": "Point",
        "coordinates": [
          -1.7747274,
          32.7874479
        ]
      },
      "id": "node/11277653836"
    },
    {
      "type": "Feature",
      "properties": {
        "@id": "node/11277653837",
        "name": "Dunas",
        "name:fr": "Dunes",
        "tourism": "attraction"
      },
      "geometry": {
        "type": "Point",
        "coordinates": [
          -1.7783752,
          32.7870871
        ]
      },
      "id": "node/11277653837"
    },
    {
      "type": "Feature",
      "properties": {
        "@id": "node/11277653838",
        "name": "Dunas",
        "name:fr": "Dunes",
        "tourism": "attraction"
      },
      "geometry": {
        "type": "Point",
        "coordinates": [
          -1.788353,
          32.7983248
        ]
      },
      "id": "node/11277653838"
    },
    {
      "type": "Feature",
      "properties": {
        "@id": "node/11277653839",
        "name": "Dunas",
        "name:fr": "Dunes",
        "tourism": "attraction"
      },
      "geometry": {
        "type": "Point",
        "coordinates": [
          -1.787838,
          32.7954388
        ]
      },
      "id": "node/11277653839"
    },
    {
      "type": "Feature",
      "properties": {
        "@id": "node/11277653840",
        "name": "Dunas",
        "name:fr": "Dunes",
        "tourism": "attraction"
      },
      "geometry": {
        "type": "Point",
        "coordinates": [
          -1.7837396,
          32.798433
        ]
      },
      "id": "node/11277653840"
    },
    {
      "type": "Feature",
      "properties": {
        "@id": "node/11277653841",
        "name": "Dunas",
        "name:fr": "Dunes",
        "tourism": "attraction"
      },
      "geometry": {
        "type": "Point",
        "coordinates": [
          -1.7831817,
          32.7949699
        ]
      },
      "id": "node/11277653841"
    },
    {
      "type": "Feature",
      "properties": {
        "@id": "node/11277653842",
        "name": "Dunas",
        "name:fr": "Dunes",
        "tourism": "attraction"
      },
      "geometry": {
        "type": "Point",
        "coordinates": [
          -1.7847481,
          32.7918132
        ]
      },
      "id": "node/11277653842"
    },
    {
      "type": "Feature",
      "properties": {
        "@id": "node/11277653843",
        "name": "Dunas",
        "name:fr": "Dunes",
        "tourism": "attraction"
      },
      "geometry": {
        "type": "Point",
        "coordinates": [
          -1.7916146,
          32.7939237
        ]
      },
      "id": "node/11277653843"
    },
    {
      "type": "Feature",
      "properties": {
        "@id": "node/11277653844",
        "name": "Dunas",
        "name:fr": "Dunes",
        "tourism": "attraction"
      },
      "geometry": {
        "type": "Point",
        "coordinates": [
          -1.7927089,
          32.7913442
        ]
      },
      "id": "node/11277653844"
    },
    {
      "type": "Feature",
      "properties": {
        "@id": "node/11277653845",
        "name": "Dunas",
        "name:fr": "Dunes",
        "tourism": "attraction"
      },
      "geometry": {
        "type": "Point",
        "coordinates": [
          -1.7918935,
          32.787069
        ]
      },
      "id": "node/11277653845"
    },
    {
      "type": "Feature",
      "properties": {
        "@id": "node/11285937565",
        "name": "Berbere Self Shop",
        "tourism": "attraction"
      },
      "geometry": {
        "type": "Point",
        "coordinates": [
          -3.7813711,
          31.7454486
        ]
      },
      "id": "node/11285937565"
    },
    {
      "type": "Feature",
      "properties": {
        "@id": "node/11285979328",
        "name": "Dunas",
        "name:fr": "Dunes",
        "tourism": "attraction"
      },
      "geometry": {
        "type": "Point",
        "coordinates": [
          -3.8852725,
          31.7278296
        ]
      },
      "id": "node/11285979328"
    },
    {
      "type": "Feature",
      "properties": {
        "@id": "node/11285979329",
        "name": "Dunas",
        "name:fr": "Dunes",
        "tourism": "attraction"
      },
      "geometry": {
        "type": "Point",
        "coordinates": [
          -3.8816298,
          31.7272486
        ]
      },
      "id": "node/11285979329"
    },
    {
      "type": "Feature",
      "properties": {
        "@id": "node/11285979330",
        "name": "Dunas",
        "name:fr": "Dunes",
        "tourism": "attraction"
      },
      "geometry": {
        "type": "Point",
        "coordinates": [
          -3.8790604,
          31.7258101
        ]
      },
      "id": "node/11285979330"
    },
    {
      "type": "Feature",
      "properties": {
        "@id": "node/11285979331",
        "name": "Dunas",
        "name:fr": "Dunes",
        "tourism": "attraction"
      },
      "geometry": {
        "type": "Point",
        "coordinates": [
          -3.8823616,
          31.7245238
        ]
      },
      "id": "node/11285979331"
    },
    {
      "type": "Feature",
      "properties": {
        "@id": "node/11285979332",
        "name": "Dunas",
        "name:fr": "Dunes",
        "tourism": "attraction"
      },
      "geometry": {
        "type": "Point",
        "coordinates": [
          -3.8919073,
          31.7179118
        ]
      },
      "id": "node/11285979332"
    },
    {
      "type": "Feature",
      "properties": {
        "@id": "node/11285979333",
        "name": "Dunas",
        "name:fr": "Dunes",
        "tourism": "attraction"
      },
      "geometry": {
        "type": "Point",
        "coordinates": [
          -3.889468,
          31.7178841
        ]
      },
      "id": "node/11285979333"
    },
    {
      "type": "Feature",
      "properties": {
        "@id": "node/11285979334",
        "name": "Dunas",
        "name:fr": "Dunes",
        "tourism": "attraction"
      },
      "geometry": {
        "type": "Point",
        "coordinates": [
          -3.9096978,
          31.7253952
        ]
      },
      "id": "node/11285979334"
    },
    {
      "type": "Feature",
      "properties": {
        "@id": "node/11285979335",
        "name": "Dunas",
        "name:fr": "Dunes",
        "tourism": "attraction"
      },
      "geometry": {
        "type": "Point",
        "coordinates": [
          -3.8991601,
          31.7278987
        ]
      },
      "id": "node/11285979335"
    },
    {
      "type": "Feature",
      "properties": {
        "@id": "node/11285979336",
        "name": "Dunas",
        "name:fr": "Dunes",
        "tourism": "attraction"
      },
      "geometry": {
        "type": "Point",
        "coordinates": [
          -3.894623,
          31.7304299
        ]
      },
      "id": "node/11285979336"
    },
    {
      "type": "Feature",
      "properties": {
        "@id": "node/11285979337",
        "name": "Dunas",
        "name:fr": "Dunes",
        "tourism": "attraction"
      },
      "geometry": {
        "type": "Point",
        "coordinates": [
          -3.8938099,
          31.7391985
        ]
      },
      "id": "node/11285979337"
    },
    {
      "type": "Feature",
      "properties": {
        "@id": "node/11285979338",
        "name": "Dunas",
        "name:fr": "Dunes",
        "tourism": "attraction"
      },
      "geometry": {
        "type": "Point",
        "coordinates": [
          -3.8957451,
          31.7447165
        ]
      },
      "id": "node/11285979338"
    },
    {
      "type": "Feature",
      "properties": {
        "@id": "node/11285979339",
        "name": "Dunas",
        "name:fr": "Dunes",
        "tourism": "attraction"
      },
      "geometry": {
        "type": "Point",
        "coordinates": [
          -3.9145601,
          31.7426144
        ]
      },
      "id": "node/11285979339"
    },
    {
      "type": "Feature",
      "properties": {
        "@id": "node/11285979340",
        "name": "Dunas",
        "name:fr": "Dunes",
        "tourism": "attraction"
      },
      "geometry": {
        "type": "Point",
        "coordinates": [
          -3.9140885,
          31.7386453
        ]
      },
      "id": "node/11285979340"
    },
    {
      "type": "Feature",
      "properties": {
        "@id": "node/11285979341",
        "name": "Dunas",
        "name:fr": "Dunes",
        "tourism": "attraction"
      },
      "geometry": {
        "type": "Point",
        "coordinates": [
          -3.9124623,
          31.7328365
        ]
      },
      "id": "node/11285979341"
    },
    {
      "type": "Feature",
      "properties": {
        "@id": "node/11285979350",
        "name": "Dunas",
        "name:fr": "Dunes",
        "tourism": "attraction"
      },
      "geometry": {
        "type": "Point",
        "coordinates": [
          -3.91952,
          31.7356441
        ]
      },
      "id": "node/11285979350"
    },
    {
      "type": "Feature",
      "properties": {
        "@id": "node/11285979351",
        "name": "Dunas",
        "name:fr": "Dunes",
        "tourism": "attraction"
      },
      "geometry": {
        "type": "Point",
        "coordinates": [
          -3.917227,
          31.7330993
        ]
      },
      "id": "node/11285979351"
    },
    {
      "type": "Feature",
      "properties": {
        "@id": "node/11285979352",
        "name": "Dunas",
        "name:fr": "Dunes",
        "tourism": "attraction"
      },
      "geometry": {
        "type": "Point",
        "coordinates": [
          -3.9132266,
          31.7217296
        ]
      },
      "id": "node/11285979352"
    },
    {
      "type": "Feature",
      "properties": {
        "@id": "node/11285979353",
        "name": "Dunas",
        "name:fr": "Dunes",
        "tourism": "attraction"
      },
      "geometry": {
        "type": "Point",
        "coordinates": [
          -3.9128851,
          31.7160028
        ]
      },
      "id": "node/11285979353"
    },
    {
      "type": "Feature",
      "properties": {
        "@id": "node/11285979354",
        "name": "Dunas",
        "name:fr": "Dunes",
        "tourism": "attraction"
      },
      "geometry": {
        "type": "Point",
        "coordinates": [
          -3.9138608,
          31.7133329
        ]
      },
      "id": "node/11285979354"
    },
    {
      "type": "Feature",
      "properties": {
        "@id": "node/11285979355",
        "name": "Dunas",
        "name:fr": "Dunes",
        "tourism": "attraction"
      },
      "geometry": {
        "type": "Point",
        "coordinates": [
          -3.9154545,
          31.7119633
        ]
      },
      "id": "node/11285979355"
    },
    {
      "type": "Feature",
      "properties": {
        "@id": "node/11285979356",
        "name": "Dunas",
        "name:fr": "Dunes",
        "tourism": "attraction"
      },
      "geometry": {
        "type": "Point",
        "coordinates": [
          -3.9163326,
          31.7139001
        ]
      },
      "id": "node/11285979356"
    },
    {
      "type": "Feature",
      "properties": {
        "@id": "node/11285979357",
        "name": "Dunas",
        "name:fr": "Dunes",
        "tourism": "attraction"
      },
      "geometry": {
        "type": "Point",
        "coordinates": [
          -3.9166579,
          31.7108013
        ]
      },
      "id": "node/11285979357"
    },
    {
      "type": "Feature",
      "properties": {
        "@id": "node/11285979358",
        "name": "Dunas",
        "name:fr": "Dunes",
        "tourism": "attraction"
      },
      "geometry": {
        "type": "Point",
        "coordinates": [
          -3.9223333,
          31.7090858
        ]
      },
      "id": "node/11285979358"
    },
    {
      "type": "Feature",
      "properties": {
        "@id": "node/11285979359",
        "name": "Dunas",
        "name:fr": "Dunes",
        "tourism": "attraction"
      },
      "geometry": {
        "type": "Point",
        "coordinates": [
          -3.9192435,
          31.7084633
        ]
      },
      "id": "node/11285979359"
    },
    {
      "type": "Feature",
      "properties": {
        "@id": "node/11285979360",
        "name": "Dunas",
        "name:fr": "Dunes",
        "tourism": "attraction"
      },
      "geometry": {
        "type": "Point",
        "coordinates": [
          -3.9077464,
          31.7163348
        ]
      },
      "id": "node/11285979360"
    },
    {
      "type": "Feature",
      "properties": {
        "@id": "node/11285979361",
        "name": "Dunas",
        "name:fr": "Dunes",
        "tourism": "attraction"
      },
      "geometry": {
        "type": "Point",
        "coordinates": [
          -3.8968509,
          31.7217573
        ]
      },
      "id": "node/11285979361"
    },
    {
      "type": "Feature",
      "properties": {
        "@id": "node/11285979362",
        "name": "Dunas",
        "name:fr": "Dunes",
        "tourism": "attraction"
      },
      "geometry": {
        "type": "Point",
        "coordinates": [
          -3.8915495,
          31.7237353
        ]
      },
      "id": "node/11285979362"
    },
    {
      "type": "Feature",
      "properties": {
        "@id": "node/11285979363",
        "name": "Dunas",
        "name:fr": "Dunes",
        "tourism": "attraction"
      },
      "geometry": {
        "type": "Point",
        "coordinates": [
          -3.8881671,
          31.7256027
        ]
      },
      "id": "node/11285979363"
    },
    {
      "type": "Feature",
      "properties": {
        "@id": "node/11285979364",
        "name": "Dunas",
        "name:fr": "Dunes",
        "tourism": "attraction"
      },
      "geometry": {
        "type": "Point",
        "coordinates": [
          -3.8702302,
          31.7071628
        ]
      },
      "id": "node/11285979364"
    },
    {
      "type": "Feature",
      "properties": {
        "@id": "node/11285979365",
        "name": "Dunas",
        "name:fr": "Dunes",
        "tourism": "attraction"
      },
      "geometry": {
        "type": "Point",
        "coordinates": [
          -3.869222,
          31.7093625
        ]
      },
      "id": "node/11285979365"
    },
    {
      "type": "Feature",
      "properties": {
        "@id": "node/11285979366",
        "name": "Dunas",
        "name:fr": "Dunes",
        "tourism": "attraction"
      },
      "geometry": {
        "type": "Point",
        "coordinates": [
          -3.8658233,
          31.7095285
        ]
      },
      "id": "node/11285979366"
    },
    {
      "type": "Feature",
      "properties": {
        "@id": "node/11285989087",
        "name": "Dunas",
        "name:fr": "Dunes",
        "tourism": "attraction"
      },
      "geometry": {
        "type": "Point",
        "coordinates": [
          -3.8749624,
          31.6952919
        ]
      },
      "id": "node/11285989087"
    },
    {
      "type": "Feature",
      "properties": {
        "@id": "node/11285989088",
        "name": "Dunas",
        "name:fr": "Dunes",
        "tourism": "attraction"
      },
      "geometry": {
        "type": "Point",
        "coordinates": [
          -3.8732875,
          31.6916805
        ]
      },
      "id": "node/11285989088"
    },
    {
      "type": "Feature",
      "properties": {
        "@id": "node/11285991975",
        "name": "Dunas",
        "name:fr": "Dunes",
        "tourism": "attraction"
      },
      "geometry": {
        "type": "Point",
        "coordinates": [
          -3.9055753,
          31.6916324
        ]
      },
      "id": "node/11285991975"
    },
    {
      "type": "Feature",
      "properties": {
        "@id": "node/11285991976",
        "name": "Dunas",
        "name:fr": "Dunes",
        "tourism": "attraction"
      },
      "geometry": {
        "type": "Point",
        "coordinates": [
          -3.8933873,
          31.6897153
        ]
      },
      "id": "node/11285991976"
    },
    {
      "type": "Feature",
      "properties": {
        "@id": "node/11286840912",
        "name": "Dunas",
        "name:fr": "Dunes",
        "tourism": "attraction"
      },
      "geometry": {
        "type": "Point",
        "coordinates": [
          -3.8803448,
          31.7368626
        ]
      },
      "id": "node/11286840912"
    },
    {
      "type": "Feature",
      "properties": {
        "@id": "node/11286840913",
        "name": "Dunas",
        "name:fr": "Dunes",
        "tourism": "attraction"
      },
      "geometry": {
        "type": "Point",
        "coordinates": [
          -3.8788321,
          31.7375287
        ]
      },
      "id": "node/11286840913"
    },
    {
      "type": "Feature",
      "properties": {
        "@id": "node/11286840914",
        "name": "Dunas",
        "name:fr": "Dunes",
        "tourism": "attraction"
      },
      "geometry": {
        "type": "Point",
        "coordinates": [
          -3.8727703,
          31.7386054
        ]
      },
      "id": "node/11286840914"
    },
    {
      "type": "Feature",
      "properties": {
        "@id": "node/11286840915",
        "name": "Dunas",
        "name:fr": "Dunes",
        "tourism": "attraction"
      },
      "geometry": {
        "type": "Point",
        "coordinates": [
          -3.870603,
          31.7372367
        ]
      },
      "id": "node/11286840915"
    },
    {
      "type": "Feature",
      "properties": {
        "@id": "node/11286840916",
        "name": "Dunas",
        "name:fr": "Dunes",
        "tourism": "attraction"
      },
      "geometry": {
        "type": "Point",
        "coordinates": [
          -3.875549,
          31.7386419
        ]
      },
      "id": "node/11286840916"
    },
    {
      "type": "Feature",
      "properties": {
        "@id": "node/11286840917",
        "name": "Dunas",
        "name:fr": "Dunes",
        "tourism": "attraction"
      },
      "geometry": {
        "type": "Point",
        "coordinates": [
          -3.8750233,
          31.7353753
        ]
      },
      "id": "node/11286840917"
    },
    {
      "type": "Feature",
      "properties": {
        "@id": "node/11286840918",
        "name": "Dunas",
        "name:fr": "Dunes",
        "tourism": "attraction"
      },
      "geometry": {
        "type": "Point",
        "coordinates": [
          -3.8744869,
          31.7323185
        ]
      },
      "id": "node/11286840918"
    },
    {
      "type": "Feature",
      "properties": {
        "@id": "node/11286840919",
        "name": "Dunas",
        "name:fr": "Dunes",
        "tourism": "attraction"
      },
      "geometry": {
        "type": "Point",
        "coordinates": [
          -3.8782385,
          31.7281007
        ]
      },
      "id": "node/11286840919"
    },
    {
      "type": "Feature",
      "properties": {
        "@id": "node/11286840920",
        "name": "Dunas",
        "name:fr": "Dunes",
        "tourism": "attraction"
      },
      "geometry": {
        "type": "Point",
        "coordinates": [
          -3.8666866,
          31.7273542
        ]
      },
      "id": "node/11286840920"
    },
    {
      "type": "Feature",
      "properties": {
        "@id": "node/11286840921",
        "name": "Dunas",
        "name:fr": "Dunes",
        "tourism": "attraction"
      },
      "geometry": {
        "type": "Point",
        "coordinates": [
          -3.8693763,
          31.7262584
        ]
      },
      "id": "node/11286840921"
    },
    {
      "type": "Feature",
      "properties": {
        "@id": "node/11286840922",
        "name": "Dunas",
        "name:fr": "Dunes",
        "tourism": "attraction"
      },
      "geometry": {
        "type": "Point",
        "coordinates": [
          -3.8740905,
          31.726126
        ]
      },
      "id": "node/11286840922"
    },
    {
      "type": "Feature",
      "properties": {
        "@id": "node/11286840944",
        "name": "Dunas",
        "name:fr": "Dunes",
        "tourism": "attraction"
      },
      "geometry": {
        "type": "Point",
        "coordinates": [
          -3.8756195,
          31.7342535
        ]
      },
      "id": "node/11286840944"
    },
    {
      "type": "Feature",
      "properties": {
        "@id": "node/11286840945",
        "name": "Dunas",
        "name:fr": "Dunes",
        "tourism": "attraction"
      },
      "geometry": {
        "type": "Point",
        "coordinates": [
          -3.8754779,
          31.7333626
        ]
      },
      "id": "node/11286840945"
    },
    {
      "type": "Feature",
      "properties": {
        "@id": "node/11288583943",
        "name": "Sand River Crossing",
        "tourism": "attraction"
      },
      "geometry": {
        "type": "Point",
        "coordinates": [
          -4.1453367,
          30.7936848
        ]
      },
      "id": "node/11288583943"
    },
    {
      "type": "Feature",
      "properties": {
        "@id": "node/11291276255",
        "name": "Ain Zarqa",
        "name:ar": "العين الزرقاء",
        "tourism": "attraction"
      },
      "geometry": {
        "type": "Point",
        "coordinates": [
          -5.3412095,
          35.520034
        ]
      },
      "id": "node/11291276255"
    },
    {
      "type": "Feature",
      "properties": {
        "@id": "node/11333458869",
        "name:en": "Local market place",
        "tourism": "attraction"
      },
      "geometry": {
        "type": "Point",
        "coordinates": [
          -7.6215186,
          33.5983158
        ]
      },
      "id": "node/11333458869"
    },
    {
      "type": "Feature",
      "properties": {
        "@id": "node/11392513972",
        "tourism": "attraction"
      },
      "geometry": {
        "type": "Point",
        "coordinates": [
          -9.3563331,
          29.8000814
        ]
      },
      "id": "node/11392513972"
    },
    {
      "type": "Feature",
      "properties": {
        "@id": "node/11403864569",
        "name:de": "Nachtmarkt",
        "name:en": "Night market",
        "tourism": "attraction"
      },
      "geometry": {
        "type": "Point",
        "coordinates": [
          -9.551043,
          30.4064173
        ]
      },
      "id": "node/11403864569"
    },
    {
      "type": "Feature",
      "properties": {
        "@id": "node/11404719570",
        "name:en": "small dune",
        "tourism": "attraction"
      },
      "geometry": {
        "type": "Point",
        "coordinates": [
          -9.7692838,
          31.489218
        ]
      },
      "id": "node/11404719570"
    },
    {
      "type": "Feature",
      "properties": {
        "@id": "node/11425552169",
        "name": "WeCasablanca Sign",
        "tourism": "attraction"
      },
      "geometry": {
        "type": "Point",
        "coordinates": [
          -7.6182757,
          33.5916488
        ]
      },
      "id": "node/11425552169"
    },
    {
      "type": "Feature",
      "properties": {
        "@id": "node/11434425094",
        "name": "Kissariat Akrim",
        "tourism": "attraction"
      },
      "geometry": {
        "type": "Point",
        "coordinates": [
          -7.598187,
          33.5745621
        ]
      },
      "id": "node/11434425094"
    },
    {
      "type": "Feature",
      "properties": {
        "@id": "node/11434464556",
        "name": "قيسارية السعيدي",
        "tourism": "attraction"
      },
      "geometry": {
        "type": "Point",
        "coordinates": [
          -7.6000619,
          33.5769386
        ]
      },
      "id": "node/11434464556"
    },
    {
      "type": "Feature",
      "properties": {
        "@id": "node/11434486638",
        "name": "Kissariat Al Andalous",
        "tourism": "attraction"
      },
      "geometry": {
        "type": "Point",
        "coordinates": [
          -7.5988131,
          33.5730629
        ]
      },
      "id": "node/11434486638"
    },
    {
      "type": "Feature",
      "properties": {
        "@id": "node/11434496851",
        "name": "Centre Commercial Mediouna",
        "tourism": "attraction"
      },
      "geometry": {
        "type": "Point",
        "coordinates": [
          -7.5979381,
          33.572937
        ]
      },
      "id": "node/11434496851"
    },
    {
      "type": "Feature",
      "properties": {
        "@id": "node/11434501552",
        "name": "قيسارية أخماسي",
        "tourism": "attraction"
      },
      "geometry": {
        "type": "Point",
        "coordinates": [
          -7.5978122,
          33.5726852
        ]
      },
      "id": "node/11434501552"
    },
    {
      "type": "Feature",
      "properties": {
        "@id": "node/11434502224",
        "name": "Kissariat Lahlou",
        "tourism": "attraction"
      },
      "geometry": {
        "type": "Point",
        "coordinates": [
          -7.598187,
          33.5731888
        ]
      },
      "id": "node/11434502224"
    },
    {
      "type": "Feature",
      "properties": {
        "@id": "node/11434503920",
        "name": "Kissariat Ben Slimane",
        "tourism": "attraction"
      },
      "geometry": {
        "type": "Point",
        "coordinates": [
          -7.5991869,
          33.5740623
        ]
      },
      "id": "node/11434503920"
    },
    {
      "type": "Feature",
      "properties": {
        "@id": "node/11434503933",
        "name": "Derb Sultan Gallery",
        "tourism": "attraction"
      },
      "geometry": {
        "type": "Point",
        "coordinates": [
          -7.5993118,
          33.5754395
        ]
      },
      "id": "node/11434503933"
    },
    {
      "type": "Feature",
      "properties": {
        "@id": "node/11434506630",
        "name": "Kissariat Aziza",
        "tourism": "attraction"
      },
      "geometry": {
        "type": "Point",
        "coordinates": [
          -7.5983129,
          33.5736885
        ]
      },
      "id": "node/11434506630"
    },
    {
      "type": "Feature",
      "properties": {
        "@id": "node/11434507399",
        "name": "قيسارية الشاوية",
        "tourism": "attraction"
      },
      "geometry": {
        "type": "Point",
        "coordinates": [
          -7.5995622,
          33.5774384
        ]
      },
      "id": "node/11434507399"
    },
    {
      "type": "Feature",
      "properties": {
        "@id": "node/11434513776",
        "name": "سوق البيض بالجملة",
        "tourism": "attraction"
      },
      "geometry": {
        "type": "Point",
        "coordinates": [
          -7.6032429,
          33.5835648
        ]
      },
      "id": "node/11434513776"
    },
    {
      "type": "Feature",
      "properties": {
        "@id": "node/11434515998",
        "name": "قيسارية الأمراء",
        "tourism": "attraction"
      },
      "geometry": {
        "type": "Point",
        "coordinates": [
          -7.6000619,
          33.5784378
        ]
      },
      "id": "node/11434515998"
    },
    {
      "type": "Feature",
      "properties": {
        "@id": "node/11434516530",
        "name": "Kissariat El Fath",
        "tourism": "attraction"
      },
      "geometry": {
        "type": "Point",
        "coordinates": [
          -7.5985632,
          33.5778122
        ]
      },
      "id": "node/11434516530"
    },
    {
      "type": "Feature",
      "properties": {
        "@id": "node/11434516941",
        "name": "قيسارية عزيزة",
        "tourism": "attraction"
      },
      "geometry": {
        "type": "Point",
        "coordinates": [
          -7.5993118,
          33.5758133
        ]
      },
      "id": "node/11434516941"
    },
    {
      "type": "Feature",
      "properties": {
        "@id": "node/11434522515",
        "name": "Kissariat Achamal",
        "tourism": "attraction"
      },
      "geometry": {
        "type": "Point",
        "coordinates": [
          -7.5990629,
          33.5786858
        ]
      },
      "id": "node/11434522515"
    },
    {
      "type": "Feature",
      "properties": {
        "@id": "node/11435126028",
        "name": "Caesarea 15 Ramadan",
        "tourism": "attraction"
      },
      "geometry": {
        "type": "Point",
        "coordinates": [
          -7.6091881,
          33.5876884
        ]
      },
      "id": "node/11435126028"
    },
    {
      "type": "Feature",
      "properties": {
        "@id": "node/11435135054",
        "name": "Kissariat El Haffari",
        "tourism": "attraction"
      },
      "geometry": {
        "type": "Point",
        "coordinates": [
          -7.601562,
          33.5731888
        ]
      },
      "id": "node/11435135054"
    },
    {
      "type": "Feature",
      "properties": {
        "@id": "node/11435137199",
        "name": "مجموعة شيك فولار",
        "tourism": "attraction"
      },
      "geometry": {
        "type": "Point",
        "coordinates": [
          -7.6015,
          33.5753975
        ]
      },
      "id": "node/11435137199"
    },
    {
      "type": "Feature",
      "properties": {
        "@id": "node/11435151069",
        "name": "مركز سوق الحبوس",
        "tourism": "attraction"
      },
      "geometry": {
        "type": "Point",
        "coordinates": [
          -7.6045632,
          33.5778122
        ]
      },
      "id": "node/11435151069"
    },
    {
      "type": "Feature",
      "properties": {
        "@id": "node/11435154253",
        "name": "قيسارية البيضاء 2",
        "tourism": "attraction"
      },
      "geometry": {
        "type": "Point",
        "coordinates": [
          -7.606688,
          33.5854378
        ]
      },
      "id": "node/11435154253"
    },
    {
      "type": "Feature",
      "properties": {
        "@id": "node/11435157298",
        "name": "derb kabir",
        "tourism": "attraction"
      },
      "geometry": {
        "type": "Point",
        "coordinates": [
          -7.5958128,
          33.5734367
        ]
      },
      "id": "node/11435157298"
    },
    {
      "type": "Feature",
      "properties": {
        "@id": "node/11435180693",
        "name": "قيسارية الزاس",
        "tourism": "attraction"
      },
      "geometry": {
        "type": "Point",
        "coordinates": [
          -7.6083131,
          33.5865631
        ]
      },
      "id": "node/11435180693"
    },
    {
      "type": "Feature",
      "properties": {
        "@id": "node/11435273989",
        "name": "برج الياقوت",
        "tourism": "attraction"
      },
      "geometry": {
        "type": "Point",
        "coordinates": [
          -7.6101871,
          33.5890617
        ]
      },
      "id": "node/11435273989"
    },
    {
      "type": "Feature",
      "properties": {
        "@id": "node/11435294450",
        "name": "غرفة التجارة الصناعية و الخدمات",
        "tourism": "attraction"
      },
      "geometry": {
        "type": "Point",
        "coordinates": [
          -7.613688,
          33.5948143
        ]
      },
      "id": "node/11435294450"
    },
    {
      "type": "Feature",
      "properties": {
        "@id": "node/11449772869",
        "tourism": "attraction"
      },
      "geometry": {
        "type": "Point",
        "coordinates": [
          -7.5245536,
          33.4592766
        ]
      },
      "id": "node/11449772869"
    },
    {
      "type": "Feature",
      "properties": {
        "@id": "node/11455545469",
        "tourism": "attraction"
      },
      "geometry": {
        "type": "Point",
        "coordinates": [
          -7.5255678,
          33.4220954
        ]
      },
      "id": "node/11455545469"
    },
    {
      "type": "Feature",
      "properties": {
        "@id": "node/11510733370",
        "name": "Monkeys",
        "tourism": "attraction"
      },
      "geometry": {
        "type": "Point",
        "coordinates": [
          -5.1799661,
          33.4146601
        ]
      },
      "id": "node/11510733370"
    },
    {
      "type": "Feature",
      "properties": {
        "@id": "node/11522831758",
        "name": "رمزي سطور",
        "name:ar": "رمزي سطور",
        "name:en": "Ramzy Store",
        "tourism": "attraction"
      },
      "geometry": {
        "type": "Point",
        "coordinates": [
          -7.5096502,
          33.6059074
        ]
      },
      "id": "node/11522831758"
    },
    {
      "type": "Feature",
      "properties": {
        "@id": "node/11551807999",
        "name": "Cirque de Jaafar",
        "tourism": "attraction"
      },
      "geometry": {
        "type": "Point",
        "coordinates": [
          -4.9215147,
          32.5458264
        ]
      },
      "id": "node/11551807999"
    },
    {
      "type": "Feature",
      "properties": {
        "@id": "node/11669641720",
        "name": "Pass du Cobra",
        "tourism": "attraction"
      },
      "geometry": {
        "type": "Point",
        "coordinates": [
          -6.8470167,
          29.9089421
        ]
      },
      "id": "node/11669641720"
    },
    {
      "type": "Feature",
      "properties": {
        "@id": "node/11741666063",
        "name": "Passage Amazigh",
        "tourism": "attraction"
      },
      "geometry": {
        "type": "Point",
        "coordinates": [
          -6.0712129,
          31.7782435
        ]
      },
      "id": "node/11741666063"
    },
    {
      "type": "Feature",
      "properties": {
        "@id": "node/11890699638",
        "name": "Rond Point Le ballon de foot",
        "tourism": "attraction"
      },
      "geometry": {
        "type": "Point",
        "coordinates": [
          -4.9739137,
          34.0027328
        ]
      },
      "id": "node/11890699638"
    },
    {
      "type": "Feature",
      "properties": {
        "@id": "node/11917454570",
        "name": "Ait Ben Hmad Igherm",
        "tourism": "attraction"
      },
      "geometry": {
        "type": "Point",
        "coordinates": [
          -6.1105463,
          31.8462044
        ]
      },
      "id": "node/11917454570"
    },
    {
      "type": "Feature",
      "properties": {
        "@id": "node/11922025771",
        "name:en": "Shortcut to Tinerhourhine",
        "tourism": "attraction"
      },
      "geometry": {
        "type": "Point",
        "coordinates": [
          -7.8905087,
          31.1644788
        ]
      },
      "id": "node/11922025771"
    },
    {
      "type": "Feature",
      "properties": {
        "@id": "node/11922048869",
        "name:en": "Shortcut to Ikkiss",
        "tourism": "attraction"
      },
      "geometry": {
        "type": "Point",
        "coordinates": [
          -7.8850234,
          31.1585482
        ]
      },
      "id": "node/11922048869"
    },
    {
      "type": "Feature",
      "properties": {
        "@id": "node/11926871569",
        "name:en": "BERTAM DUNES",
        "tourism": "attraction"
      },
      "geometry": {
        "type": "Point",
        "coordinates": [
          -5.8087617,
          29.8704361
        ]
      },
      "id": "node/11926871569"
    },
    {
      "type": "Feature",
      "properties": {
        "@id": "node/11940385877",
        "name": "Jardin bio-aromatique d‘Ourika",
        "tourism": "attraction",
        "url": "https://www.jardin-bioaromatique-ourika.com"
      },
      "geometry": {
        "type": "Point",
        "coordinates": [
          -7.7843858,
          31.3803802
        ]
      },
      "id": "node/11940385877"
    },
    {
      "type": "Feature",
      "properties": {
        "@id": "node/12058037869",
        "name": "Station de Pisciculture Ras El Ma",
        "tourism": "attraction"
      },
      "geometry": {
        "type": "Point",
        "coordinates": [
          -5.1485279,
          33.464258
        ]
      },
      "id": "node/12058037869"
    },
    {
      "type": "Feature",
      "properties": {
        "@id": "node/12348515971",
        "name": "Scenic drive",
        "tourism": "attraction"
      },
      "geometry": {
        "type": "Point",
        "coordinates": [
          -6.0241877,
          31.429743
        ]
      },
      "id": "node/12348515971"
    },
    {
      "type": "Feature",
      "properties": {
        "@id": "node/12372376457",
        "name": "Dakhla quad",
        "tourism": "attraction"
      },
      "geometry": {
        "type": "Point",
        "coordinates": [
          -15.7868902,
          23.901923
        ]
      },
      "id": "node/12372376457"
    },
    {
      "type": "Feature",
      "properties": {
        "@id": "node/12417309503",
        "name": "دوار اسفاو",
        "name:en": "Douar asafaw",
        "tourism": "attraction"
      },
      "geometry": {
        "type": "Point",
        "coordinates": [
          -10.3172743,
          28.4653904
        ]
      },
      "id": "node/12417309503"
    },
    {
      "type": "Feature",
      "properties": {
        "@id": "node/12417309504",
        "name": "Tagadirt",
        "tourism": "attraction"
      },
      "geometry": {
        "type": "Point",
        "coordinates": [
          -10.3139606,
          28.4740739
        ]
      },
      "id": "node/12417309504"
    },
    {
      "type": "Feature",
      "properties": {
        "@id": "node/12417309505",
        "name:en": "Tagadirt",
        "tourism": "attraction"
      },
      "geometry": {
        "type": "Point",
        "coordinates": [
          -10.3141022,
          28.4741938
        ]
      },
      "id": "node/12417309505"
    },
    {
      "type": "Feature",
      "properties": {
        "@id": "node/12417309507",
        "name": "حقول",
        "tourism": "attraction"
      },
      "geometry": {
        "type": "Point",
        "coordinates": [
          -10.319878,
          28.4712685
        ]
      },
      "id": "node/12417309507"
    },
    {
      "type": "Feature",
      "properties": {
        "@id": "node/12417309508",
        "name": "حقول",
        "tourism": "attraction"
      },
      "geometry": {
        "type": "Point",
        "coordinates": [
          -10.3202566,
          28.4712685
        ]
      },
      "id": "node/12417309508"
    },
    {
      "type": "Feature",
      "properties": {
        "@id": "node/12417309701",
        "addr:postcode": "70000",
        "name": "زاوية ايت بوهو",
        "tourism": "attraction"
      },
      "geometry": {
        "type": "Point",
        "coordinates": [
          -10.6168477,
          28.3488307
        ]
      },
      "id": "node/12417309701"
    },
    {
      "type": "Feature",
      "properties": {
        "@id": "node/12417309801",
        "name": "زاوية ناحية 3",
        "tourism": "attraction"
      },
      "geometry": {
        "type": "Point",
        "coordinates": [
          -10.5643981,
          28.3910923
        ]
      },
      "id": "node/12417309801"
    },
    {
      "type": "Feature",
      "properties": {
        "@id": "node/12417309905",
        "name": "التواغيل",
        "tourism": "attraction"
      },
      "geometry": {
        "type": "Point",
        "coordinates": [
          -10.3201048,
          28.471767
        ]
      },
      "id": "node/12417309905"
    },
    {
      "type": "Feature",
      "properties": {
        "@id": "node/12417310003",
        "name": "حقول",
        "tourism": "attraction"
      },
      "geometry": {
        "type": "Point",
        "coordinates": [
          -10.3198562,
          28.4713133
        ]
      },
      "id": "node/12417310003"
    },
    {
      "type": "Feature",
      "properties": {
        "@id": "node/12462535335",
        "name": "Grotte Thami 2",
        "tourism": "attraction"
      },
      "geometry": {
        "type": "Point",
        "coordinates": [
          -4.872797,
          33.8511581
        ]
      },
      "id": "node/12462535335"
    },
    {
      "type": "Feature",
      "properties": {
        "@id": "node/12463557901",
        "name": "سناتو سيدي محمد",
        "name:ar": "سناتو سيدي محمد",
        "name:en": "Snatou Sidi Mhammed",
        "tourism": "attraction"
      },
      "geometry": {
        "type": "Point",
        "coordinates": [
          -4.3314314,
          33.4535575
        ]
      },
      "id": "node/12463557901"
    },
    {
      "type": "Feature",
      "properties": {
        "@id": "node/12463558001",
        "name": "إيسوكا",
        "name:en": "Issouka",
        "tourism": "attraction"
      },
      "geometry": {
        "type": "Point",
        "coordinates": [
          -4.3491589,
          33.4420851
        ]
      },
      "id": "node/12463558001"
    },
    {
      "type": "Feature",
      "properties": {
        "@id": "node/12463558101",
        "name": "تجلمانت",
        "name:en": "Tajelmant",
        "tourism": "attraction"
      },
      "geometry": {
        "type": "Point",
        "coordinates": [
          -4.4113621,
          33.5051372
        ]
      },
      "id": "node/12463558101"
    },
    {
      "type": "Feature",
      "properties": {
        "@id": "node/12466883805",
        "addr:city": "Agadir ⴰⴳⴰⴷⵉⵔ أگادير",
        "addr:place": "Anza",
        "archaeological_site": "petroglyph_(fels",
        "name": "Dinosaur's Footprints ANZA",
        "tourism": "attraction"
      },
      "geometry": {
        "type": "Point",
        "coordinates": [
          -9.6610329,
          30.4461302
        ]
      },
      "id": "node/12466883805"
    },
    {
      "type": "Feature",
      "properties": {
        "@id": "node/12505567547",
        "description": "Please respect fishermen living here.",
        "name:en": "Collapse",
        "name:fr": "Effondrements",
        "tourism": "attraction"
      },
      "geometry": {
        "type": "Point",
        "coordinates": [
          -15.2859643,
          24.3534457
        ]
      },
      "id": "node/12505567547"
    },
    {
      "type": "Feature",
      "properties": {
        "@id": "node/12511002094",
        "building": "yes",
        "description": "Mackenzie’s factory is another name for the trading post of the North West Africa Trading Company, established by Scotsman, Donald Mackenzie in 1882 during the ‘Scramble for Africa’.",
        "name": "Casa del Mar",
        "name:en": "Mackenzie's Factory",
        "tourism": "attraction",
        "website": "https://sahara-overland.com/2017/09/25/f-is-for-flooding-the-sahara/",
        "wikidata": "Q38096006",
        "wikipedia": "ar:دار_البحر"
      },
      "geometry": {
        "type": "Point",
        "coordinates": [
          -12.9309627,
          27.946201
        ]
      },
      "id": "node/12511002094"
    },
    {
      "type": "Feature",
      "properties": {
        "@id": "node/12695207851",
        "barrier": "entrance",
        "level": "0",
        "name": "Bab El Mechouar",
        "tourism": "attraction",
        "wikipedia": "fr:Bab el-Mechouar"
      },
      "geometry": {
        "type": "Point",
        "coordinates": [
          -9.7717674,
          31.5111051
        ]
      },
      "id": "node/12695207851"
    },
    {
      "type": "Feature",
      "properties": {
        "@id": "node/12696763418",
        "name": "Ksar Abouam",
        "tourism": "attraction"
      },
      "geometry": {
        "type": "Point",
        "coordinates": [
          -4.269052,
          31.2817805
        ]
      },
      "id": "node/12696763418"
    },
    {
      "type": "Feature",
      "properties": {
        "@id": "node/12696770593",
        "name": "Stadttor",
        "tourism": "attraction"
      },
      "geometry": {
        "type": "Point",
        "coordinates": [
          -4.270556,
          31.282423
        ]
      },
      "id": "node/12696770593"
    },
    {
      "type": "Feature",
      "properties": {
        "@id": "node/12700473101",
        "name": "Banana point",
        "tourism": "attraction"
      },
      "geometry": {
        "type": "Point",
        "coordinates": [
          -9.6834593,
          30.5022102
        ]
      },
      "id": "node/12700473101"
    },
    {
      "type": "Feature",
      "properties": {
        "@id": "node/12718991285",
        "name": "Tombouctou 52 jours",
        "tourism": "attraction"
      },
      "geometry": {
        "type": "Point",
        "coordinates": [
          -5.8361221,
          30.3190626
        ]
      },
      "id": "node/12718991285"
    },
    {
      "type": "Feature",
      "properties": {
        "@id": "node/12762351001",
        "name": "ديناصور أنزا",
        "name:en": "dinosaur anza",
        "tourism": "attraction"
      },
      "geometry": {
        "type": "Point",
        "coordinates": [
          -9.6611686,
          30.4462521
        ]
      },
      "id": "node/12762351001"
    },
    {
      "type": "Feature",
      "properties": {
        "@id": "node/12820426257",
        "name": "Dunes",
        "tourism": "attraction"
      },
      "geometry": {
        "type": "Point",
        "coordinates": [
          -10.8526829,
          28.8379303
        ]
      },
      "id": "node/12820426257"
    },
    {
      "type": "Feature",
      "properties": {
        "@id": "node/12820426258",
        "name": "Dunes",
        "tourism": "attraction"
      },
      "geometry": {
        "type": "Point",
        "coordinates": [
          -10.8564769,
          28.835388
        ]
      },
      "id": "node/12820426258"
    },
    {
      "type": "Feature",
      "properties": {
        "@id": "node/12844672795",
        "check_date": "2025-05-17",
        "name": "Place des Nations Unies ساحة الأمم المتحدة",
        "name:ar": "ساحة الأمم المتحدة",
        "name:en": "United Nations Square",
        "name:es": "Plaza de las Naciones Unidas",
        "name:fr": "Place des Nations Unies",
        "name:he": "כיכר האומות המאוחדות",
        "name:hi": "संयुक्त राष्ट्र वर्ग",
        "name:ja": "国連広場",
        "old_name:es": "Plaza Maréchal",
        "old_name:fr": "Place Maréchal",
        "place": "square",
        "surface": "asphalt",
        "tourism": "attraction",
        "wikidata": "Q56277500",
        "wikimedia_commons": "Category:United Nations Square (Casablanca)",
        "wikipedia": "es:Plaza de las Naciones Unidas (Casablanca)"
      },
      "geometry": {
        "type": "Point",
        "coordinates": [
          -7.6186635,
          33.5949962
        ]
      },
      "id": "node/12844672795"
    },
    {
      "type": "Feature",
      "properties": {
        "@id": "node/12879587864",
        "addr:city": "Ait Hassan آيت حسان ⴰⵢⵜ ⵃⴰⵙⵙⴰⵏ",
        "addr:place": "Aït Hassan آيت حسان ⴰⵢⵜ ⵃⴰⵙⴰⵏ",
        "ele": "1600",
        "name": "شلال آيت حسان",
        "name:en": "Ait Hassan Waterfall",
        "tourism": "attraction"
      },
      "geometry": {
        "type": "Point",
        "coordinates": [
          -4.0363092,
          33.4957775
        ]
      },
      "id": "node/12879587864"
    },
    {
      "type": "Feature",
      "properties": {
        "@id": "node/12954586601",
        "name": "Camping Afnan Agafay",
        "tourism": "attraction"
      },
      "geometry": {
        "type": "Point",
        "coordinates": [
          -8.1472172,
          31.3942349
        ]
      },
      "id": "node/12954586601"
    },
    {
      "type": "Feature",
      "properties": {
        "@id": "node/12981057001",
        "man_made": "water_well",
        "name:ar": "ارض محمد المصطفي بيغريسن",
        "tourism": "attraction"
      },
      "geometry": {
        "type": "Point",
        "coordinates": [
          -10.2962918,
          28.4837866
        ]
      },
      "id": "node/12981057001"
    },
    {
      "type": "Feature",
      "properties": {
        "@id": "node/13049703407",
        "addr:city": "Ait Hassan آيت حسان ⴰⵢⵜ ⵃⴰⵙⵙⴰⵏ",
        "addr:place": "Ait Hassan آيت حسان ⴰⵢⵜ ⵃⴰⵙⵙⴰⵏ",
        "name": "إيروكان  Iroukan",
        "name:ar": "إيروكان",
        "name:fr": "Iroukan",
        "tourism": "attraction"
      },
      "geometry": {
        "type": "Point",
        "coordinates": [
          -4.0355791,
          33.4865197
        ]
      },
      "id": "node/13049703407"
    },
    {
      "type": "Feature",
      "properties": {
        "@id": "node/13049797190",
        "addr:city": "آيت حسان  Ait Hassan  ⴰⵢⵜ ⵃⴰⵙⴰⵏ",
        "addr:place": "Bouguillas بوغيلاس ⴱⵓⴳⵉⵍⴰⵙ",
        "name": "منزل فاجعة بوغيلاس 1984. Bugilas Tragedy House 1984",
        "name:ar": "منزل فاجعة بوغيلاس 1984",
        "name:en": "Bugilas Tragedy House 1984",
        "tourism": "attraction"
      },
      "geometry": {
        "type": "Point",
        "coordinates": [
          -4.0353102,
          33.4884583
        ]
      },
      "id": "node/13049797190"
    },
    {
      "type": "Feature",
      "properties": {
        "@id": "node/13049808868",
        "addr:city": "Ait Hassan آيت حسان ⴰⵢⵜ ⵃⴰⵙⵙⴰⵏ",
        "addr:place": "Ait Hassan آيت حسان ⴰⵢⵜ ⵃⴰⵙⵙⴰⵏ",
        "name": "تزبين منحدر خطير Tizbin - Dangerous slope",
        "tourism": "attraction"
      },
      "geometry": {
        "type": "Point",
        "coordinates": [
          -4.0399823,
          33.4927284
        ]
      },
      "id": "node/13049808868"
    },
    {
      "type": "Feature",
      "properties": {
        "@id": "node/13049941901",
        "addr:city": "آيت حسان",
        "addr:street": "أ",
        "name": "أملاملي  Amlamli",
        "name:ar": "أملاملي",
        "name:fr": "Amlamli",
        "tourism": "attraction"
      },
      "geometry": {
        "type": "Point",
        "coordinates": [
          -4.0468135,
          33.4990098
        ]
      },
      "id": "node/13049941901"
    },
    {
      "type": "Feature",
      "properties": {
        "@id": "node/13075419550",
        "addr:city": "آيت حسان",
        "addr:street": "طريق المسارح منطقة آيت حسان",
        "name": "أفتيس ومالو مكان استشهاد مقاوم عائلة انشريفن",
        "tourism": "attraction"
      },
      "geometry": {
        "type": "Point",
        "coordinates": [
          -4.0466642,
          33.4999077
        ]
      },
      "id": "node/13075419550"
    },
    {
      "type": "Feature",
      "properties": {
        "@id": "node/13178376001",
        "tourism": "attraction"
      },
      "geometry": {
        "type": "Point",
        "coordinates": [
          -4.9902,
          35.37558
        ]
      },
      "id": "node/13178376001"
    },
    {
      "type": "Feature",
      "properties": {
        "@id": "node/13190415814",
        "name": "Photospot",
        "tourism": "attraction"
      },
      "geometry": {
        "type": "Point",
        "coordinates": [
          -5.9235866,
          35.7906624
        ]
      },
      "id": "node/13190415814"
    },
    {
      "type": "Feature",
      "properties": {
        "@id": "node/13190415816",
        "name": "Terrasse Sweet Sunset",
        "tourism": "attraction"
      },
      "geometry": {
        "type": "Point",
        "coordinates": [
          -5.92387,
          35.7908443
        ]
      },
      "id": "node/13190415816"
    },
    {
      "type": "Feature",
      "properties": {
        "@id": "node/13192124654",
        "name": "Al-Ajiba Zauia",
        "tourism": "attraction"
      },
      "geometry": {
        "type": "Point",
        "coordinates": [
          -5.2614867,
          35.169704
        ]
      },
      "id": "node/13192124654"
    },
    {
      "type": "Feature",
      "properties": {
        "@id": "node/13192124671",
        "name": "Rif Al-Andalus Msid",
        "tourism": "attraction"
      },
      "geometry": {
        "type": "Point",
        "coordinates": [
          -5.2609712,
          35.1693571
        ]
      },
      "id": "node/13192124671"
    },
    {
      "type": "Feature",
      "properties": {
        "@id": "node/13192124677",
        "name": "Ben Abdelhadi Oven",
        "tourism": "attraction"
      },
      "geometry": {
        "type": "Point",
        "coordinates": [
          -5.2602785,
          35.169334
        ]
      },
      "id": "node/13192124677"
    },
    {
      "type": "Feature",
      "properties": {
        "@id": "node/13192124686",
        "name": "Al-Haouta Oven",
        "tourism": "attraction"
      },
      "geometry": {
        "type": "Point",
        "coordinates": [
          -5.2635495,
          35.1688277
        ]
      },
      "id": "node/13192124686"
    },
    {
      "type": "Feature",
      "properties": {
        "@id": "node/13192147703",
        "name": "The Rif Andalus Oven",
        "tourism": "attraction"
      },
      "geometry": {
        "type": "Point",
        "coordinates": [
          -5.2617357,
          35.1699046
        ]
      },
      "id": "node/13192147703"
    },
    {
      "type": "Feature",
      "properties": {
        "@id": "node/13192147706",
        "name": "The Aboudi House",
        "tourism": "attraction"
      },
      "geometry": {
        "type": "Point",
        "coordinates": [
          -5.2595556,
          35.1698523
        ]
      },
      "id": "node/13192147706"
    },
    {
      "type": "Feature",
      "properties": {
        "@id": "node/13239566419",
        "name": "dunes",
        "tourism": "attraction"
      },
      "geometry": {
        "type": "Point",
        "coordinates": [
          -16.3969827,
          21.8455892
        ]
      },
      "id": "node/13239566419"
    },
    {
      "type": "Feature",
      "properties": {
        "@id": "node/13239566474",
        "name": "dunes",
        "tourism": "attraction"
      },
      "geometry": {
        "type": "Point",
        "coordinates": [
          -16.4137927,
          21.8615662
        ]
      },
      "id": "node/13239566474"
    },
    {
      "type": "Feature",
      "properties": {
        "@id": "node/13283252604",
        "barrier": "sally_port",
        "name": "Bab Ghemat",
        "tourism": "attraction"
      },
      "geometry": {
        "type": "Point",
        "coordinates": [
          -7.974541,
          31.6238691
        ]
      },
      "id": "node/13283252604"
    },
    {
      "type": "Feature",
      "properties": {
        "@id": "node/13326368301",
        "name": "Timoulay n‘Ouamalougt",
        "tourism": "attraction"
      },
      "geometry": {
        "type": "Point",
        "coordinates": [
          -9.3655094,
          29.2125967
        ]
      },
      "id": "node/13326368301"
    },
    {
      "type": "Feature",
      "properties": {
        "@id": "node/13326368501",
        "name": "Timoulay n‘Ouamalougt Lalla Mlouka",
        "tourism": "attraction"
      },
      "geometry": {
        "type": "Point",
        "coordinates": [
          -9.3651343,
          29.2114412
        ]
      },
      "id": "node/13326368501"
    },
    {
      "type": "Feature",
      "properties": {
        "@id": "node/13542841499",
        "name": "Kasbah Jacques Majorelle Anmiter",
        "tourism": "attraction"
      },
      "geometry": {
        "type": "Point",
        "coordinates": [
          -7.1451779,
          31.286538
        ]
      },
      "id": "node/13542841499"
    },
    {
      "type": "Feature",
      "properties": {
        "@id": "node/13649432285",
        "name": "Granary of Ifry",
        "tourism": "attraction"
      },
      "geometry": {
        "type": "Point",
        "coordinates": [
          -7.8381273,
          30.4445227
        ]
      },
      "id": "node/13649432285"
    },
    {
      "type": "Feature",
      "properties": {
        "@id": "node/13653542872",
        "addr:city": "Marrakech",
        "addr:housename": "Ranch",
        "addr:postcode": "40000",
        "addr:street": "Route de Bourouss",
        "image": "https://www.theburnmarrakech.com/galerie?pgid=mdj6murn-c222f3cc-5224-4f49-8dd2-d2827f981681",
        "name": "The Burn Marrakech",
        "opening_hours": "10:00-21:00",
        "tourism": "attraction",
        "website": "https://www.theburnmarrakech.com/",
        "wikidata": "Q138684583",
        "wikimedia_commons": "File:Theburn-marrakech-palmeraie.jpg"
      },
      "geometry": {
        "type": "Point",
        "coordinates": [
          -7.8884897,
          31.7417636
        ]
      },
      "id": "node/13653542872"
    },
    {
      "type": "Feature",
      "properties": {
        "@id": "node/13707578401",
        "name": "Signpost of Atlantic & Mediterranean",
        "tourism": "attraction"
      },
      "geometry": {
        "type": "Point",
        "coordinates": [
          -5.9272303,
          35.7876727
        ]
      },
      "id": "node/13707578401"
    },
    {
      "type": "Feature",
      "properties": {
        "@id": "node/13721433802",
        "name": "Coquillages fossiles",
        "tourism": "attraction"
      },
      "geometry": {
        "type": "Point",
        "coordinates": [
          -5.9442298,
          31.5170193
        ]
      },
      "id": "node/13721433802"
    },
    {
      "type": "Feature",
      "properties": {
        "@id": "node/13727084754",
        "addr:street": "Rue Talâa Saghira",
        "charge": "20 MAD",
        "fee": "yes",
        "name": "Médersa Bou Inania المدرسة البوعنانية",
        "name:ar": "المدرسة البوعنانية",
        "name:en": "Bou Inania Madrasa",
        "name:fr": "Médersa Bou Inania",
        "name:ja": "ブー イナニア マドラサ",
        "name:zh": "阿布伊南古兰经学院",
        "tourism": "attraction",
        "wikidata": "Q29660",
        "wikimedia_commons": "Category:Bou Inania Madrasa, Fes",
        "wikipedia": "en:Bou Inania Madrasa"
      },
      "geometry": {
        "type": "Point",
        "coordinates": [
          -4.9826927,
          34.0622514
        ]
      },
      "id": "node/13727084754"
    },
    {
      "type": "Feature",
      "properties": {
        "@id": "node/13740449101",
        "name": "Felskante im Draa Tal bei Foum-Zguid",
        "tourism": "attraction"
      },
      "geometry": {
        "type": "Point",
        "coordinates": [
          -6.5950159,
          29.9840337
        ]
      },
      "id": "node/13740449101"
    },
    {
      "type": "Feature",
      "properties": {
        "@id": "node/13740449103",
        "name": "Inzerki, Rucher d`Inzerki 4000 Ruinen von Bienenstöcken",
        "tourism": "attraction"
      },
      "geometry": {
        "type": "Point",
        "coordinates": [
          -9.191169,
          30.799046
        ]
      },
      "id": "node/13740449103"
    },
    {
      "type": "Feature",
      "properties": {
        "@id": "node/13740450401",
        "name": "Klippen bei Foum-Zguid",
        "tourism": "attraction"
      },
      "geometry": {
        "type": "Point",
        "coordinates": [
          -6.7927054,
          29.8700692
        ]
      },
      "id": "node/13740450401"
    },
    {
      "type": "Feature",
      "properties": {
        "@id": "node/13740992903",
        "name": "Meski Aufstieg zum alten Ksar",
        "tourism": "attraction"
      },
      "geometry": {
        "type": "Point",
        "coordinates": [
          -4.2835704,
          31.8517437
        ]
      },
      "id": "node/13740992903"
    },
    {
      "type": "Feature",
      "properties": {
        "@id": "node/13740993102",
        "name": "Fischhalle",
        "tourism": "attraction"
      },
      "geometry": {
        "type": "Point",
        "coordinates": [
          -6.1435302,
          35.1971599
        ]
      },
      "id": "node/13740993102"
    },
    {
      "type": "Feature",
      "properties": {
        "@id": "node/13817461478",
        "name": "Bourmel",
        "name:ar": "فم الشعبة",
        "tourism": "attraction"
      },
      "geometry": {
        "type": "Point",
        "coordinates": [
          -9.8058204,
          29.8381233
        ]
      },
      "id": "node/13817461478"
    },
    {
      "type": "Feature",
      "properties": {
        "@id": "node/13901391827",
        "addr:city": "Marrakech",
        "addr:postcode": "40000",
        "addr:street": "Station Afriquia, Km 16 route d'Amizmiz",
        "attraction": "atv",
        "contact:instagram": "buggytripmarrakech",
        "contact:whatsapp": "+212 7 07 01 44 44",
        "country": "MA",
        "description": "Guided Can-Am buggy and quad tours in Agafay Desert. Meeting point and fleet base.",
        "email": "bookings@buggytripmarrakech.com",
        "name": "Buggy Trip Marrakech",
        "name:en": "Buggy Trip Marrakech",
        "name:fr": "Buggy Trip Marrakech",
        "office": "tour_operator",
        "opening_hours": "Mo-Su 08:00-21:00",
        "phone": "+212 7 07 01 44 44",
        "tourism": "attraction",
        "website": "https://buggytripmarrakech.com"
      },
      "geometry": {
        "type": "Point",
        "coordinates": [
          -8.0820568,
          31.443671
        ]
      },
      "id": "node/13901391827"
    },
    {
      "type": "Feature",
      "properties": {
        "@id": "node/14071629301",
        "name": "Tinsmiths Square",
        "tourism": "attraction"
      },
      "geometry": {
        "type": "Point",
        "coordinates": [
          -7.9847699,
          31.6196153
        ]
      },
      "id": "node/14071629301"
    },
    {
      "type": "Feature",
      "properties": {
        "@id": "node/14125660903",
        "name": "Jet Atlas",
        "tourism": "attraction"
      },
      "geometry": {
        "type": "Point",
        "coordinates": [
          -8.1303635,
          31.3491916
        ]
      },
      "id": "node/14125660903"
    }
  ]
}